smiles,MPPB,MBPB,MGMB,KSOL,HLM_CLint,MLM_CLint,Caco2_Papp,Caco2_Efflux,LogD
CN1CCC[C@H]1COc1ccc(-c2nc3cc(-c4ccc5[nH]c(-c6ccc(O)cc6)nc5c4)ccc3[nH]2)cc1,,,,,1.7512791039833422,2.260786668654976,,,
COc1ccc2c(c1)c1cc3cnccc3c(C)c1n2C,,,,,2.2052043639481447,3.130687493982032,,,
Cc1c2ccncc2cc2c3cc(OCCCN4CCN(C)CC4)ccc3n(C)c12,,,,,,2.28668096935493,,,
CN(C)CCCOc1ccc(-c2nc3cc(NC(=O)c4ccc5[nH]c(-c6ccc(OCCCN(C)C)cc6)nc5c4)ccc3[nH]2)cc1,,,,,0.9777236052888476,1.57978359661681,,,
CN(C)CCCOc1ccc2nc(-c3ccc(-c4nc5ccc(OCCCN(C)C)cc5[nH]4)c(F)c3)[nH]c2c1,,,6.906754778648553,,0.9344984512435676,2.2095150145426308,,,
CN(C)CC(O)COc1ccc2nc(-c3ccc(-c4nc5ccc(OCC(O)CN(C)C)cc5[nH]4)c(F)c3)[nH]c2c1,,,,,1.276461804173244,1.8075350280688531,,,
COc1ccc(-c2nc3ccc(OCCCN(C)C)cc3[nH]2)cc1NC(=O)c1cccc(NC(=O)c2ncc[nH]2)c1,,,,,1.173186268412274,1.82020145948564,,,
Cc1ccc(-c2nc3ccccc3[nH]2)cc1NC(=O)c1cccc(-c2nc3cc(OCCCN(C)C)ccc3[nH]2)c1,,,,,1.1760912590556811,2.2227164711475837,,,
CN(C)C[C@H](O)COc1ccc2nc(-c3ccc(-c4nc5ccc(OC[C@@H](O)CN(C)C)cc5[nH]4)c(F)c3)[nH]c2c1,,,,,0.9344984512435676,1.57978359661681,,,
COc1ccc2nc(-c3ccc(-c4nc5ccc(OCCCC(=N)N)cc5[nH]4)cc3)[nH]c2c1,,,,,2.3861421089308186,1.8904210188009145,,,
CN(C)C1CCN(c2ccc3nc(-c4ccc(-c5nc6ccc(N7CCC(N(C)C)CC7)cc6[nH]5)cc4)[nH]c3c2)CC1,,,,,0.9444826721501688,1.57978359661681,,,
CN(C)CCCOc1ccc2nc(-c3cccc4nc(-c5ccncc5)[nH]c34)[nH]c2c1,,,,,0.8692317197309762,2.534026106056135,,,
CN(C)CCCOc1ccc(-c2nc3cc(-c4ccc5[nH]c(N)nc5c4)ccc3[nH]2)cc1,,,,,1.1522883443830565,1.91803033678488,,,
CN(C)CCCOc1ccc(-c2nc3cc(-c4ccc5[nH]cnc5c4)ccc3[nH]2)cc1,,,,,1.276461804173244,2.526339277389844,,,
CN(C)Cc1ccc(CNC(=O)Nc2ccc3nnsc3c2)cc1,,,,,0.99563519459755,2.255272505103306,,,
CN(C)CCOc1ccc(CNC(=O)Nc2ccc3nnsc3c2)cc1,,,,,1.1931245983544616,2.3981136917305026,,,
CC(NC(=O)Nc1ccc2nnsc2c1)c1cnn(C)c1,,,,,0.9344984512435676,1.5563025007672873,,,
O=C(NCc1cn[nH]c1)Nc1ccc2nnsc2c1,,,,,0.9684829485539352,3.310587114890355,,,
O=C(NCc1ccc(CO)o1)Nc1ccc2nnsc2c1,,,,,0.9344984512435676,1.57978359661681,,,
CN1CCC(C(=O)NCc2cccc(CNC(=O)Nc3ccc4nnsc4c3)c2)CC1,,,,,0.9590413923210936,1.7387805584843692,,,
O=C(NCc1cccc(CNC(=O)c2nc3ccccc3[nH]2)c1)Nc1ccc2nnsc2c1,,,,,1.73559889969818,2.8184238550920786,,,
CNCC(=O)NCc1cccc(CNC(=O)Nc2ccc3nnsc3c2)c1,,,,,0.9344984512435676,1.57978359661681,,,
CN(C)CCCOc1ccc(CNC(=O)Nc2ccc3ncccc3c2)cc1,,,,,0.9344984512435676,1.5954962218255742,,,
CN(C)CCCOc1ccc(CNC(=O)Nc2ccc3ncsc3c2)cc1,,,,,0.9344984512435676,1.8394780473741985,,,
COc1ccc2nc(-c3ccc(-c4nc5ccc(OCCCNC(=N)N(C)C)cc5[nH]4)cc3)[nH]c2c1,,,,,2.239049093140192,1.9854264740830017,,,
CN(C)C(=N)NCCCOc1ccc2nc(-c3ccc(-c4nc5ccc(O)cc5[nH]4)cc3)[nH]c2c1,,,,,0.9344984512435676,1.57978359661681,,,
CN(C)CCCOc1ccc(CNC(=O)Nc2ccc3cnccc3c2)cc1,,,,,1.1986570869544226,2.8298181874388777,,,
NCc1cccc(CNC(=O)Nc2ccc3ncccc3c2)c1,,,,,2.090610707828407,2.6424645202421213,,,
COc1ccc2c(c1)c1cc3c(C(=O)N[C@H](C)CN(C)C)nccc3c(C)c1n2C,,,,,,3.6112877333244167,,,
Cc1c2ccncc2cc2c3cc(OCCN(C)C)ccc3n(C)c12,2.903110783673593,,,-3.9172146296835497,,2.621280167550415,,,
Cc1c2ccncc2cc2c3cc(OCCCN4CCOCC4)ccc3n(C)c12,,,,,1.0293837776852095,2.7134905430939424,,,
Cc1c2ccncc2cc2c3cc(OCCCN4CCCC4)ccc3n(C)c12,,,,,,2.437433443797971,,,
CCN(CC)CCCOc1ccc2c(c1)c1cc3cnccc3c(C)c1n2C,,,,,,2.3866772839608377,,,
Cc1c2ccncc2cc2c3cc(OCCN4CCOCC4)ccc3n(C)c12,,,,,1.0293837776852095,2.835690571492425,,,
Cc1c2ccncc2cc2c3cc(OCC(N)=O)ccc3n(C)c12,,,,,1.6646419755561257,2.6009728956867484,,,
Cc1c2ccncc2cc2c3cc(C(=O)NCCN(C)C)ccc3n(C)c12,,,,,,2.5118833609788744,,,
COc1ccc2c(c1)c1cc(C(=O)NCCCN(C)C)nc(C)c1n2C,1.1691978901493258,,,-3.739928612014925,,2.682776646314434,,,
Cc1nc(C(=O)NCCCN(C)C)cc2c3cc(OCCCN(C)C)ccc3n(C)c12,-0.4937948768510523,,,-3.692503962086787,,2.4394905903896835,,,
Cc1nc(C(=O)NCCN(C)C)cc2c3cc(OCCCN(C)C)ccc3n(C)c12,0.5322168137473082,,,-3.649751981665837,0.9344984512435676,2.335858911319818,,,
Cc1c2ccncc2cc2c3cc(OCC4=NCCN4)ccc3n(C)c12,,,,,0.9344984512435676,2.367355921026019,,,
CN(C)CCCNC(=O)c1cc2c3cc(OCCCN(C)C)ccc3n(C)c2cn1,0.2452214924475252,,,-3.744727494896694,0.9344984512435676,2.110252917353403,,,
CN(C)CCCOc1ccc2c(c1)c1cc(C(=O)NCCN(C)C)ncc1n2C,-1.0511725635965488,,,-3.712198270069774,,1.6148972160331343,,,
CNC(=O)COc1ccc2c(c1)c1cc3cnccc3c(C)c1n2C,4.254599024987376,,,-4.903089986991944,1.6893088591236205,2.8677620246502005,,,
COc1ccc2c(c1)c1cc3c(C(=O)NCCN(C)C)nccc3c(C)c1n2C,3.287572356154438,,,-3.8041003475907664,,3.5218047109308914,,,
Cc1c2ccncc2cc2c3cc(OCCN4CCCCC4)ccc3n(C)c12,3.346803309596356,,,-3.853871964321762,1.100370545117563,2.473778834646725,,,
Cc1c2ccncc2cc2c3cc(OCCN)ccc3n(C)c12,3.5110306383048497,,,-3.8068754016455375,1.1335389083702174,2.15896526038341,,,
COc1ccc2c(c1)c1cc3c(C(=O)NCCCN(C)C)nccc3c(C)c1n2C,,,,,0.9344984512435676,3.1543935379569974,,,
Cc1c2ccncc2cc2c3cc(OCCN4CCN(C)CC4)ccc3n(C)c12,3.705408756065146,,,-3.625251653989896,1.24551266781415,2.426185825244511,,,
CCN(CC)CCOc1ccc2c(c1)c1cc3cnccc3c(C)c1n2C,3.442277407405623,,,-3.6108339156354674,1.1038037209559568,2.375663613960885,,,
COc1ccc2c(c1)c1cc3ccncc3c(C)c1n2C,4.820281565605036,,,-5.806875401645539,1.9576072870600956,3.163399932786864,,,
Cc1c2ccncc2cc2c3ccc(OCC4=NCCN4)cc3n(C)c12,,,,,,2.7866804531966487,,,
COc1ccc2oc3c(C)c4ccncc4cc3c2c1,5.109977737428537,,,-5.806875401645539,2.049605612594973,2.4367985102318035,,,
Cc1c2ccncc2cc2c3cc(OC[C@H]4CCCN4)ccc3n(C)c12,3.2591354991539,,,-3.7594507517174,,2.3246939138617746,,,
Cc1c2ccncc2cc2c3c(OCC4=NCCN4)cccc3n(C)c12,,,,,1.271841606536499,2.7626035495668035,,,
Cc1c2ccncc2cc2c3cc(OC[C@@H]4CCCN4)ccc3n(C)c12,3.999219550458301,,,-3.6439741428068775,0.9344984512435676,2.358315640082196,,,
Cc1c2ccncc2cc2c3cc(OCC(=O)N(C)C)ccc3n(C)c12,4.057395776090949,,,-5.111820506081675,1.8175653695597809,2.938469688367645,,,
Cc1nc(C(=O)NCCCN(C)C)cc2c3cc(OCCN4CCOCC4)ccc3n(C)c12,0.1161303378418818,,,-3.823908740944319,,2.697316541732383,,,
Cc1nc(C(=O)NCCCN(C)C)cc2c3cc(OCC4=NCCN4)ccc3n(C)c12,,,,,,1.7528164311882717,,,
CN(C)CCCNc1nc(Nc2ccncc2)nc2ccccc12,,,,,,,-5.380906669373258,0.2833012287035495,1.5
CCn1c2ccc(OCC3=NCCN3)cc2c2cc3cnccc3c(C)c21,4.254599024987376,,,-3.694648630553376,0.9344984512435676,2.6858312746260635,,,
Cc1c2ccncc2cc2c3cc(OCC4=NCCN4C)ccc3n(C)c12,2.8247744754103525,,,-4.126679398184601,,2.3881012015705165,,,
Cn1c2ccc(OCCN3CCOCC3)cc2c2cc3cnccc3cc21,3.999219550458301,,,-3.6819366650372394,1.462397997898956,3.13510083376572,,,
Cc1c2ccncc2cc2c1sc1ccc(OCCN3CCOCC3)cc12,,,,,1.6580113966571124,3.3685843723574846,,,
Cc1c2ccncc2cc2c3cc(OCC4=NCCN4)ccc3n(C(C)C)c12,,,,,0.9344984512435676,2.607562243183588,,,
Cc1c2ccncc2cc2c3cc(C(N)=O)ccc3n(C)c12,4.057395776090949,,,-5.806875401645539,1.8656960599160703,3.1478308499434595,,,
CNC(=O)c1ccc2c(c1)c1cc3cnccc3c(C)c1n2C,4.057395776090949,,,-5.806875401645539,1.6138418218760693,2.345961541813141,,,
Cc1c2ccncc2cc2c3cc(C(=O)NCCO)ccc3n(C)c12,,,,,1.2148438480476975,2.281941933440825,,,
COCCNC(=O)c1ccc2c(c1)c1cc3cnccc3c(C)c1n2C,2.769405695679659,,,-3.8416375079047502,1.6020599913279625,3.278799313755556,,,
Cc1c2ccncc2cc2c3cc(OC[C@H](C)N)ccc3n(C)c12,,,,,,1.8518696007297664,,,
Cc1nc(C(N)=O)cc2c3cc(OCCN4CCOCC4)ccc3n(C)c12,2.376272808785205,,,-4.838631997765025,1.0681858617461617,3.2046896204203605,,,
Cc1c2ccnc(C(=O)N[C@H](C)CN(C)C)c2cc2c3ccc(OCCCN4CCN(C)CC4)cc3n(C)c12,2.389199565830816,,,-3.690369832574101,1.1931245983544616,3.021437396467089,,,
Cn1c2ccc(OCCN3CCOCC3)cc2c2cc3ncccc3cc21,3.1026032757593933,,,-3.9706162223147903,1.5185139398778875,3.553761698390004,,,
CN(C)CCOc1ccc2c(c1)c1cc3ncccc3cc1n2C,2.4288369676832486,,,-3.6516951369518393,1.3324384599156054,3.2921895926234988,,,
Cc1c2ccncc2cc2c3cc(OCCN4CCC(O)CC4)ccc3n(C)c12,3.5471512942852343,,,-3.665546248849069,1.2648178230095364,2.2487087356009177,,,
Cc1c2ccncc2cc2c3cc(OCCN4CCC(F)CC4)ccc3n(C)c12,4.329720681971944,,,-3.869666231504994,1.424881636631067,2.7364761820276966,,,
Cc1c2ccncc2cc2c3cc(OC[C@H](C)N(C)C)ccc3n(C)c12,3.999219550458301,,,-3.684029654543082,1.1205739312058498,2.416141031168329,,,
Cc1c2c(cc3c4cc(OCC5=NCCN5)ccc4n(C)c13)C(=O)NCC2,1.9367984687040585,,,-3.7670038896078464,1.3138672203691537,2.244277120801843,,,
Cn1c2ccc(OCC3=NCCN3)cc2c2cc3cnccc3cc21,2.5866893440979437,,,-3.714442690992226,,2.837399024342022,,,
CN(C)CCOc1ccc2c(c1)c1cc3cnccc3cc1n2C,2.4154781433562365,,,-3.769551078621726,1.290034611362518,2.567496891104222,,,
Cc1c2ccnc(C(=O)N[C@H](C)CN(C)C)c2cc2c3c(OCCCN4CCN(C)CC4)cccc3n(C)c12,3.748992436113632,,,-3.835647144215563,1.3560258571931227,2.0867156639448825,,,
Cc1nc(C(N)=O)cc2c3cc(OCC4=NCCN4)ccc3n(C)c12,0.8953840470548413,,,-3.7375489102695703,,2.388633969351789,,,
Cn1c2ccc(OCCN3CCCCC3)cc2c2nc3cnccc3nc21,1.3309637158028425,,,-3.774690718274137,1.0492180226701815,2.6513749439130434,,,
Cc1c2ccncc2cc2c3cc(C#N)ccc3n(C)c12,,,,,2.1357685145678222,2.9540977204791896,,,
CN(C)CCNC(=O)c1ccc2c(c1)c1cc3ccncc3nc1n2C,,,,,,2.8687619582120503,,,
Cn1c2ccc(OCC3=NCCN3)cc2c2cc3ccncc3nc21,,,,,1.4456042032735976,3.058881339349561,,,
Cc1c2ccncc2cc2c3cc(N4CCN(C)CC4)ccc3n(C)c12,,,,,,2.475816413031318,,,
Cn1c2ccc(OCCN3CCOCC3)cc2c2nc3cnccc3nc21,1.2367626271489272,,,-3.886056647693163,1.3010299956639813,3.0514612443241838,,,
Cn1c2ccc(OCC(=N)N)cc2c2cc3cnccc3cc21,2.751535313041948,,,-4.464705879957229,,2.8344207036815328,,,
Cn1c2ccc(OCC3=NCCN3)cc2c2nc3cnccc3nc21,0.9099992046546748,,,-3.7878123955960414,,2.739414102698696,,,
Cc1c2c(cc3c4cc(OCC5=NCCN5)ccc4n(C)c13)C(=O)N(C)CC2,2.389199565830816,,,-3.8181564120552274,1.110589710299249,2.642563437104388,,,
CN(C)CCCNc1nccc2c1C(=O)c1c([nH]c3ccc(OCC4=NCCN4)cc13)C2=O,,,,,,1.5314789170422551,,,
Cc1c2ccncc2cc2c3cc(OCC4=NCCN4)cc(F)c3n(C)c12,,,,,1.100370545117563,3.0529246837077286,,,
CCn1c2ccc(OCC3=NCCN3)cc2c2cc3cnccc3cc21,1.8574547284934495,,,-3.832682665251824,1.3926969532596658,2.4375920322539613,,,
Cc1c2ccncc2cc2c3cc(OCCN(C)C)cc(F)c3n(C)c12,,,,,,2.902872785446079,,,
Cn1c2ccc(OCC(=N)N)cc2c2cc3ncccc3cc21,2.716615563961132,,,-4.106238237942057,1.1958996524092338,3.268016020781919,,,
COc1ccc(Nc2nccc(NCCc3ccncc3)n2)cc1,2.442347035369205,,,-4.17134010346468,2.020361282647708,3.0662513619689618,-4.578560609779951,-0.1079053973095195,2.8
CN(C)CCCn1ccc2nc3ccc(OCC4=NCCN4)cc3c-2c1,-0.9844989819006884,,,-3.684029654543082,,,,,
c1cc2cc3[nH]c4ccc(OCC5=NCCN5)cc4c3cc2cn1,-0.8188868585544241,,,-3.795880017344075,1.3579348470004535,2.286231854028553,,,
CNc1ccnc(N(CCc2cccnc2)c2ccnc(Nc3ccc(Cl)cc3)n2)n1,2.2540580520993854,,,-4.021363051615526,1.404833716619938,2.530583859645118,,,-0.1
NC(=O)CN1C(=O)Cc2ccc(-c3ccccc3)cc21,2.863258522487603,,,-4.393618634889395,1.130333768495006,2.1344958558346736,,,
CNc1ccnc(N(CCc2cccnc2)c2ccnc(Nc3ccc(OC)cc3)n2)n1,0.8760354701545602,,,-4.041914151478915,1.3138672203691537,2.504198918539445,,,-0.6
CNc1ccnc(N(CCc2ccncc2)c2ccnc(Nc3ccc(OC)cc3)n2)n1,0.814182251602706,,,-4.012333735073725,1.2988530764097066,2.558468562523795,,,-0.6
Cc1c2cnccc2cc2c3cc(OCCN(C)C)ccc3n(C)c12,3.5110306383048497,,,-3.801342913045578,1.5237464668115646,2.8222988712623667,,,
COC(C)Cn1c(=O)n(C)c2cnc3ccc(-c4cncc(C(C)(C)O)c4)cc3c21,1.2773596777562222,,,,,,,,
C[C@H](NC(=O)c1ccc2c(c1)c1cc(C(=O)N[C@@H](C)C(N)=O)ccc1n2C)C(N)=O,-0.096073830089622,,,-3.815308569182401,0.9344984512435676,1.57978359661681,,,
Cc1c2ccncc2cc2c3cc(OCC[C@@H](C)N)ccc3n(C)c12,4.184591440069878,,,-3.739928612014925,1.146128035678238,2.2875778090787056,,,
COc1ccc2c(c1)c1cc(NC(=O)NCCN(C)C)nc(C)c1n2C,1.7424658226279148,,,-3.835647144215563,1.3424226808222062,2.4838724542226736,,,
NC(=O)CCN1C(=O)Cc2c1ccc1ccccc21,1.4242255834432995,,,-3.723538195826756,0.9822712330395684,2.578639209968072,,,
Cc1c2ccncc2cc2c3cc(OCC[C@H](C)N)ccc3n(C)c12,4.184591440069878,,,-3.7825160557860937,1.2329961103921538,2.373279893277496,,,
Cc1c2ccncc2cc2c3cc(OC[C@H](C)Nc4ccccn4)ccc3n(C)c12,,,,-5.806875401645539,2.170555058521209,3.179925032074337,,,
Cc1c2ccnc(C(=O)N[C@H](C)CN(C)C)c2cc2c3cc(OCC(N)=O)ccc3n(C)c12,1.9367984687040585,,,-3.707743928643524,0.9344984512435676,3.197996897597136,,,
Cc1c2ccnc(C(=O)N[C@H](C)CN(C)C)c2cc2c3cc(OC[C@H](C)N)ccc3n(C)c12,3.3167800398495717,,,-3.6615435063953954,0.9344984512435676,2.5581083016305497,,,
CC(=O)N[C@@H](C)COc1ccc2c(c1)c1cc3cnccc3c(C)c1n2C,1.866045108611524,,,-4.129011186239425,1.4885507165004443,2.8150461760646306,,,
Cc1c2ccncc2cc2c3cc(OC[C@H](C)NC(N)=O)ccc3n(C)c12,4.820281565605036,,,-5.806875401645539,1.3096301674258988,2.6915235221681546,,,
NC(=O)Cn1ccc2ccc(-c3ccccc3)cc21,3.663561646129645,,,-4.374687549038326,1.645422269349092,3.0307615909510166,,,
Cc1nc(NC(=O)NCCN(C)C)cc2c3cc(OCC4=NCCN4)ccc3n(C)c12,0.392980551445919,,,-3.669586226650809,0.9344984512435676,2.588607804742687,,,
Cc1c2ccncc2cc2c3cc(OCCC(C)(C)N)ccc3n(C)c12,3.748992436113632,,,-3.636388020107856,0.9344984512435676,2.115943176939055,,,
Cc1nc(NC(=O)NCCN(C)C)cc2c3cc(OCC(N)=O)ccc3n(C)c12,0.2208938315801944,,,-3.7772835288524167,1.1846914308175989,2.220631019448092,,,
CCN[C@@H](C)COc1ccc2c(c1)c1cc3cnccc3c(C)c1n2C,3.663561646129645,,,-3.642065152999546,0.9344984512435676,2.446537167073644,,,
CN[C@@H](C)COc1ccc2c(c1)c1cc3cnccc3c(C)c1n2C,3.287572356154438,,,-3.690369832574101,0.9344984512435676,2.423573519732736,,,
CCCN[C@@H](C)COc1ccc2c(c1)c1cc3cnccc3c(C)c1n2C,3.623314765621057,,,-3.815308569182401,1.187520720836463,2.381295623003826,,,
COCCN[C@@H](C)COc1ccc2c(c1)c1cc3cnccc3c(C)c1n2C,4.057395776090949,,,-3.7772835288524167,1.2329961103921538,2.378397900948137,,,
Cc1c2ccncc2cc2c3cc(OC[C@H](C)NCC(F)F)ccc3n(C)c12,3.748992436113632,,,-4.18309616062434,1.7339992865383869,3.1517068570225764,,,
Cc1nc(C(N)=O)cc2c3cc(OC[C@H](C)N)ccc3n(C)c12,1.2083112059245342,,,-3.721246399047171,0.9344984512435676,2.583538819254352,,,
Cc1c2ccncc2cc2c3cc(C(=O)NC[C@H](C)N)ccc3n(C)c12,3.3776909339868166,,,-3.9546770212133424,1.2041199826559248,2.1947917577219247,,,
Cc1c2ccncc2cc2c3cc(C(=O)N[C@@H](C)CN)ccc3n(C)c12,2.6498216962024177,,,-3.761953896871205,1.4456042032735976,2.3900514964589874,,,
Cn1c2ccc(OCC3=NCCN3)cc2c2cc(C(N)=O)ccc21,0.6588410572189906,,,-3.6757175447023074,0.9344984512435676,2.961183709812436,,,
Cc1c2ccncc2cc2c3cc(C(=O)N[C@H](C)CN)ccc3n(C)c12,2.8830071796339576,,,-3.677780705266081,1.2041199826559248,2.6482624057480444,,,
Cc1c2ccncc2cc2c3cc(OC[C@H](C)NC(C)C)ccc3n(C)c12,4.4107760479598666,,,-3.686132779630847,0.9344984512435676,2.244029589030022,,,
Cn1c2ccc(OCC(N)=O)cc2c2cc(-c3ccccc3)ccc21,4.184591440069878,,,-5.806875401645539,1.8898617212581883,2.639187559935754,,,
C[C@H](N)COc1ccc2c(c1)c1cc(C(N)=O)ccc1n2C,1.1417456594856852,,,-3.673664139071248,0.9344984512435676,3.139154658406904,,,
Cn1c2ccc(OCC(N)=O)cc2c2cc(-c3ccncc3)ccc21,5.806138481293727,,,-5.806875401645539,1.292256071356476,2.423245873936808,,,
Cc1c2ccncc2cc2c3cc(C(=O)NC[C@@H](C)N)ccc3n(C)c12,2.483823812649168,,,-3.75448733218585,1.0170333392987805,2.422917980767662,,,
Cc1c2ccncc2cc2c3cc(C(=O)NC[C@@H](C)O)ccc3n(C)c12,4.119037174812478,,,-3.8416375079047502,1.625312450961674,2.86308482532036,,,
Cc1c2ccncc2cc2c3cc(C(=O)N[C@H](C)CN(C)C)ccc3n(C)c12,2.751535313041948,,,-3.6345120151091,1.4502491083193612,3.1464381352857744,,,
Cc1c2ccncc2cc2c3cc(C(=O)NC[C@H](C)O)ccc3n(C)c12,3.623314765621057,,,-4.0762380391713,1.5932860670204574,2.8581761379823445,,,
C[C@H](N)COc1ccc2c(c1)c1nc3cnccc3nc1n2C,1.1526795099383855,,,-3.642065152999546,1.2253092817258628,2.539828558377898,,,
COC[C@H](C)NC(=O)c1ccc2c(c1)c1cc3cnccc3c(C)c1n2C,4.701489956993767,,,-3.903089986991944,1.965201701025912,3.1490958910679727,,,
Cn1c2ccc(OCC(N)=O)cc2c2nc3cnccc3nc21,2.769405695679659,,,-6.721246399047171,1.3654879848908996,3.0540382106848694,,,
NCCCNc1nc(NC(=O)OCCCN)cc2c(-c3ccnc(N4CCNCC4)c3)cccc12,1.807009031606088,,,-3.7594507517174,0.9344984512435676,1.7860412102425542,,,
Cc1nc(CCC(=O)Nc2ccccn2)cc2c3cc(OC[C@H](C)N)ccc3n(C)c12,,,,-3.6675615400843946,1.3483048630481609,3.0258381642297003,,,
Cc1c2ccncc2cc2c3cc(C(=O)N[C@H](C)CO)ccc3n(C)c12,,,,-3.910094888560602,1.5526682161121932,3.139217700137586,,,
Cc1c2ccnc(C(=O)NCC(N)=O)c2cc2c3ccccc3n(C)c12,,,,-5.806875401645539,1.534026106056135,2.921842481405858,,,
Cc1c2ccncc2cc2c3cc(C(=O)N[C@@H](C)CO)ccc3n(C)c12,,,,-4.040481623027002,1.6201360549737576,3.096666739975382,,,
Cc1c2ccnc(C(=O)N[C@H](C)CN(C)C)c2cc2c3ccccc3n(C)c12,,,,-3.87942606879415,1.0530784434834195,3.419344333673843,,,
Cc1nc(CCCNc2ccccn2)cc2c3cc(OC[C@H](C)N)ccc3n(C)c12,2.5563656137701445,,,-3.730487055782084,1.645422269349092,3.2405991643198826,,,
C[C@H](N)COc1ccc2c(c1)c1ccc(-c3cccnc3)cc1n2C,4.9548205149898585,,,-3.821023052706831,0.9344984512435676,1.9903388547876013,,,
Cc1c2ccccc2cc2c3cc(OC[C@H](C)N)ccc3n(C)c12,6.212606095751518,,,-5.806875401645539,0.9344984512435676,1.847572659142112,,,
C[C@H](N)COc1ccc2c(c1)c1cc(-c3ccncc3)ccc1n2C,4.820281565605036,,,-4.632644078973981,0.9344984512435676,2.278982116865443,,,
Cc1c2ccccc2cc2c3cc(OCC4=NCCN4)ccc3n(C)c12,,,,-4.603800652904264,0.9395192526186184,2.8184898222042136,,,
Cn1c2ccc(OCC(N)=O)cc2c2ccc(-c3cccnc3)cc21,3.999219550458301,,,-5.806875401645539,0.9344984512435676,2.1664301138432824,,,
Cc1c2ccnc(C(=O)NCCN)c2cc2c3ccccc3n(C)c12,3.944133480398922,,,-5.806875401645539,0.9344984512435676,2.644832328825636,,,
C[C@H](N)COc1ccc2c(c1)c1ccc(-c3ccncc3)cc1n2C,4.9548205149898585,,,-3.835647144215563,0.9344984512435676,2.0170333392987803,,,
Cc1c2ccncc2cc2c3cc(C(=O)NC[C@@H](C)N(C)C)ccc3n(C)c12,3.3167800398495717,,,-3.8181564120552274,1.0863598306747482,2.4202858849419178,,,
Cn1c2ccc(OCC(N)=O)cc2c2ccc(-c3ccncc3)cc21,1.2310368743174414,,,-3.7594507517174,0.9344984512435676,1.57978359661681,,,
Cc1c2ccncc2cc2c3cc(C(=O)N[C@@H](C)CN(C)C)ccc3n(C)c12,3.204412762840645,,,-3.7670038896078464,1.0530784434834195,2.6596310116070008,,,
Cn1c2ccc(OCC(N)=O)cc2c2nc3ccccc3nc21,4.701489956993767,,,-5.806875401645539,2.0806264869218056,2.460296326757476,,,
Cn1c2ccc(OCCN3CCCCC3)cc2c2nc3ccccc3nc21,4.4107760479598666,,,-3.8041003475907664,1.24551266781415,3.216983559382094,,,
CCN(CC)CCOc1ccc2c(c1)c1nc3cnccc3nc1n2C,1.2482685789075287,,,-3.721246399047171,1.0043213737826426,2.7285161047597666,,,
Cc1c2ccncc2cc2c3cc(C(=O)NCC(N)=O)ccc3n(C)c12,0.861624753007965,,,-5.484126156288321,1.2278867046136734,2.899492196138132,,,
Cc1c2ccncc2cc2c3cc(C(=O)N[C@@H](C)C(N)=O)ccc3n(C)c12,-0.4054651081081643,,,-6.534617148551582,1.252853030979893,2.889077492650064,,,
Cc1c2ccccc2cc2c3cc(OCC(N)=O)ccc3n(C)c12,3.748992436113632,,,-5.806875401645539,1.2833012287035497,1.9969492484953808,,,
Cc1c2ccncc2cc2c3cc(C(=O)N[C@H](C)C(N)=O)ccc3n(C)c12,3.346803309596356,,,-5.206209615309182,1.1846914308175989,2.787956123283932,,,
COC(C)(C)CNC(=O)c1ccc2c(c1)c1cc3cnccc3c(C)c1n2C,4.498799058824351,,,-4.145086977692144,2.006893707947901,3.2052043639481447,,,
CCN(CC)CCCOc1ccc2c(c1)c1nc3cnccc3nc1n2C,1.614245614002204,,,-3.7825160557860937,1.0334237554869496,2.7557986569738304,,,
Cn1c2ccc(OCC(N)=O)cc2c2nc3cnccc3cc21,4.057395776090949,,,-5.242603971206976,1.6148972160331343,3.220395778231596,,,
Cn1c2ccc(OCCN3CCCCC3)cc2c2nc3cnccc3cc21,2.716615563961132,,,-3.882728704344236,1.0791812460476249,2.82033284489941,,,
Cn1c2ccc(C(=O)NCCO)cc2c2nc3ccccc3nc21,3.999219550458301,,,-6.1073489661227,1.2430380486862944,2.5958267770732237,,,
COC1CCN(CCOc2ccc3c(c2)c2nc4cnccc4nc2n3C)CC1,1.7112627732596188,,,-3.679853713888946,1.285557309007774,2.740441644949766,,,
Cn1c2ccc(OCCN3CCC(F)CC3)cc2c2nc3cnccc3nc21,3.1026032757593933,,,-3.899629454882437,1.6503075231319364,3.038023740045158,,,
CN[C@@H](C)COc1ccc2c(c1)c1nc3cnccc3nc1n2C,0.485305897557895,,,-3.707743928643524,1.3159703454569178,2.716420733846555,,,
Cc1c2ccncc2cc2c3cc(C(=O)NC[C@H](C)N(C)C)ccc3n(C)c12,2.4154781433562365,,,-3.8068754016455375,1.212187604403958,2.4776999283321306,,,
Cc1c2ccncc2cc2c3cc(C(=O)NCCOC(C)(C)C)ccc3n(C)c12,3.748992436113632,,,-5.806875401645539,2.436480695009495,3.896024394707995,,,
COCC(C)(C)NC(=O)c1ccc2c(c1)c1cc3cnccc3c(C)c1n2C,5.293304824724491,,,-4.739928612014925,2.6822353569025643,3.908120272855562,,,
Cn1c2ccc(OCCN3CCCC3)cc2c2nc3cnccc3nc21,1.2482685789075287,,,-3.623423042943488,1.021189299069938,2.773932647467645,,,
Cn1c2ccc(OCCN3CCOCC3)cc2c2nc3cnccc3cc21,2.571428861772524,,,-3.876148359032914,1.173186268412274,3.1289805239666117,,,
Cn1c2ccc(OCCCN3CCCCC3)cc2c2nc3cnccc3nc21,2.164326873829161,,,-3.686132779630847,1.2624510897304295,2.7763379096201755,,,
Cn1c2ccc(OCCCCN3CCCCC3)cc2c2nc3cnccc3nc21,1.8574547284934495,,,-3.705533773838407,1.3096301674258988,2.904607363815448,,,
C[C@H](N)COc1ccc2c(c1)c1cc(-c3ccccc3)ccc1n2C,,,,-5.806875401645539,0.9344984512435676,1.6693168805661125,,,
COc1cccc(-c2cn(C)c3ccc(OCCCN4CCCC4)cc23)c1,3.7944672166765008,,,-4.247183568811729,1.3673559210260189,3.654590416951599,,,2.7
COc1cncc(-c2cn(C)c3ccc(OCCCN4CCCC4)cc23)c1,2.389199565830816,,,-4.136677139879544,1.292256071356476,3.424031808970005,,,2.1
C[C@H](N)COc1ccc2c(c1)c1ccc(-c3ccccc3)cc1n2C,6.212606095751518,,,-5.806875401645539,0.9344984512435676,1.57978359661681,,,
CC(C)N[C@@H](C)COc1ccc2c(c1)c1nc3cnccc3nc1n2C,1.2196389210703356,,,-3.7569619513137056,1.252853030979893,2.914818980447473,,,
CN1CCN=C1COc1ccc2c(c1)c1nc3cnccc3nc1n2C,1.015012719832817,,,-3.6819366650372394,1.0863598306747482,2.66228551572213,,,
CCCN[C@@H](C)COc1ccc2c(c1)c1nc3cnccc3nc1n2C,1.289130612666243,,,-3.694648630553376,1.0492180226701815,2.847819347295239,,,
Cn1c2ccc(OCCCN3CCCC3)cc2c2nc3cnccc3nc21,0.9997020801479394,,,-3.677780705266081,1.0934216851622351,2.8202671571609645,,,
Cn1c2ccc(OCCCCN3CCCC3)cc2c2nc3cnccc3nc21,1.5785565986326358,,,-3.657577319177794,1.130333768495006,2.873553093513619,,,
C[C@@H](COc1ccc2c(c1)c1nc3cnccc3nc1n2C)N1CCCCC1,1.337023312113108,,,-3.684029654543082,1.271841606536499,2.9843922785242656,,,
C[C@H](N)COc1ccc2c(c1)c1nc3cnccc3cc1n2C,1.361479192000166,,,-3.627087997029893,0.9493900066449128,2.477555332198981,,,
Cn1c2ccc(OC[C@@H]3CCCN3)cc2c2nc3cnccc3nc21,1.02528101558256,,,-3.6439741428068775,0.9344984512435676,2.6317480743965693,,,
Cn1cc(-c2cccnc2)c2cc(OCCCN3CCCC3)ccc21,1.7987770418867015,,,-4.259637310505756,1.359835482339888,3.611500263354792,,,1.9
Cc1cc(C#N)cc2c3cc(OCCCN4CCCC4)ccc3n(C)c12,3.944133480398922,,,-4.356547323513813,1.1702617153949575,2.803798407989674,,,2.9
Cc1ccc(CNc2cc(-c3ccccc3)[nH]c(=O)n2)cc1,,,,-4.982966660701219,1.0,2.8544882250444306,-4.694433686484696,0.143014800254095,3.0
COc1cccc(Nc2nc(-c3ccccc3)cs2)c1,,,,-5.293282217663242,2.1806992012960347,3.326581618446525,-5.694648630553377,0.0606978403536116,
COc1ccc(-c2csc(Nc3ccccn3)n2)cc1,,,,,2.0051805125037805,3.334011188761349,-4.910448117113546,-0.3187587626244128,4.3
Cc1c2ccncc2cc2c3cc(Oc4ccnc(N)c4)ccc3n(C)c12,5.806138481293727,,,-5.806875401645539,1.9003671286564705,2.9207492612757084,,,
Cc1c2ccncc2cc2c3cc(Oc4cccc(N)n4)ccc3n(C)c12,5.5174528964647065,,,-5.806875401645539,2.182984967003582,2.8988348380682742,,,
Cc1c2ccncc2cc2c3cc(Oc4ccccn4)ccc3n(C)c12,4.254599024987376,,,-5.806875401645539,2.596377143997599,2.907787443110616,,,
COCCNC(=O)c1ccc2c(c1)c1nc3cnccc3nc1n2C,1.9924301646902065,,,-5.367542707815276,1.0791812460476249,2.7943486038960827,,,
Cc1c2ccncc2cc2c3cc(Oc4ccncc4)ccc3n(C)c12,5.109977737428537,,,-5.806875401645539,2.1072099696478683,2.6920533650340808,,,
Cc1c2ccnc(C(=O)N[C@H](C)CN(C)C)c2cc2c3cc(F)c(F)cc3n(C)c12,4.329720681971944,,,-5.435333935747911,1.187520720836463,2.9721102284028307,,,
Cn1c2ccc(OCCNC3CCC(F)(F)CC3)cc2c2nc3cnccc3nc21,3.2591354991539,,,-3.774690718274137,1.5352941200427703,2.856366323659248,,,
Cc1c2ccnc(C(=O)NCCN)c2cc2c3cc(F)ccc3n(C)c12,3.999219550458301,,,-5.806875401645539,0.9344984512435676,2.5009222391903005,,,
Cn1c2ccc(OCC(N)=O)cc2c2cc3ccccc3nc21,4.057395776090949,,,-5.806875401645539,1.9111576087399769,2.694166295933198,,,
Cc1c2ccnc(C(=O)NCCN)c2cc2c3cc(F)c(F)cc3n(C)c12,5.109977737428537,,,-5.806875401645539,0.9344984512435676,1.9068735347220704,,,
Cn1c2ccc(OCCNC3CCOCC3)cc2c2nc3cnccc3nc21,1.318908187369808,,,-3.677780705266081,1.212187604403958,2.656002320682957,,,
Cc1cc(-n2cccn2)cc2c3cc(OCCCN4CCCC4)ccc3n(C)c12,5.109977737428537,,,-4.478861916295964,1.0086001717619175,3.2478505669735336,,,3.1
Cc1cc(-n2ccnc2)cc2c3cc(OCCCN4CCCC4)ccc3n(C)c12,4.057395776090949,,,-4.258848401148215,0.9084850188786496,2.355259905527378,,,2.8
Cn1c2ccc(OCCN3CCCCC3)cc2c2cc3ccccc3nc21,3.346803309596356,,,-3.87942606879415,0.9344984512435676,3.171638708530818,,,
Cn1c2ccc(OCC3=NCCN3)cc2c2nc3cnccc3cc21,1.6070398297500872,,,-3.749579997691106,1.1430148002540952,2.807805532270625,,,
Cn1c2ccc(OCCN3CCCCC3)cc2c2nc3cc(Cl)c(Cl)cc3nc21,5.5174528964647065,,,-5.806875401645539,0.9344984512435676,1.6972293427597176,,,
Cn1c2ccc(OCCN3CCCCC3)cc2c2cc(-c3ccncc3)ccc21,3.178053830347945,,,-3.835647144215563,1.0863598306747482,2.5381965783494542,,,
Cn1c2ccc(C(=O)NCCO)cc2c2nc3cnccc3cc21,2.1322666810614472,,,-3.872895201635192,1.136720567156407,2.8573324964312685,,,
Cc1c2ccnc(C(=O)N[C@H](C)CN(C)C)c2cc2c3cc(F)ccc3n(C)c12,2.6995485558468904,,,-4.148130399270234,0.9344984512435676,3.1254487330602623,,,
Cn1c2ccc(OCCN3CCCCC3)cc2c2ccc(-c3ccncc3)cc21,4.329720681971944,,,-3.9746941347352296,1.550228353055094,2.477555332198981,,,
O=C1CCc2ccc(-c3ccc(OCCN4CCCCC4)cc3)cc2N1,2.987364023883476,,,-4.213958789757446,0.380211241711606,2.722387094177124,,,2.6
Cn1c(=O)ccc2ccc(-c3ccc(OCCN4CCCCC4)cc3)cc21,3.2591354991539,,,-4.583359492661719,1.1238516409670858,2.322839272686321,,,2.8
c1cc2ccc(-c3ccc(OCCN4CCCCC4)cc3)cc2cn1,3.5471512942852343,5.109977737428537,,-4.309803919971486,1.3010299956639813,3.1607385681125817,-4.845271792559845,-0.3872161432802645,3.3
C[C@H](N)COc1ccc2c(c1)c1cc3ccccc3nc1n2C,3.663561646129645,,,-3.899629454882437,0.9344984512435676,2.3951515915045425,,,
Cc1c2ccncc2cc2c3cc(Oc4cccnc4)ccc3n(C)c12,6.906754778648553,,,-5.806875401645539,2.329804522164069,2.9512889372776723,,,
Cn1c2ccc(OCC(N)=O)cc2c2cc3ccncc3nc21,1.9098295724908303,,,-5.328827157284917,1.9263424466256551,2.989805650936826,,,
Cc1c2ccncc2cc2c3ccccc3n(CCN(C)C)c12,4.329720681971944,,,-3.9172146296835497,1.9708116108725175,3.152135396861876,,,
Cc1c2ccnc(C(=O)NCCN(C)C)c2cc2c3cc(F)c(F)cc3n(C)c12,4.701489956993767,,,-5.088309841246139,1.0128372247051722,2.771146348814985,,,
Cn1c2ccc(OCCN3CCCCC3)cc2c2cc3ccncc3nc21,2.633712581456377,,,-3.910094888560602,1.5477747053878226,3.112370365525832,,,
CN1CCN=C1COc1ccc2c(c1)c1cc3ccccc3nc1n2C,4.820281565605036,,,-3.9430951486635273,0.9344984512435676,3.398616980163226,,,
Cn1c2ccc(OCCN3CCCCC3)cc2c2nc3cc(F)c(F)cc3nc21,3.7944672166765008,,,-3.9430951486635273,1.285557309007774,2.4858633295973345,,,
Cc1c2ccncc2cc2c3cc(Oc4ccc(N)nc4)ccc3n(C)c12,5.109977737428537,,,-5.806875401645539,1.8970770032094204,3.113341604795105,,,
CN1C(=O)CCc2ccc(-c3ccc(OCCN4CCCCC4)cc3)cc21,3.055048850710409,,,-4.000869458712629,0.9542425094393248,3.139154658406904,,,2.9
COc1ccc2ccc(-c3ccc(OCCN4CCCCC4)cc3)cc2n1,5.293304824724491,,,-4.301029995663981,1.235528446907549,2.2375437381428744,,,4.4
c1cc(OCCN2CCCCC2)cc(-c2ccc3ccnnc3c2)c1,2.0907410969337694,,,-3.9706162223147903,1.5670263661590604,3.0338658673479,,,2.4
c1cc2ccc(-c3ccc(OCCN4CCCCC4)cc3)nc2cn1,1.45652103905577,,,-3.9913998282380825,1.0718820073061257,2.6989700043360187,,,2.5
O=C1Cc2ccc(-c3ccc(O)cc3)cc2N1,3.0094673019441425,,,-4.025949097207123,1.6148972160331343,2.561101383649056,,,2.5
Oc1ccc(-c2ccc3ccncc3c2)cc1,4.498799058824351,,,-6.042392712939905,1.8621313793130367,3.149065080207621,,,3.6
O=C1Cc2ccc(-c3cccc(O)c3)cc2N1,2.843851742261271,,,-4.094743951251549,1.948412965778601,3.3562171342197358,,,2.5
CN1C(=O)Cc2ccc(-c3cccc(O)c3)cc21,3.1026032757593933,,,-4.136677139879544,2.1072099696478683,3.3584868881002365,,,2.6
Oc1cccc(-c2ccc3ccncc3c2)c1,4.057395776090949,,,-4.991399828238083,1.9938769149412112,3.1564582852404564,,,3.6
COc1ccccc1Nc1nc(-c2ccc(F)cc2)cs1,6.906754778648553,,,-5.860120913598763,2.012837224705172,3.277563376055919,,,4.1
CN(C)c1cccc(Nc2nc(-c3ccc(F)cc3)cs2)c1,6.906754778648553,,,-6.366531544420414,1.9283958522567135,3.611787014016585,,,
COc1cc(Nc2nccc(=O)[nH]2)cc(OC)c1,0.9794546823485596,,,-4.026410376572743,1.3424226808222062,3.192901826109565,,,1.3
COc1cccc(Nc2nccc(=O)[nH]2)c1,0.359832969155352,,,-3.987162775294828,1.1903316981702914,2.8394780473741985,,,1.1
Cc1cccc(Nc2nccc(=O)[nH]2)c1,0.8425404774849349,,,-4.011441043121384,1.3304137733491908,2.8237349883987317,,,1.5
Cc1c2ccnc(C(=O)NCCN(C)C)c2cc2c3cc(F)ccc3n(C)c12,3.944133480398922,,,-4.554395796726403,0.9344984512435676,2.7763379096201755,,,
COc1ccc2c(c1)c1cc3cnccc3c(C)c1n2CCN1CCCCC1,6.212606095751518,,,-3.860120913598764,1.649334858712142,3.036828433377113,,,
Cc1c2ccncc2cc2c3ccccc3n(CC3=NCCN3)c12,1.3925561223438665,,,-3.714442690992226,1.4082399653118496,2.3136563466180315,,,
Cc1c2ccncc2cc2c3ccccc3n(CCN3CCCCC3)c12,6.212606095751518,,,-3.838631997765025,1.670245853074124,3.008472419302722,,,
Cc1c2ccncc2cc2c3ccccc3n(CCN3CCOCC3)c12,4.184591440069878,,,-3.838631997765025,1.7803173121401512,3.034788831251184,,,
Cn1c2ccc(OCCN)cc2c2nc3cnccc3nc21,0.7172447321390061,,,-3.835647144215563,1.1760912590556811,2.424881636631067,,,
Cn1c2ccc(OCCN3CCOCC3)cc2c2cc3cnccc3nc21,2.8830071796339576,,,-3.9355420107730814,1.3729120029701063,3.146252102092995,,,
C[C@H](N)COc1ccc2c(c1)c1cc3ccncc3nc1n2C,1.4500101755059986,,,-3.7471469690201062,1.1613680022349748,2.4456042032735974,,,
Fc1cc(-c2ccnc(Nc3cccc(CN4CCOCC4)c3)n2)cc(N2CCOCC2)c1,5.109977737428537,6.117095495062676,,-6.886056647693163,2.1058506743851435,3.486175353339631,-4.8297382846050425,-0.1549019599857432,4.0
O=C1Cc2ccc(-c3ccc(OCCN4CCCCC4)cc3)cc2N1,2.4154781433562365,,,-4.1249387366083,0.7075701760979364,1.9633155113861116,,,2.5
CN1C(=O)Cc2ccc(-c3ccc(OCCN4CCCCC4)cc3)cc21,2.903110783673593,,,-4.070581074285707,0.8388490907372553,2.945419342603063,,,2.6
O=C1Cc2ccc(-c3cccc(OCCN4CCCCC4)c3)cc2N1,1.9550845253313536,,,-4.126098402135539,0.8388490907372553,2.269979676645324,,,2.5
c1cc2ccc(-c3ccc(OCCN4CCCCC4)cc3)cc2nn1,2.301485587660629,,,-4.037157318798758,1.1760912590556811,2.8125122842899826,,,2.4
c1cc(OCCN2CCCCC2)cc(-c2ccc3ccncc3c2)c1,3.442277407405623,,,-4.153662887870195,1.9786369483844743,3.0609621130938325,,,3.5
CN1C(=O)Cc2ccc(-c3ccc(O)cc3)cc21,3.584547216181675,,,-5.197910742118268,1.7543483357110188,2.7561033715851053,,,2.6
Fc1ccc(-c2csc(Nc3ccc4ccccc4c3)n2)cc1,6.906754778648553,,,-6.393618634889395,2.4111144185509046,2.5725230978496376,,,
Fc1ccc(-c2csc(Nc3ccncc3)n2)cc1,3.999219550458301,,,-5.6439741428068775,2.792951708250132,2.4216039268698317,,,4.2
COc1ccc(Nc2nc(-c3ccc(F)cc3)cs2)cc1,6.212606095751518,,,-7.210419287835575,2.5748411950633847,3.2065020575886853,,,
CN(C)c1ccccc1Nc1nc(-c2ccc(F)cc2)cs1,6.906754778648553,,,-7.698970004336019,2.059184617631371,3.442746221828905,,,
CN(C)c1ccc(Nc2nc(-c3ccc(F)cc3)cs2)cc1,6.906754778648553,,,-6.096910013008056,2.268577971882843,3.0914207289920514,,,
Nc1ccnc2cc(-c3ccccc3)nn12,3.055048850710409,,,-3.987162775294828,2.819083075743703,3.330778914230818,,,3.0
COc1ccc2c(c1)c1cc3cnccc3c(C)c1n2CCN1CCOCC1,4.701489956993767,,,-3.9355420107730814,2.141763230275788,3.1398476146463112,,,
CNCCOc1ccc2c(c1)c1nc3cnccc3nc1n2C,0.5408064559779265,,,-3.714442690992226,0.9344984512435676,2.6923180442592787,,,
CNCCOc1ccc2c(c1)c1cc3cnccc3c(C)c1n2C,3.178053830347945,,,-3.636388020107856,0.9637878273455552,2.310268366632448,,,
C[C@H](N)COc1ccc2c(c1)c1cc3cnccc3nc1n2C,1.4696224926932235,,,-3.7670038896078464,0.9344984512435676,2.536053155159205,,,
Cn1c2ccc(OCCN3CCCCC3)cc2c2cc3cnccc3nc21,2.4560121837882845,,,-3.690369832574101,1.252853030979893,3.013974177020916,,,
Cc1cc(-c2nccs2)cc2c3cc(OCCCN4CCCC4)ccc3n(C)c12,6.906754778648553,,,-4.363512103646634,0.9822712330395684,3.1049307390777403,,,3.3
CN1C(=O)Cc2ccc(-c3cccc(OCCN4CCCCC4)c3)cc21,2.633712581456377,,,-4.105683937315561,1.1818435879447726,2.9108377649926838,,,2.2
Cc1cc(C2(C#N)CC2)cc2c3cc(OCCCN4CCCC4)ccc3n(C)c12,4.820281565605036,,,-4.326979092871104,0.8129133566428556,3.100439475279108,,,2.8
Cc1cc(C#N)cc2c3cc(OCCN4CCCCC4)ccc3n(C)c12,4.329720681971944,,,-4.301029995663981,1.413299764081252,3.058995093525416,,,3.3
O=c1ccnc(Nc2cc(Cl)cc(Cl)c2)[nH]1,6.212606095751518,,,-4.089909454405932,1.7218106152125463,3.127655419775207,,,2.6
O=c1ccnc(Nc2cccc(Cl)c2)[nH]1,1.866045108611524,,,-4.083019952679618,1.4409090820652175,2.7687860469080143,,,1.7
CN1CCN=C1COc1ccc2c(c1)c1cc3ccncc3nc1n2C,1.807009031606088,,,-3.7594507517174,1.1986570869544226,2.58983794314746,,,
Cn1c2ccc(OCCN3CCCCC3)cc2c2nc3cc4c(cc3nc21)OCO4,4.057395776090949,,,-3.838631997765025,1.1430148002540952,2.4055171069763763,,,
Cn1c2ccc(OCC(N)=O)cc2c2cc3cnccc3nc21,2.9235831658856037,,,-3.882728704344236,1.7411515988517852,3.388740444524611,,,
CS(=O)(=O)Nc1cccc(-c2ccnc(Nc3ccc(CC(N)=O)cc3)n2)c1,,,,-5.158640529545145,1.2695129442179165,2.8505849763520312,-5.782516055786094,1.3729120029701063,1.7
Cc1cc(C#N)cc2c3cc(Oc4ccnc(N)c4)ccc3n(C)c12,6.906754778648553,,,-5.856985199745905,1.8639173769578603,2.758003009299799,,,4.3
COCCNC(=O)c1ccc2c(c1)c1cc(C#N)cc(C)c1n2C,3.8918202981106256,,,-5.605548319173784,2.212453961040276,2.8771985152717896,,,3.1
COc1cc(Nc2nc(-c3ccccc3)cc(=O)[nH]2)cc(OC)c1,6.212606095751518,,,-5.795880017344075,1.885361220031512,2.499412125672276,,,4.0
Nc1cc(C2CC2)nc2cc(-c3ccccc3)nn12,4.4107760479598666,,,-5.086186147616283,2.4423229557455746,2.8898617212581885,,,3.8
COc1ccc(-c2cc(N)n3nc(-c4ccccc4)cc3n2)cc1,6.906754778648553,,,-7.0,1.3560258571931227,2.228400358703005,,,4.8
COc1cccc(-c2cc(N)n3nc(-c4ccccc4)cc3n2)c1,6.906754778648553,,,-6.301029995663981,1.6364878963533651,2.498172660636544,,,3.8
COC(=O)c1n[nH]cc1Nc1ccccc1,1.318908187369808,,,-4.129011186239425,2.582063362911709,3.03992941410856,,,1.5
CC(C)c1cc(N)n2nc(-c3ccccc3)cc2n1,,,,-4.767003889607846,2.471144965160633,3.6631919091608927,,,3.9
C#Cc1cc(N)n2nc(-c3ccccc3)cc2n1,,,,-4.481486060122113,2.2174839442139063,3.17260293120986,,,3.2
COc1ccccc1-c1cc2nc(-c3ccccc3)cc(N)n2n1,,,,-6.835647144215563,1.6812412373755872,3.017492446477275,,,4.5
COC(=O)c1nn(Cc2ccccc2)cc1N,,,,-4.0,0.9138138523837168,1.6693168805661125,,,1.1
COC(=O)c1c(N)cnn1Cc1ccccc1,,,,-4.031517051446065,1.2966651902615312,1.9599948383284165,,,1.7
Cc1cc(-c2cnccn2)cc2c3cc(OCCCN4CCCC4)ccc3n(C)c12,,,,-4.104577453960593,0.9637878273455552,3.0511911246856984,,,2.8
Cc1cc(-c2cncs2)cc2c3cc(OCCCN4CCCC4)ccc3n(C)c12,,,,-4.193141970481182,1.0086001717619175,2.72607487021537,,,3.3
Cc1cc(C#N)cc2c3cc(OCCNC4CCC(F)(F)CC4)ccc3n(C)c12,,,,-5.2441251443275085,1.7520484478194385,3.008344629252689,,,3.9
Cc1c2ccncc2cc2c3cc(OCC4CNC4)ccc3n(C)c12,,,,-4.235077015350112,0.6334684555795865,2.326335860928751,,,1.1
Cc1c2ccncc2cc2c3cc(OC4CCNC4)ccc3n(C)c12,,,,-4.168770306132937,0.505149978319906,2.5734518220354854,,,1.7
COC(=O)c1n[nH]cc1N(C)C,,,,-4.16304326294045,0.9138138523837168,1.5843312243675307,,,0.2
Fc1ccc(-c2csc(Nc3cccc(N4CCOCC4)c3)n2)cc1,,,,-6.853871964321762,2.343999069057161,3.150234358957896,,,
Nc1cc(-c2ccccc2)nc2c(-c3ccccc3)cnn12,,,,-6.337242168318426,1.424881636631067,1.8727388274726688,,,5.0
CCCc1cc(N)n2nc(-c3ccccc3)cc2n1,,,,-5.187755303199631,2.389343311252078,3.653656232494785,,,4.1
CN(C)c1cc(-c2ccccc2)nc2cc(-c3ccccc3)nn12,,,,-6.214670164989233,2.0580462303952816,3.3790697197927466,,,5.0
Cc1cc2nc(-c3ccccc3)cc(N)n2n1,,,,-4.528708288941061,2.4437322414015967,3.32911300268182,,,3.1
COc1ccc(-c2cc3nc(-c4ccccc4)cc(N)n3n2)cc1,,,,-7.698970004336019,2.969462507974637,2.4112829130173843,,,4.9
COc1cccc(-c2cc3nc(-c4ccccc4)cc(N)n3n2)c1,,,,-7.698970004336019,1.7024305364455252,2.778585327862962,,,4.1
OCCNc1cc(-c2ccccc2)nc2cc(-c3ccccc3)nn12,,,,-6.031517051446065,1.6127838567197357,2.57611089412084,,,4.3
O=C(c1n[nH]c2ccccc12)N1CCC(Nc2ccc(Cl)cc2)CC1,,,,-6.4089353929735005,0.9493900066449128,2.220631019448092,-4.585695311871668,-0.0457574905606751,3.8
O=C(c1n[nH]c2ccccc12)N1CCC(NCc2ccc(Cl)cc2)CC1,,,,-4.122053048370812,1.423245873936808,2.547528576459782,,,2.7
O=C(c1n[nH]c2ccccc12)N1CCN(Cc2ccc(C(F)(F)F)cc2)CC1,4.701489956993767,5.293304824724491,,-5.889410289700751,1.6830470382388496,2.87989832433001,-4.6156465858624935,0.0,4.1
Cc1c2ccncc2cc2c3cc(OCC4(C)CNC4)ccc3n(C)c12,,,,-4.366531544420414,0.9084850188786496,2.435207103240748,,,1.8
Cc1c2ccncc2cc2c3cc(OCC4CCN4)ccc3n(C)c12,,,,-4.459670525209126,0.9444826721501688,2.5825178836040625,,,2.0
Fc1cccc(-c2ccnc(Nc3ccc(CN4CCOCC4)cc3)n2)c1,4.4107760479598666,5.806138481293727,,-5.321481620959887,1.4409090820652175,3.3150672495142164,-4.69486368105636,-0.1426675035687315,3.9
c1cc2ccc(-n3cc(OCCN4CCCCC4)cn3)cc2cn1,,,,-4.1700533040583645,1.0374264979406236,2.946255707199397,-4.525346746637937,-0.0757207139381183,2.2
c1cc2ccc(-n3cc(OCCN4CCCCC4)cn3)cc2nn1,,,,-4.073143291050307,0.724275869600789,2.8961954104542107,-4.465466243994884,-0.0315170514460648,1.4
CNc1cc2ccncc2cc1-n1cc(OCCN2CCCCC2)cn1,,,,-4.073657553374345,1.0755469613925308,3.1774787825423223,-4.858863909879261,-0.0705810742857072,2.1
Cc1c2ccncc2cc2c3cc(OCCNC4CCOCC4)ccc3n(C)c12,,,,-4.23284413391782,0.0,2.5566642621225686,-6.086186147616283,-0.1804560644581313,3.2
Cc1c2ccncc2cc2c3cc(OC[C@H](C)NC4CCOCC4)ccc3n(C)c12,,,,-4.319664486585437,0.8692317197309762,2.5491259267581112,-6.292429823902063,-0.0506099933550872,3.5
Nc1cc(-c2ccccc2)nc2nc(-c3ccccc3)cn12,,,,-7.301029995663981,0.8260748027008264,1.7275412570285564,-4.674484336636852,-0.0409586076789063,3.9
COC(=O)c1nn(-c2ccccc2)cc1N,,,,-4.043831569524636,2.600755149639618,3.070555015835032,-5.638272163982407,-0.0809219076239261,1.5
COC(=O)c1nn(C(C)C)cc1N,,,,-4.050122295963125,1.0453229787866574,2.307282047033346,-4.498256270372005,-0.0655015487564322,0.2
O=C(c1nn(CCO)c2ccccc12)N1CCC(Oc2ccc(Cl)cc2)CC1,,,,-5.324221658325915,0.7160033436347992,2.52750101098112,-4.501689446210399,-0.1366771398795441,3.6
CN(C)CCn1nc(C(=O)N2CCC(Oc3ccc(Cl)cc3)CC2)c2ccccc21,,,,-4.58838029403677,1.9405164849325676,3.3397097547798325,-4.738261452647462,-0.0705810742857072,3.7
CN1CCN(c2cccc(Nc3nc(-c4ccc(F)cc4)cs3)c2)CC1,,,,-4.913640169325252,1.611723308007342,3.350306178879111,-5.578396073130169,0.2479732663618066,4.4
CN(C)CCCOc1ccccc1Nc1nc(-c2ccc(F)cc2)cs1,,,,-4.374687549038326,1.0969100130080565,2.659440781870318,-5.591760034688151,0.1367205671564068,3.4
O=C(c1n[nH]c2ccccc12)N1CCC(Oc2ccccc2Cl)CC1,,,,-5.701146923590294,2.5953859808091417,3.440767441204506,-4.739213331345024,0.0086001717619175,4.2
O=C(c1n[nH]c2ccccc12)N1CCC(Oc2cccc(Cl)c2)CC1,,,,-5.343901797987169,1.5563025007672873,2.514547752660286,-5.008773924307505,-0.0757207139381183,4.0
O=C(c1n[nH]c2ccccc12)N1CCC(Oc2ccc(C(F)(F)F)cc2)CC1,6.212606095751518,6.906754778648553,,-6.045757490560675,0.0,1.7958800173440752,-5.1605219526258015,-0.2006594505464183,4.6
O=C(c1n[nH]c2ccccc12)N1CC(NCc2ccc(Cl)cc2)C1,,,,-5.600326278518962,1.841984804590114,2.889581802149624,-4.422393322637465,-0.2757241303992109,3.5
O=C(c1n[nH]c2ccccc12)N1CCN(Cc2ccccc2Cl)CC1,,,,-5.174573882232177,2.464638559095033,3.4950306506163518,-4.486249849918177,-0.2676062401770314,3.6
O=C(c1n[nH]c2ccccc12)N1CCN(Cc2cccc(Cl)c2)CC1,,,,-4.473660722610156,1.8609366207000937,3.0872133412316147,-4.488116639021126,0.021189299069938,3.7
O=C(c1n[nH]c2ccccc12)N1CCN(Cc2ccc(F)cc2)CC1,,,,-4.739928612014925,1.3263358609287514,2.796227314029439,-4.369673845196053,-0.0809219076239261,3.1
Cc1ccc2[nH]nc(C(=O)N3CCC(Oc4ccc(Cl)cc4)CC3)c2c1,,,,-6.657577319177793,1.2405492482825995,2.545801757159276,-5.356547323513812,-0.0457574905606751,4.3
O=C(c1n[nH]c2cc(F)ccc12)N1CCC(Oc2ccc(Cl)cc2)CC1,,,,-6.221848749616356,0.6020599913279624,2.2140486794119414,-5.3535962737769305,0.0863598306747482,
COc1ccc2c(C(=O)N3CCC(Oc4ccc(Cl)cc4)CC3)n[nH]c2c1,,,,-6.11690664142431,1.1613680022349748,2.243781916093795,-5.050609993355088,-0.0969100130080563,4.2
O=C(c1n[nH]c2ncccc12)N1CCC(Oc2ccc(Cl)cc2)CC1,,,,-5.416801226031377,0.8388490907372553,2.1631613749770184,-4.554240163511369,0.0606978403536116,3.9
Cc1cc(-c2ccccn2)cc2c3cc(OCCCN4CCCC4)ccc3n(C)c12,,,,-4.293282217663242,1.2068258760318498,3.168762575622357,-5.903089986991944,0.0644579892269184,3.2
Cc1cc(-c2ncccn2)cc2c3cc(OCCCN4CCCC4)ccc3n(C)c12,,,,-4.272458742971444,0.785329835010767,3.018492453401473,-5.465973893943865,-0.1739251972991735,2.9
Cc1cc(-c2ccncn2)cc2c3cc(OCCCN4CCCC4)ccc3n(C)c12,,,,-4.2335871528876,1.24551266781415,3.023170121121397,-5.425968732272281,-0.1307682802690238,2.8
c1cncc(-c2ccnc(Nc3ccc(CN4CCOCC4)cc3)n2)c1,2.987364023883476,2.333329327727931,,-4.168770306132937,1.608526033577194,3.255561938290896,-4.414426481377269,-0.1307682802690238,2.4
NC(=O)Cc1ccc(Nc2nccc(-c3cccc(C(N)=O)c3)n2)cc1,,,,-5.563837352959244,0.7923916894982539,2.2860071220794747,-6.180456064458132,1.7971289877965526,1.4
c1cc(-c2ccnc(Nc3ccc(CN4CCOCC4)cc3)n2)cc(N2CCOCC2)c1,,,,-5.087777943467585,2.235023159495224,3.850247898240142,-4.599980364934842,0.0,3.3
CC(C)N1CCN(c2ncn(-c3ccc(Nc4ncccn4)cc3)n2)CC1,,,,-4.169411331314856,1.0791812460476249,2.8195439355418688,-4.442132038431978,-0.00436480540245,1.9
CC(=O)Nc1cccc(-c2ccnc(Nc3ccc(CC(N)=O)cc3)n2)c1,,,,-4.669586226650809,0.7708520116421442,2.344785122632661,-5.774690718274138,1.513350798805957,1.9
Nc1nc2c(-c3ccccc3)cnn2cc1-c1ccccc1,,,,-6.6777807052660805,1.998695158311656,3.779538773870285,-4.5805399272139296,,4.0
Nc1c(-c2ccccc2)cnc2c(-c3ccccc3)cnn12,,,,-6.886056647693163,2.0170333392987803,3.8466957827841233,-4.782779344355482,,4.4
CN(C)CCOc1ccc(-c2cc3nc(-c4ccccc4)cc(N)n3n2)cc1,,,,-5.508638306165727,1.5987905067631152,3.1715509456767457,-5.096910013008056,-0.2757241303992109,3.3
Cn1cc(C(=O)N2CCN(c3ccc(CN4CCC4)cc3)CC2)c2cccnc21,,,,-4.012333735073725,0.0,1.3729120029701063,-4.921905849593589,0.3242824552976926,0.3
Cn1cc(C(=O)N2CCN(c3ccc(CN4CC(F)C4)cc3)CC2)c2cccnc21,,,,-3.9507819773298185,1.3502480183341627,2.9733587998863977,-4.69015699528393,-0.0506099933550872,1.8
Cn1cc(C(=O)N2CCN(c3ccc(CN4CC(C(F)(F)F)C4)cc3)CC2)c2cccnc21,,,,-4.324221658325915,1.5211380837040362,3.0971184243446497,-4.514420523015321,-0.0087739243075051,2.8
Cc1c(N)c(-n2cc(OCCN3CCCCC3)cn2)cc2cnccc12,,,,-4.111259039317107,1.3010299956639813,3.0764583877121514,-4.867740310468956,-0.1426675035687315,2.0
CS(=O)(=O)Nc1cccc(-c2ccnc(Nc3ccc(CN4CCOCC4)cc3)n2)c1,,,,-4.210419287835575,1.6541765418779606,3.5043757014787995,-4.768530409569319,0.1643528557844371,2.6
CC(=O)Nc1cccc(-c2ccnc(Nc3ccc(CN4CCOCC4)cc3)n2)c1,3.0785682791331395,3.3871336072852958,,-4.27083521030723,1.802773725291976,3.5548645382859334,-4.673050005834002,0.0530784434834196,2.9
Fc1cc(-c2ccnc(Nc3ccc(CN4CCOCC4)cc3)n2)cc(N2CCOCC2)c1,4.254599024987376,5.568946973906866,,-5.8996294548824375,2.1844074854123203,3.511923447850146,-5.031050319018657,-0.2757241303992109,3.6
NC(=O)Cc1ccc(Nc2nccc(-c3cc(F)cc(N4CCOCC4)c3)n2)cc1,,,,-5.3872161432802645,1.0492180226701815,2.526339277389844,-4.760700520873107,0.1003705451175629,2.8
CN1CCN(c2cc(F)cc(-c3ccnc(Nc4ccc(CC(N)=O)cc4)n3)c2)CC1,,,,-4.913640169325252,1.3053513694466237,3.067033639842262,-4.929223537156565,0.3820170425748684,2.5
CC(C)N1CCN(c2ncn(-c3ccc(Nc4ncc(-c5ccccc5)cn4)cc3)n2)CC1,,,,-5.525783735923745,1.7024305364455252,3.4679039465228003,-5.5934598195660445,-0.1870866433571444,4.0
CC(C)N1CCN(c2ncn(-c3ccc(Nc4ncc(-c5cccc(F)c5)cn4)cc3)n2)CC1,,,,-5.860120913598763,1.791690649020118,3.459618623917375,-5.815308569182402,-0.2441251443275086,4.1
Cn1nc(C(=O)N2CCN(Cc3ccc(Cl)cc3)CC2)c2ccccc21,,,,-4.537602002101044,1.6190933306267428,3.347895693493232,-4.4037328736044845,-0.1804560644581313,3.5
CN(c1ccc(Cl)cc1)C1CCN(C(=O)c2n[nH]c3ccccc23)CC1,,,,-5.812479279163537,1.4065401804339552,3.071661123441788,-4.964970717797632,-0.1135092748275181,4.5
O=C(c1n[nH]c2ccccc12)N1CCN(Cc2ccc(Cl)c(F)c2)CC1,,,,-5.580044251510242,1.3483048630481609,3.043087072166329,-4.508078287413849,-0.3010299956639812,3.9
O=C(c1n[nH]c2ccccc12)N1CCN(Cc2ccc(Cl)cc2F)CC1,,,,-5.476253533188435,1.4800069429571503,3.015611204503512,-4.4805658050862975,-0.1674910872937636,3.8
CCCn1nc(C(=O)N2CCN(Cc3ccc(Cl)cc3)CC2)c2ccccc21,,,,-6.292429823902063,2.085290578230065,3.567684958437205,-5.202732459169283,-0.2146701649892329,4.6
CC(C)n1nc(C(=O)N2CCN(Cc3ccc(Cl)cc3)CC2)c2ccccc21,,,,-5.578396073130169,2.050379756261458,3.5491013965831826,-5.020451625295905,-0.0861861476162833,4.3
O=C(c1noc2ccccc12)N1CCN(Cc2ccc(Cl)cc2)CC1,,,,-5.6307841425898575,1.9854264740830017,3.437417581766818,-4.6192462291961,-0.2518119729937995,3.9
O=C(c1nsc2ccccc12)N1CCN(Cc2ccc(Cl)cc2)CC1,,,,-5.982966660701219,1.863322860120456,3.5611133146522547,-4.576262750017671,-0.1938200260161128,4.0
COc1ccc2[nH]c3c(=O)n(CC4CCC(=O)NC4)cnc3c2c1,,,,-4.151195298948196,0.5314789170422551,1.9876662649262744,-5.619788758288394,0.9827233876685452,1.2
COc1ccc2[nH]c3c(=O)n(CC4CC5(CNC5)C4)cnc3c2c1,,,,-4.076755981369724,0.0,1.824125833916549,-5.696803942579511,0.4183012913197454,-0.5
COc1ccc2[nH]c3c(=O)n(C[C@@H]4CCCN(C)C4)cnc3c2c1,0.1000834585569826,,,-4.168770306132937,0.2787536009528289,1.974971994298069,-4.523748203992967,-0.0132282657337551,1.4
COc1ccc2[nH]c3c(=O)n(C[C@H]4CCCN(C)C4)cnc3c2c1,,,,-4.1249387366083,0.1760912590556812,1.5954962218255742,-4.576918041702769,0.0293837776852096,1.4
COc1ccc2[nH]c3c(=O)n(CCCN4CCCC4)cnc3c2c1,,,,-4.111820506081675,0.0,1.57287160220048,-4.507658746745026,-0.0222763947111522,1.1
COc1ccc2[nH]c3c(=O)n(CCCN4CCC(OC)CC4)cnc3c2c1,,,,-4.142064735280571,0.5563025007672873,1.7634279935629371,-4.482144581069972,0.0606978403536116,1.7
COc1cc2[nH]c3c(=O)n(CCCN4CCCCC4)cnc3c2cc1OC,,,,-4.145086977692144,0.1760912590556812,1.7160033436347992,-4.83209218999852,0.292256071356476,1.2
COc1ccc2[nH]c3c(=O)n(CCCN(C)C4CCCCC4)cnc3c2c1,0.8425404774849349,3.359051760211393,,-4.145086977692144,1.741939077729199,2.329397879361043,-4.4834646261042,-0.1426675035687315,2.0
Cn1cc(C(=O)N2CCN(c3ccc(CN4CC(O)C4)cc3)CC2)c2cccnc21,0.3022808718729335,0.831159291017469,,-4.130768280269024,0.8512583487190752,1.4727564493172125,-5.253365801062421,0.60422605308447,0.4
COc1cc(N)ncc1CCCN(C)CCCn1cnc2c([nH]c3ccccc32)c1=O,,,,-4.103473782510445,0.8388490907372553,1.8407332346118068,-5.823908740944319,1.2789821168654432,1.4
COC1CN(Cc2ccc(N3CCN(C(=O)c4cn(C)c5ccccc45)CC3)cn2)C1,,,,-4.126098402135539,1.24551266781415,1.9800033715837464,-4.537003387971944,0.08278537031645,1.6
COc1ccc2[nH]c3c(=O)n(CCCN(C)CCCc4cnc(N)cc4OC)cnc3c2c1,,,,-4.187086643357144,1.110589710299249,1.9982593384236984,-5.950781977329818,1.395850376018781,1.4
COC1CN(Cc2ccc(N3CCN(C(=O)c4cc(-c5ccccc5)on4)CC3)cc2)C1,3.663561646129645,,,-4.434152181326483,1.0374264979406236,3.1268130100415528,-4.4971633613789965,-0.1674910872937636,2.7
COC1CN(Cc2ccc(N3CCN(C(=O)c4cn(C)c5ccccc45)CC3)cc2)C1,1.6656874577527163,2.4908800588068045,,-4.195179321278838,1.4913616938342726,2.3727279408855955,-4.560036064079095,0.0128372247051722,1.9
COC1CN(Cc2ccc(N3CCN(C(=O)c4cc5ccccc5n4C)CC3)cc2)C1,,,,-4.175874166083451,1.9030899869919435,2.882979654037299,-4.556111453222628,-0.1938200260161128,2.3
COC1CN(Cc2ccc(N3CCN(C(=O)c4cc(-c5ccccc5)n(C)n4)CC3)cc2)C1,,,,-4.127261172527331,1.1643528557844371,2.6942541120252783,-4.44502654166676,-0.1023729087095585,2.3
COC1CN(Cc2ccc(N3CCN(C(=O)c4c(C)n(C)c5ccccc45)CC3)cc2)C1,1.8489178830680049,,,-4.152427340857888,2.202215775801132,2.04296907339318,-4.562883906951922,-0.0604807473813814,2.3
COc1cccc2c(C(=O)N3CCN(c4ccc(CN5CC(OC)C5)cc4)CC3)cn(C)c12,2.338303175596125,,,-4.655607726314889,1.4533183400470375,2.683767261425312,-4.619607839942972,-0.1307682802690238,2.5
COc1ccc2c(c1)c(C(=O)N1CCN(c3ccc(CN4CC(OC)C4)cc3)CC1)cn2C,1.982994352088436,,,-4.591760034688151,0.8750612633917001,1.929929560084588,-4.54928912185308,-0.0604807473813814,2.0
COC1CN(Cc2ccc(N3CCN(C(=O)c4c5ccccc5n5ccccc45)CC3)cc2)C1,,,,-4.18309616062434,2.3140779917792127,2.8773137433122384,-4.70377371273884,0.0086001717619175,2.7
COc1ccc2[nH]c3c(=O)n(CCCN4CCCCC4)cnc3c2c1,0.2127994069087656,2.483823812649168,,-4.1249387366083,0.8450980400142568,1.9003671286564705,-4.458046525541763,-0.0969100130080563,1.6
CCOc1ccc2c(c1)c1ncn(CCCN(C)C3CCCCC3)c(=O)c1n2C,2.9235831658856037,4.820281565605036,,,,,,,
Cn1cc(C(=O)N2CCN(c3ccc(CN4CC(C)(O)C4)cc3)CC2)c2cccnc21,,,,-4.216096420727265,0.6901960800285137,1.2405492482825995,-5.326979092871104,0.5490032620257879,0.9
COC1(C)CN(Cc2ccc(N3CCN(C(=O)c4cn(C)c5ncccc45)CC3)cc2)C1,,,,-4.266802734893431,0.3222192947339193,2.4875625602563782,-4.648977147415876,0.0,1.2
Cn1cc(C(=O)N2CCN(c3ccc(CN4CC(CO)C4)cc3)CC2)c2cccnc21,,,,-4.213248577854439,0.1760912590556812,1.1818435879447726,-5.978810700930062,0.9680157139936416,-0.1
COCC1CN(Cc2ccc(N3CCN(C(=O)c4cn(C)c5ncccc45)CC3)cc2)C1,-0.1000834585569826,-1.130873150886331,,-4.1598939055432425,0.0,1.2988530764097066,-4.841939206063395,0.2329961103921538,0.8
Cn1cc(C(=O)N2CCN(c3ccc(CN4CC5(CCCCO5)C4)cc3)CC2)c2cccnc21,,,,-4.297569463554475,1.0413926851582251,2.1775364999298623,-4.602581457648652,-0.0969100130080563,1.8
CN(C)C(=O)Cc1ccc(Nc2nccc(-c3cccc(NS(C)(=O)=O)c3)n2)cc1,,,,-5.230622673923862,1.3579348470004535,3.2770358881721102,-4.903785414653595,0.6646419755561255,2.1
CC(C)N1CCN(c2ncn(-c3ccc(Nc4ncc(-c5cccnc5)cn4)cc3)n2)CC1,,,,-4.086716098239582,2.3939260065858368,3.184719815150272,-4.555642874343972,-0.2218487496163564,2.6
CS(=O)(=O)Nc1cccc(-c2ccnc(Nc3cccc(CN4CCOCC4)c3)n2)c1,,,,-4.127261172527331,1.6794278966121188,3.3738311450738303,-4.531062194334539,0.0755469613925307,2.7
CS(=O)(=O)Nc1cccc(-c2ccnc(Nc3cccc(CC(N)=O)c3)n2)c1,,,,-5.041436116778033,1.3617278360175928,2.747023177451628,-4.533132379645891,0.187520720836463,1.9
CN1CCN(Cc2ccc(Nc3nccc(-c4cccc(F)c4)n3)cc2)CC1,2.787562264029945,5.5174528964647065,,-4.105683937315561,1.359835482339888,3.3505968648286326,-4.640733835393252,-0.1366771398795441,3.2
Fc1cccc(-c2ccnc(Nc3ccc(CN4CCCCC4)cc3)n2)c1,3.1271781596874915,5.806138481293727,,-4.101274818410507,1.2227164711475833,3.120113071407684,-4.692717952966654,-0.1426675035687315,3.3
CN1CCC(Oc2ccc(Nc3nccc(-c4cccc(F)c4)n3)cc2)CC1,,,,-4.135488918941608,1.380211241711606,3.236587640756995,-5.021363051615526,-0.0506099933550872,3.1
c1cc2ccc(-c3ccc(OCCN4CCCCC4)cn3)cc2cn1,,,,-4.047691990337875,0.7708520116421442,2.7973368007753496,-4.647238808276169,-0.0362121726544447,2.6
O=C(c1n[nH]c2ccccc12)N1CCN(Cc2ccc(Cl)nc2)CC1,,,,-4.073143291050307,0.7160033436347992,2.402433346219312,-4.562566556202029,0.021189299069938,2.4
O=C(NC1CN(Cc2ccc(Cl)cc2)C1)c1n[nH]c2ccccc12,,,,-4.531652669587843,1.380211241711606,2.4530123911214554,-4.721475035262983,-0.0915149811213502,3.6
Cc1ccc(CNc2nc(-c3ccccc3)cc(=O)[nH]2)cc1,,,,-7.154901959985743,1.6711728427150832,3.012710712741787,-5.156144577376839,-0.1549019599857432,4.3
Cc1cccc(CNc2nc(-c3ccccc3)cc(=O)[nH]2)c1,,,,-6.080921907623926,1.4199557484897578,2.834293512442696,-4.975925012692573,-0.1487416512809247,
Cc1cccc(CNc2cc(-c3ccccc3)[nH]c(=O)n2)c1,,,,-5.696803942579511,0.785329835010767,2.9395192526186187,-4.585862637815524,0.1522883443830564,3.0
Cc1ccccc1CNc1nc(-c2ccccc2)cc(=O)[nH]1,,,,-5.679853713888946,1.5352941200427703,2.583085366347688,-5.229884705212898,0.0863598306747482,4.0
Cc1ccccc1CNc1cc(-c2ccccc2)[nH]c(=O)n1,,,,-5.718966632752273,0.8061799739838872,2.126131407261984,-4.64685345378602,0.2174839442139062,2.8
CC(C)c1ccc(CNc2nc(-c3ccccc3)cc(=O)[nH]2)cc1,,,,-7.522878745280337,1.155336037465062,2.9887372752888,-5.565431095965801,,4.6
CC(C)c1ccc(CNc2cc(-c3ccccc3)[nH]c(=O)n2)cc1,,,,-6.6777807052660805,1.530199698203082,3.390740866952916,-4.691435586438761,0.0969100130080564,3.9
C[C@H](Nc1nc(-c2ccccc2)cc(=O)[nH]1)c1ccccc1,,,,-5.671620396561262,0.8061799739838872,1.740362689494244,-4.838033383635925,-0.0655015487564322,3.9
C[C@H](Nc1cc(-c2ccccc2)[nH]c(=O)n1)c1ccccc1,,,,-4.460923901207224,0.0,2.087781417809542,-4.656985502849232,0.2329961103921538,2.7
NC(=O)Cc1ccc(Nc2nccc(-c3cccc(S(N)(=O)=O)c3)n2)cc1,,,,-4.596879478824183,0.9684829485539352,2.278753600952829,-6.2839966563652006,1.863620220270316,1.2
Fc1cccc(-c2ccnc(Nc3ccc(CN4CCNCC4)cc3)n2)c1,,,,-4.274088367704952,0.0,2.744605875414239,-5.278189384787454,-0.0809219076239261,1.9
Fc1cccc(-c2ccnc(Nc3cccc(CN4CCOCC4)c3)n2)c1,4.820281565605036,6.163715726160894,,-6.008773924307505,1.850033257689769,3.602211967802297,-5.182434630440219,-0.0177287669604316,4.1
Fc1cc(F)cc(-c2ccnc(Nc3ccc(CN4CCOCC4)cc3)n2)c1,,,,-6.045757490560675,1.7323937598229686,3.1109935173779952,-5.167491087293763,-0.2365720064370627,4.3
O=C(c1n[nH]c2ccccc12)N1CCN(Cc2ccc(Cl)cn2)CC1,,,,-4.214670164989233,1.0718820073061257,2.601408060534684,-4.558619115083489,-0.0457574905606751,2.6
COc1ccc(-c2cc(NCc3ccc(C)cc3)nc(=O)[nH]2)cc1,,,,-6.6777807052660805,2.0453229787866576,2.5190400386483445,-4.84893674664625,0.3856062735983122,3.2
C[C@@H](Nc1cc(-c2ccccc2)[nH]c(=O)n1)c1ccccc1,,,,-4.134303940083929,0.0791812460476248,1.639486489268586,-4.656591406196143,0.1958996524092337,2.7
CC(C)(Nc1cc(-c2ccccc2)[nH]c(=O)n1)c1ccccc1,,,,-4.694648630553377,0.0,2.015778756389041,-4.64569943765464,0.2253092817258628,2.9
O=c1nc(NC2(c3ccccc3)CC2)cc(-c2ccccc2)[nH]1,,,,-4.6439741428068775,0.0,1.7972675408307164,-4.724919101543142,0.3117538610557542,2.7
O=c1nc(NCc2ccccn2)cc(-c2ccccc2)[nH]1,,,,-4.040958607678906,0.0,1.6201360549737576,-5.127261172527331,0.5786392099680724,1.4
Cc1ccc2[nH]nc(C(=O)N3CCC(Nc4ccc(Cl)cc4)CC3)c2c1,5.806138481293727,6.375425581280188,,-5.100726812682396,1.0934216851622351,2.238297067875394,-4.795066477645856,-0.0969100130080563,
Cc1ccc2[nH]nc(C(=O)N3CCC(NCc4ccc(Cl)cc4)CC3)c2c1,,,,-4.638272163982407,1.3263358609287514,2.941660478388392,-4.585360853262991,-0.1611509092627447,
Cc1ccc2[nH]nc(C(=O)N3CCN(Cc4ccc(Cl)cc4)CC3)c2c1,,,,-5.863279432843593,1.569373909615046,2.959804316508338,-4.699404516110037,-0.1366771398795441,
Cn1cc(C(=O)N2CCN(c3ccc(CN4CC(C)(CO)C4)cc3)CC2)c2cccnc21,,,,-4.248720896016658,0.414973347970818,0.7993405494535817,-5.721246399047171,1.0034605321095065,0.2
COCC1(C)CN(Cc2ccc(N3CCN(C(=O)c4cn(C)c5ncccc45)CC3)cc2)C1,,,,-4.248720896016658,0.5314789170422551,2.0791812460476247,-4.711303739409744,0.1958996524092337,1.1
Cn1cc(C(=O)N2CCN(c3ccc(CN4CC5(CCO5)C4)cc3)CC2)c2cccnc21,,,,-4.161780778092374,0.0,1.9025467793139916,-4.628747370875061,0.1335389083702175,1.3
Cn1cc(C(=O)N2CCN(c3ccc(CN4CC5(COC5)C4)cc3)CC2)c2cccnc21,,,,-4.301029995663981,0.0,1.7853298350107671,-4.847100403606253,0.3541084391474008,0.9
Cn1cc(C(=O)N2CCN(c3ccc(CN4CC5(CCCO5)C4)cc3)CC2)c2cccnc21,-0.994622575144062,-1.3862943611198906,,-4.211124884224583,0.8129133566428556,1.8444771757456813,-4.569441230477243,0.1139433523068367,1.5
C[C@@H](Nc1nc(-c2ccccc2)cc(=O)[nH]1)c1ccccc1,,,,-4.8996294548824375,0.7160033436347992,1.5670263661590604,-4.759950227887352,-0.1674910872937636,4.1
O=c1cc(-c2ccccc2)nc(NC2(c3ccccc3)CC2)[nH]1,,,,-5.536107011014093,0.6720978579357175,2.722633922533812,-4.726767165956955,-0.1135092748275181,3.8
O=c1cc(-c2ccccc2)nc(NCc2ccccn2)[nH]1,,,,-4.066512712151295,0.9242792860618816,2.846708145456007,-4.418619311290013,0.0128372247051722,2.5
O=c1ccc2ccc(-c3ccc(OCCN4CCCCC4)cc3)cc2[nH]1,,,,-4.287350298372789,0.7708520116421442,2.059941888061955,-4.473144012874125,-0.1023729087095585,2.7
N#Cc1cccc(-c2ccnc(Nc3ccc(CN4CCOCC4)cc3)n2)c1,,,,-4.690369832574102,2.1290450598879582,3.582733614406448,-4.502793819296046,-0.1079053973095195,3.2
Clc1cccc(-c2ccnc(Nc3ccc(CN4CCOCC4)cc3)n2)c1,,,,-5.72584215073632,1.7678976160180906,3.227398169873655,-5.185086818724926,-0.2218487496163564,4.4
COc1cccc(-c2ccnc(Nc3ccc(CN4CCOCC4)cc3)n2)c1,,,,-5.183758700008217,1.943988875073772,3.612487164045012,-4.649364391741045,-0.1307682802690238,3.8
CN(C)CCOc1cccc(Nc2nc(-c3ccccc3)cs2)c1,,,,-4.153662887870195,1.749736315569061,3.6157712495713072,-5.22548303427145,-0.2291479883578558,3.5
N#CCNC1CCN(C(=O)c2n[nH]c3ccccc23)CC1,,,,-4.046240308266771,0.6127838567197355,1.60422605308447,-4.566390156676282,0.0170333392987803,0.6
CC(=O)Nc1ccc(Nc2cc(N)n3nccc3n2)cc1,,,,-4.074172425375258,0.9822712330395684,2.281260687055013,-5.005682847330363,0.5065050324048721,1.4
CN1CCC(c2ccc(Nc3cc(N)n4nccc4n3)cc2)CC1,,,,-4.1438755557577,0.0,2.157758886046864,-4.645315446045271,0.08278537031645,1.1
Cn1cc(C(=O)N2CCN(c3ccc(CN4CCC4)cc3)CC2)c2ccccc21,,,,-4.071092309756048,0.0,,-4.638083381331357,-0.0969100130080563,1.1
Cn1cc(C(=O)N2CCN(c3ccc(CN4CC(F)C4)cc3)CC2)c2ccccc21,,,,-4.076755981369724,1.7101173651118162,,-4.519274621011513,-0.1487416512809247,2.7
Cn1cc(C(=O)N2CCN(c3ccc(CN4CC(C(F)(F)F)C4)cc3)CC2)c2ccccc21,,,,-5.193141970481182,2.4127964287165438,,-4.799696817018415,0.0755469613925307,
Cn1cc(C(=O)N2CCN(c3ccc(CN4CC(CO)C4)cc3)CC2)c2ccccc21,,,,-4.565431095965802,1.2671717284030135,,-5.528708288941061,1.1717264536532312,0.7
COCC1CN(Cc2ccc(N3CCN(C(=O)c4cn(C)c5ccccc45)CC3)cc2)C1,,,,-4.224753740259764,1.7092699609758308,,-4.638272163982407,0.1139433523068367,1.4
Cn1cc(C(=O)N2CCN(c3ccc(CN4CC(C)(CO)C4)cc3)CC2)c2ccccc21,,,,-4.210419287835575,1.421603926869831,,-5.603800652904264,1.0107238653917732,0.9
COCC1(C)CN(Cc2ccc(N3CCN(C(=O)c4cn(C)c5ccccc45)CC3)cc2)C1,,,,-4.209011524911184,2.009450895798694,,-4.676747899828313,-0.0457574905606751,1.8
Cn1cc(C(=O)N2CCN(c3ccc(CN4CC5(COC5)C4)cc3)CC2)c2ccccc21,,,,-4.139063379299906,1.5010592622177514,,-4.753255290276159,0.1105897102992489,1.5
Cn1cc(C(=O)N2CCN(c3ccc(CN4CC5(CCCCO5)C4)cc3)CC2)c2ccccc21,,,,-4.33161408331,2.3344537511509307,,-4.723538195826756,-0.0177287669604316,2.9
O=C(c1cc[nH]n1)N1CCC(Oc2ccc(Cl)cc2)CC1,,,,-4.251811972993799,0.6989700043360189,3.3990677089490724,-4.326979092871104,-0.2218487496163564,2.6
O=C(c1n[nH]c2ccccc12)N1CCN(c2ccc(Cl)cc2)CC1,,,,-6.086186147616283,1.5211380837040362,2.7900035203904894,-4.466609291982449,-0.1611509092627447,
COc1ccc2[nH]c3c(=O)n(CC[C@H](C)N4CCCCC4)ccc3c2c1,,,,-4.211831628858833,1.2810333672477277,2.158060793936605,-4.5210008683266425,-0.0861861476162833,1.8
COc1ccc2[nH]c3c(=O)n(CC[C@@H](C)N4CCCCC4)ccc3c2c1,,,,-4.184422251675732,1.320146286111054,2.4435758797502576,-4.546528766277064,-0.0655015487564322,1.8
COc1ccc2c(c1)c1cc[nH]c(=O)c1n2CC(C)CN1CCCCC1,,,,-4.216811308924743,1.8312296938670636,3.315172357208987,-4.598427154323554,0.0043213737826425,2.1
O=C1CCc2ccc(-c3ccc(OCCN4CCCCC4)cn3)cc2N1,,,,-4.2335871528876,0.0,1.8260748027008264,-4.442372511573174,-0.0362121726544447,1.9
FC(F)(F)c1cccc(-c2ccnc(Nc3ccc(CN4CCOCC4)cc3)n2)c1,,,,-6.102372908709558,1.7664128471123994,3.1492499125902818,-5.435333935747911,-0.0655015487564322,4.4
FC(F)(F)Oc1cccc(-c2ccnc(Nc3ccc(CN4CCOCC4)cc3)n2)c1,,,,-6.443697499232713,1.8055008581584,3.00264114900004,-5.432973633840939,,4.7
Cc1c[nH]nc1C(=O)N1CCC(Oc2ccc(Cl)cc2)CC1,,,,,0.7481880270062004,2.7155855518931964,-4.359717370303319,-0.1870866433571444,2.9
O=C(c1cc(-c2ccccc2)[nH]n1)N1CCC(Oc2ccc(Cl)cc2)CC1,,,,,0.0,2.126131407261984,,,4.1
COc1cccc2[nH]c3c(=O)n(CCCN4CCCCC4)ccc3c12,1.3069360827079783,3.5471512942852343,,-4.092051478387727,1.1205739312058498,2.023252459633712,-4.488116639021126,-0.0457574905606751,1.9
O=c1c2[nH]c3cc(OC(F)(F)F)ccc3c2ccn1CCCN1CCCCC1,,,,-4.380906669373258,0.7993405494535817,1.7641761323903309,-4.950781977329818,-0.0457574905606751,3.2
COc1ccc2[nH]c3c(=O)n(CCCN4CCCCC4)ccc3c2c1,,,,-4.106793246940152,1.5365584425715302,2.287129620719111,-4.4723700991286615,-0.0457574905606751,1.7
CCc1ccc(CNc2nc(-c3ccccc3)cc(=O)[nH]2)cc1,,,,-6.801342913045578,1.5954962218255742,3.295171106790104,-5.536107011014093,,3.5
CCc1ccc(CNc2cc(-c3ccccc3)[nH]c(=O)n2)cc1,,,,-5.795880017344075,1.4313637641589874,3.354146870586911,-4.528708288941061,0.0791812460476248,
CN(C)c1c[nH]nc1C(=O)N1CCC(Oc2ccc(Cl)cc2)CC1,,,,-4.015022873584507,1.2787536009528289,2.752509400788843,-4.3535962737769305,-0.1549019599857432,2.6
Cn1nc2ccccc2c1C(=O)N1CCC(Oc2ccc(Cl)cc2)CC1,,,,-6.054531414868181,1.3283796034387378,2.461798557525109,-4.653647025549361,-0.0969100130080563,3.9
CN1CCN(c2ccc(Nc3cc(N)n4nccc4n3)cc2)CC1,,,,-3.9706162223147903,0.0,2.480868923687168,-4.485452247339714,0.0,1.4
N#Cc1ccc(OC2CCN(C(=O)c3n[nH]c4ccccc34)CC2)cc1,,,,-5.701146923590294,0.5440680443502757,2.146128035678238,-4.3788237182249645,-0.0969100130080563,3.2
N#Cc1ccc(CN2CCN(C(=O)c3n[nH]c4ccccc34)CC2)cc1,,,,-5.105130343254747,1.1430148002540952,2.409595019396816,-4.334419008982047,0.0,2.6
Nc1cc2oc(=O)[nH]c2cc1-n1cc(OCCN2CCCCC2)cn1,,,,-4.023650020996727,0.0,1.3673559210260189,-4.954677021213342,0.1760912590556812,0.4
CN1CCC(Cc2ccc(Nc3nccc(-c4cccc(F)c4)n3)cc2)CC1,,,,-4.31695296176115,1.130333768495006,3.3365197704104164,-5.657577319177793,-0.0969100130080563,3.3
O=C1CCc2ccc(-n3cc(OCCN4CCCCC4)cn3)cc2N1,,,,-4.084072788302884,0.7923916894982539,2.6122539060964374,-4.476253533188435,0.0,1.6
Fc1cc(-c2ccnc(Nc3ccc(C4CCNCC4)cc3)n2)cc(N2CCOCC2)c1,,,,-4.655607726314889,0.6901960800285137,2.3242824552976926,-5.619788758288394,0.1139433523068367,1.6
Fc1cc(-c2ccnc(Nc3cccc(C4CCNCC4)c3)n2)cc(N2CCOCC2)c1,,,,-4.411168274405793,0.3979400086720376,3.180928319993991,-6.0,0.5563025007672873,1.7
NC(=O)Cc1cccc(Nc2nccc(-c3cccc(OC(F)(F)F)c3)n2)c1,,,,-6.764471553092451,1.8175653695597809,2.923658421793306,-5.036212172654444,0.0,4.0
NC(=O)Cc1cccc(Nc2nccc(-c3cccnc3)n2)c1,1.9187591599893623,1.9367984687040585,,-4.142667503568732,1.9772662124272928,2.8577545220594422,-4.581698708680254,0.041392685158225,1.5
NC(=O)Cc1ccc(Nc2nccc(-c3cccc(F)c3)n2)cc1,,,,-5.314258261397736,1.7795964912578246,2.778368343355874,-4.419075024324381,0.0,2.8
COc1cccc(-c2ccnc(Nc3ccc(CC(N)=O)cc3)n2)c1,,,,-5.11690664142431,2.2377949932739227,2.8776592441116087,-4.537602002101044,0.0,2.8
N#Cc1cccc(-c2ccnc(Nc3ccc(CC(N)=O)cc3)n2)c1,,,,-4.886056647693163,1.3424226808222062,2.534787358629492,-4.543633966870957,0.1139433523068367,2.3
NC(=O)Cc1ccc(Nc2nccc(-c3cccc(OC(F)(F)F)c3)n2)cc1,,,,-5.749579997691106,1.3961993470957363,2.4951278812429334,-4.943095148663527,0.0,3.7
NC(=O)Cc1ccc(Nc2nccc(-c3cccnc3)n2)cc1,,,,-4.022276394711152,1.3521825181113625,2.891760401456672,-4.669586226650809,0.2041199826559248,1.4
COC1CN(Cc2ccc(N3C[C@H]4C[C@@H](C3)N4C(=O)c3cn(C)c4ccccc34)cc2)C1,2.313634929180631,,,-4.0,1.714329759745233,3.1029137027892206,-4.588885581449095,0.08278537031645,2.1
COc1ccc2c(c1)[nH]c1c(=O)n(CCCN3CCCCC3)cnc12,0.4768340347247418,,,-4.223298816011589,,,,,1.7
O=C(c1cccc2[nH]cnc12)N1CCC(Oc2ccc(Cl)cc2)CC1,3.204412762840645,4.898847762943221,,-3.595166283380062,0.0,1.739572344450092,-4.797784224198868,-0.2518119729937995,3.3
Cc1[nH]nc(C(=O)N2CCC(Oc3ccc(Cl)cc3)CC2)c1C(F)(F)F,,,,,0.5910646070264992,2.019116290447073,,,
CCCc1ccc2c(N)c(C(=O)N3CCC(Oc4ccc(Cl)cc4)CC3)sc2n1,,,,-7.698970004336019,1.765668554759014,2.4930395883176515,,,
CCOc1ccccc1-c1cc(C(=O)N2CCC(Oc3ccc(Cl)cc3)CC2)n[nH]1,,,,-6.130768280269024,1.611723308007342,2.84060787900929,,,4.0
Cn1cc(C(=O)N2CCC(Oc3ccc(Cl)cc3)CC2)c2ccccc21,,,,-6.698970004336019,1.4456042032735976,2.520614521878236,-5.112382699664264,0.1072099696478683,
Cc1c(-c2ccccc2)n[nH]c1C(=O)N1CCC(Oc2ccc(Cl)cc2)CC1,,,,-6.055517327849832,0.0,2.0572856444182146,,,4.0
O=C(c1cc(-c2ccccc2C(F)(F)F)n[nH]1)N1CCC(Oc2ccc(Cl)cc2)CC1,,,,-6.481486060122113,0.380211241711606,2.385069776331935,,,4.0
COc1ccc(-c2cc(C(=O)N3CCC(Oc4ccc(Cl)cc4)CC3)[nH]n2)cc1OC,,,,-6.327902142064283,1.3304137733491908,3.055607651708712,,,4.0
COc1ccccc1-c1cc(C(=O)N2CCC(Oc3ccc(Cl)cc3)CC2)[nH]n1,,,,-5.649751981665837,1.0530784434834195,2.307496037913213,,,4.0
COc1ccc(-c2cc(C(=O)N3CCC(Oc4ccc(Cl)cc4)CC3)[nH]n2)c(OC)c1,,6.906754778648553,,-6.259637310505756,0.6812412373755872,3.0792536224300777,-7.301029995663981,0.2380461031287954,4.0
COc1cccc(-c2cc(C(=O)N3CCC(Oc4ccc(Cl)cc4)CC3)[nH]n2)c1,,,,-6.657577319177793,1.146128035678238,2.231979026831504,,,4.0
COc1ccc2[nH]c3c(=O)n(C[C@@H](C)CN4CCCCC4)ccc3c2c1,,,,-4.229147988357856,1.1986570869544226,2.768416088216332,-4.5111673656176,-0.0969100130080563,2.2
COc1ccc2[nH]c3c(=O)n(C[C@H](C)CN4CCCCC4)ccc3c2c1,,,,-4.166215625343521,1.1931245983544616,2.6484575942825224,-4.567511744229494,-0.0915149811213502,2.2
O=c1c2[nH]c3cc(Cl)ccc3c2ccn1CCCN1CCCCC1,3.584547216181675,5.5174528964647065,,-4.2644011003018205,0.6434526764861874,2.2785249647370174,-4.738737131207507,-0.1674910872937636,2.7
COc1ccc2[nH]c3c(=O)n([C@H](C)CCN4CCCCC4)cnc3c2c1,,,,-4.197910742118268,0.5797835966168101,2.2329961103921536,-4.525346746637937,0.0253058652647702,1.8
COc1ccc2[nH]c3c(=O)n([C@@H](C)CCN4CCCCC4)cnc3c2c1,,,,-4.095825631715837,0.5797835966168101,2.115277591395901,-4.555642874343972,-0.0362121726544447,1.8
COc1ccc2[nH]c3c(=O)n(CC4(CN5CCCCC5)CC4)cnc3c2c1,,,,-4.3223930472795065,2.287129620719111,2.801678059035893,-4.5805399272139296,-0.0655015487564322,2.5
CC(C)N1CCN(c2ncn(-c3ccc(Nc4ncc5cccc(Cl)c5n4)cc3)n2)CC1,,,,-5.493494967595128,1.813580988568192,3.128205343962674,-5.779891911959945,0.0043213737826425,4.0
Fc1cc(-c2ccnc(Nc3ccc(N4CCNCC4)cc3)n2)cc(N2CCOCC2)c1,,,,-4.525783735923745,0.0,2.513750150081824,-5.405607449624573,0.0,2.0
NC(=O)Cc1cccc(Nc2nccc(-c3cccc(N4CCOCC4)c3)n2)c1,,,,-5.539102157243452,1.4393326938302626,3.0581222157829138,-4.608535588160897,0.1105897102992489,2.4
CN1CCN(c2cccc(-c3ccnc(Nc4cccc(CC(N)=O)c4)n3)c2)CC1,,,,-4.263603497723357,1.2174839442139065,3.2513705054967024,-5.00436480540245,0.5865873046717549,1.9
COc1cccc(-c2ccnc(Nc3cccc(CC(N)=O)c3)n2)c1,,,,-5.747146969020107,2.3068537486930087,3.378652224908501,-4.54030602352203,0.0374264979406236,2.8
N#Cc1cccc(-c2ccnc(Nc3cccc(CC(N)=O)c3)n2)c1,3.231428290939323,3.5471512942852343,,-4.913640169325252,1.951823035315912,3.307923703611882,-4.535957794561189,0.1038037209559568,2.3
NC(=O)Cc1ccc(Nc2nccc(-c3cccc(N4CCOCC4)c3)n2)cc1,2.863258522487603,3.944133480398922,,-5.47755576649368,1.4199557484897578,3.0280015793468578,-4.597910649427903,0.187520720836463,2.3
Fc1cccc(-c2cccc(Nc3ccc(CN4CCOCC4)cc3)n2)c1,,,,-5.6439741428068775,1.2148438480476975,3.218194027092984,-5.430626090384954,-0.0969100130080563,4.0
CS(=O)(=O)Nc1cccc(-c2ccnc(Nc3ccc(CN4CCOCC4)cc3)c2)c1,,,,-5.175223537524454,1.7810369386211318,3.3838871442603904,-4.907981529247203,0.3502480183341628,2.9
CS(=O)(=O)Nc1cccc(-c2cncc(Nc3ccc(CN4CCOCC4)cc3)n2)c1,,,,-5.388276691992658,2.413132050434872,3.912838242940497,-5.1095789811990855,0.6989700043360189,2.8
CC(C)c1c[nH]nc1C(=O)N1CCC(Oc2ccc(Cl)cc2)CC1,,,,-4.431798275933005,1.5211380837040362,2.931305281421673,-4.921543181946707,0.0681858617461616,3.9
O=C(c1n[nH]cc1-c1ccccc1)N1CCC(Oc2ccc(Cl)cc2)CC1,,6.212606095751518,,-4.860120913598763,0.9912260756924948,2.561697532653993,-5.361510743045363,0.0681858617461616,3.7
O=C(c1n[nH]c2cc(F)ccc12)N1CCC(Oc2ccc(C(F)(F)F)cc2)CC1,,,,-6.6777807052660805,0.0,1.5599066250361124,-5.317854923626168,,4.6
N#Cc1ccc(OC2CCN(C(=O)c3n[nH]c4cc(F)ccc34)CC2)cc1,,,,-6.259637310505756,0.8450980400142568,2.059184617631371,-4.3436142809413125,-0.0861861476162833,3.8
O=C(c1n[nH]c2cc(F)ccc12)N1CCN(Cc2ccc(C(F)(F)F)cc2)CC1,,,,-5.747146969020107,1.6821450763738317,2.781970673912552,-4.954677021213342,0.1205739312058498,4.6
O=C(c1n[nH]c2cc(F)ccc12)N1CCN(Cc2ccc(Cl)cc2)CC1,,,,-5.785156151952302,1.7226339225338123,2.7428036584691657,-4.77780395369828,0.0569048513364725,4.2
N#Cc1ccc(CN2CCN(C(=O)c3n[nH]c4cc(F)ccc34)CC2)cc1,,,,-5.598599459218456,1.320146286111054,2.4765418090274287,-4.4320330931768455,-0.0362121726544447,3.0
COc1ccc2c(C(=O)N3CCC(Oc4ccc(C(F)(F)F)cc4)CC3)n[nH]c2c1,,,,-7.096910013008056,1.4281347940287887,1.7708520116421442,-5.549750891680639,0.1583624920952496,
O=C(c1n[nH]c2ccccc12)N1CCC(Oc2ccc(Cl)nc2)CC1,,,,-5.199282921717615,0.5563025007672873,2.141763230275788,-4.371406744148741,0.0718820073061253,3.2
O=C(c1n[nH]c2cc(F)ccc12)N1CCC(Oc2ccc(Cl)nc2)CC1,,,,-5.651695136951839,0.7634279935629372,2.1535099893008374,-4.322940822607839,0.0170333392987803,3.7
COc1ccc2c(C(=O)N3CCC(Oc4ccc(Cl)nc4)CC3)n[nH]c2c1,,,,-5.486782399932061,2.3188977146274867,2.243534101832062,-4.422163658707256,-0.1487416512809247,3.3
COc1ccc2[nH]c3c(=O)n(CC(C)(C)CN4CCCCC4)ccc3c2c1,,,,-5.030584087646019,1.577491799837225,2.5631249603380444,-4.668572703479257,0.0128372247051722,2.8
COc1ccc2c(c1)[nH]c1c(=O)n(CCCN3CCCCC3)ccc12,1.4828322881625375,3.442277407405623,,-4.031517051446065,1.0,2.0051805125037805,-4.581367312645934,-0.0506099933550872,1.8
O=c1c2[nH]c3c(C(F)(F)F)cccc3c2ccn1CCCN1CCCCC1,,,,-4.121478204498794,0.9822712330395684,2.538573733806856,-4.814741234703415,-0.0315170514460648,2.7
O=c1c2[nH]c3cc(C(F)(F)F)ccc3c2ccn1CCCN1CCCCC1,,,,-4.568636235841013,0.7923916894982539,1.877371345869774,-5.103473782510445,-0.0604807473813814,3.0
O=c1c2[nH]c3cccc(C(F)(F)F)c3c2ccn1CCCN1CCCCC1,,,,-4.638272163982407,0.7781512503836436,1.9020028913507292,-5.013228265733755,0.0644579892269184,3.0
COc1ccc2[nH]c3c(=O)n(CCN4CCCCC4)ccc3c2c1,,,,-4.166215625343521,1.4313637641589874,3.3871405694653007,-4.605898697959955,-0.0177287669604316,2.4
COc1ccc2[nH]c3c(=O)n(CCCN4CCCCC4)cc(F)c3c2c1,,,,-4.083019952679618,1.0492180226701815,2.207365037469072,-4.632085261206248,-0.1487416512809247,2.3
COc1ccc2[nH]c3c(=O)n(CCN4CCCCC4)cc(F)c3c2c1,,,,-4.943095148663527,1.515873843711679,3.4939318217735464,-4.648203693102976,-0.0604807473813814,3.2
COc1cccc(Nc2cc(C)nc3ccc(-c4ncc[nH]4)cc23)c1,,,,-5.08460016478773,1.8149131812750736,3.3115843472043034,-5.061480274823508,0.693726948923647,3.6
CN1CCC(c2ccc3[nH]nc(C(=O)N4CCC(Oc5ccc(Cl)cc5)CC4)c3c2)CC1,,,,-4.38933983691012,1.3159703454569178,3.783417583356413,-5.522878745280337,0.5078558716958309,3.1
O=C(c1n[nH]c2cc(F)ccc12)N1CCC(Oc2ccc(Cl)cn2)CC1,,,,-5.943095148663527,0.8920946026904804,2.188084373714938,-4.828858848971618,0.0374264979406236,4.3
O=C(c1n[nH]c2ccccc12)N1CCC2(CC1)CN(c1ccc(Cl)cc1)C2,,,,-7.0,0.5910646070264992,2.6586790285824486,-5.407823242604133,0.4593924877592308,4.4
O=C(c1n[nH]c2ccccc12)N1C2CCC1CN(Cc1ccc(Cl)cc1)C2,,,,-7.522878745280337,1.688419822002711,2.798581594728548,-5.377785977033705,0.2833012287035495,4.8
Nc1cc2c(cc1-n1cc(OCCN3CCCCC3)cn1)NC(=O)CC2,,,,-4.168770306132937,0.1760912590556812,1.6875289612146342,-5.048662481204082,0.3617278360175928,0.5
Fc1cccc(-c2ccnc(Nc3ccc(CN4CCOCC4)cc3)c2)c1,,,,-5.1180450286604,1.615950051656401,3.6555801911718633,-5.297569463554475,-0.2518119729937995,4.3
Fc1cccc(-c2cncc(Nc3ccc(CN4CCOCC4)cc3)n2)c1,,,,-5.795880017344075,2.082066934285113,3.353781634528817,-5.245651664288981,0.0086001717619175,4.4
Fc1cccc(-c2nccc(Nc3ccc(CN4CCOCC4)cc3)n2)c1,,,,-4.546681659952962,1.9929950984313416,3.5220136381940224,-5.021819483062586,-0.0861861476162833,3.7
Fc1cccc(-c2cc(Nc3ccc(CN4CCOCC4)cc3)ncn2)c1,,,,-4.473660722610156,1.720985744153739,3.2232102977758625,-4.757955760630449,0.1367205671564068,3.5
CS(=O)(=O)Nc1cccc(-c2cccc(Nc3ccc(CN4CCOCC4)cc3)n2)c1,,,,-4.5003129173815966,1.6830470382388496,3.038023740045158,-4.900664722314042,0.0681858617461616,3.0
CS(=O)(=O)Nc1cccc(-c2nccc(Nc3ccc(CN4CCOCC4)cc3)n2)c1,,,,-4.301029995663981,1.714329759745233,3.6169059190133614,-5.224025668870631,0.8068580295188175,2.7
CS(=O)(=O)Nc1cccc(-c2cc(Nc3ccc(CN4CCOCC4)cc3)ncn2)c1,,,,-4.168130225719499,1.434568904034199,2.4840149626675627,-5.101274818410507,0.8260748027008264,2.5
Fc1cccc(-c2ccnc(Nc3ccc(CN4CC(F)C4)cc3)n2)c1,,,,-5.073143291050307,1.8597385661971468,3.375444125505117,-4.952725132615821,-0.0132282657337551,3.9
O=C(c1n[nH]c2ccccc12)N1CCC(Oc2ccc(Cl)cn2)CC1,,,,-5.549750891680639,1.0718820073061257,2.271376871894075,-4.781464494783473,0.1271047983648076,4.0
Fc1cccc(-c2ccnc(Nc3ccc(CN4CCC(F)(F)CC4)cc3)n2)c1,,,,-6.356547323513813,2.009450895798694,3.472917269345676,-5.7447274948966935,-0.0362121726544447,
CS(=O)(=O)Nc1cccc(-c2ccnc(Nc3ccc(CN4CCC(F)(F)CC4)cc3)n2)c1,,,,-6.318758762624412,2.616580530085886,4.004080510061908,-4.85078088734462,-0.1366771398795441,3.9
Fc1cccc(-c2ccnc(Nc3ccc(CN4CCC4)cc3)n2)c1,,,,-4.1438755557577,1.2278867046136734,3.574181797057869,-4.6201508212371705,-0.4089353929735008,2.5
COC1CN(Cc2ccc(Nc3nccc(-c4cccc(F)c4)n3)cc2)C1,,,,-4.301029995663981,1.4265112613645752,3.519486722064457,-4.632271453913024,-0.3187587626244128,3.5
COCC1CN(Cc2ccc(Nc3nccc(-c4cccc(F)c4)n3)cc2)C1,,,,-4.229147988357856,1.1205739312058498,3.138081546495746,-4.625068446021812,-0.3372421683184259,3.0
Fc1ccccc1-c1ccnc(Nc2ccc(CN3CCOCC3)cc2)n1,,,,-5.5003129173815966,1.745855195173729,3.627898155557663,-4.672028376376989,-0.1674910872937636,3.7
Fc1ccc(-c2ccnc(Nc3ccc(CN4CCOCC4)cc3)n2)cc1,,,,-5.099086932262331,1.7730546933642626,3.273464272621346,-4.704652851666382,-0.0969100130080563,3.7
COc1cccc(Nc2cc(C)nc3ccc(C(N)=O)cc23)c1,,,,-4.534617148551582,1.173186268412274,3.1536929400085505,-4.667359589612538,0.2278867046136735,2.5
CNC(=O)c1ccc2nc(C)cc(Nc3cccc(OC)c3)c2c1,,,,-4.199970640755866,1.4653828514484182,2.9950645341561417,-4.512861624522814,0.021189299069938,2.9
COc1ccc2c(C(=O)N3CCC(Oc4ccc(Cl)cn4)CC3)n[nH]c2c1,,,,-6.537602002101044,1.808885867359812,2.3140779917792127,-4.853561864714226,-0.0757207139381183,3.3
O=C(c1n[nH]c2ccccc12)N1C2CCC1CC(Oc1ccc(Cl)cc1)C2,6.906754778648553,6.906754778648553,,-5.863279432843593,0.7634279935629372,2.243286146083446,-5.341035157335565,-0.0362121726544447,
O=C(c1n[nH]c2ccccc12)N1[C@@H]2CC[C@H]1CC(Oc1ccc(Cl)cc1)C2,,,,-7.698970004336019,0.9444826721501688,2.061829307294699,-5.954677021213342,-0.0409586076789063,
COc1cccc2c1[nH]c1c(=O)n(CCCN3CCCCC3)ccc12,,,,-4.083019952679618,1.1702617153949575,2.833656996892872,-4.6439741428068775,-0.1135092748275181,2.0
O=c1c2[nH]c3c(OC(F)(F)F)cccc3c2ccn1CCCN1CCCCC1,,,,-4.1791420105603,0.7781512503836436,2.26150077319828,-4.62397081827182,-0.0915149811213502,3.0
O=c1c2[nH]c3ccc(OC(F)(F)F)cc3c2ccn1CCCN1CCCCC1,,,,-4.886056647693163,0.7993405494535817,1.4712917110589383,-4.846490010699163,-0.0757207139381183,3.4
O=c1c2[nH]c3ccc(Cl)cc3c2ccn1CCCN1CCCCC1,,,,-4.255707016877324,0.7403626894942439,1.9561684304753637,-4.972242795309446,-0.1079053973095195,2.9
O=c1c2[nH]c3ccc(C(F)(F)F)cc3c2ccn1CCCN1CCCCC1,,,,-4.468521082957745,0.7558748556724915,1.4899584794248346,-4.785156151952302,-0.3372421683184259,3.2
COc1cccc(-c2cc(C(=O)NCCCN3CCCCC3)on2)c1,,,,-4.041436116778033,1.021189299069938,1.8739015978644613,-4.496890563328631,-0.0268721464003013,1.8
COc1cccc(-c2cc(C(=O)NCCN3CCCCC3)on2)c1,,,,-4.047691990337875,0.8920946026904804,2.4032921451582543,-4.532243948755967,-0.0757207139381183,2.3
Cn1cc(C(=O)N2CCC(Nc3ccc(Cl)cc3)CC2)c2ccccc21,,,,-6.7447274948966935,1.290034611362518,2.42829681398288,-4.910094888560602,0.0374264979406236,4.1
CN(c1ccc(Cl)cc1)C1CCN(C(=O)c2cn(C)c3ccccc23)CC1,,,,-5.889410289700751,1.7185016888672742,2.769303460189082,-5.22767829327708,0.0453229787866574,4.6
Cn1cc(C(=O)N2CCN(Cc3ccc(Cl)cc3)CC2)c2ccccc21,,,,-4.779891911959945,1.792391689498254,3.640103625305095,-4.597738617545319,-0.0809219076239261,3.9
Nc1c[nH]nc1C(=O)N1CCC(Oc2ccc(Cl)cc2)CC1,,,,-4.151195298948196,0.7481880270062004,1.3579348470004535,-4.404724288197901,-0.0409586076789063,2.2
O=C(c1n[nH]c2ccccc12)N1CCC2(CC1)CCN2c1ccc(Cl)cc1,,,,-6.00436480540245,1.2741578492636798,2.515078675075922,-5.073657553374345,0.1846914308175988,
O=C(c1n[nH]c2ccccc12)N1CC2CCC(C1)N2Cc1ccc(Cl)cc1,,,,-5.649751981665837,1.3944516808262162,2.4429498695778618,-4.750557038557417,0.0334237554869497,3.7
O=C(c1n[nH]c2ccccc12)N1CCC(c2ccc(CN3CCC3)cc2)CC1,,,,-4.095825631715837,1.2624510897304295,1.6720978579357175,-4.648977147415876,0.041392685158225,1.7
COc1ccc2[nH]c3c(=O)n(CCCN4CCCCC4)cc(Cl)c3c2c1,,,,-4.669586226650809,1.2013971243204515,2.081707270097349,-4.95663772197887,-0.2441251443275086,2.9
COc1ccc2[nH]c3c(=O)n(CCN4CCCCC4)cc(Cl)c3c2c1,,,,-5.688246138944246,1.5634810853944108,2.8120438979302267,-4.88672530753565,-0.2076083105017461,3.7
COC1CN(CC#CCN2CCN(C(=O)c3cn(C)c4ccccc34)CC2)C1,,,,-4.044793462458058,1.5843312243675307,3.440231936226789,-4.741362717275924,0.2013971243204515,1.3
COc1ccc2[nH]c3c(=O)n(CC[C@@H](C)N4CCCCC4)cnc3c2c1,,,,-4.107905397309519,1.1760912590556811,2.2011238972073794,-4.530767257493388,-0.1426675035687315,2.2
COc1ccc2[nH]c3c(=O)n(CC[C@H](C)N4CCCCC4)cnc3c2c1,,,,-4.1700533040583645,1.1702617153949575,2.1925674533365456,-4.497026940934369,-0.2006594505464183,2.2
O=c1c2[nH]c3c(Cl)cccc3c2ccn1CCCN1CCCCC1,,,,-4.136677139879544,1.390935107103379,2.346744054604849,-4.547293773488971,-0.2924298239020636,2.5
Nc1cc2ccncc2cc1-n1cc(OCCN2CCCCC2)cn1,,,,-3.939302159646388,1.2227164711475833,3.0100454126360985,-4.660946264290861,0.0569048513364725,1.6
Nc1ccc(OCCN2CCCCC2)cc1-c1cc2cnccc2cn1,,,,-4.155522824254319,1.2430380486862944,2.9794117826344357,-4.439137305272535,-0.0362121726544447,1.1
Nc1cc2ccncc2cc1-n1ccc(OCCN2CCCCC2)n1,,,,-4.049635145623877,1.2810333672477277,2.521007252408604,-4.601192269796735,-0.1426675035687315,1.6
Nc1cc2c(cc1-n1ccc(OCCN3CCCCC3)n1)NC(=O)CC2,,,,-4.0762380391713,0.0,1.1522883443830565,-4.833569886156718,0.2624510897304294,0.4
Fc1cccc(-c2ccnc(Nc3ccc(CN4CCOCC4)cn3)n2)c1,,,,-5.350665141287858,1.5987905067631152,3.0423392045635507,-4.576918041702769,0.0128372247051722,1.9
Fc1cccc(-c2ccnc(Nc3ccc(N4CCOCC4)cc3)n2)c1,,,,-6.958607314841775,1.4785664955938431,2.243286146083446,-4.989276134608227,0.0293837776852096,3.6
CN1CCC(c2ccc(Nc3nccc(-c4cccc(F)c4)n3)cc2)CC1,,,,-4.2839966563652006,0.5185139398778874,2.838849090737255,-5.250263684430939,-0.0705810742857072,3.0
CN1CCN(c2ccc(Nc3nccc(-c4cccc(F)c4)n3)cc2)CC1,,,,-4.58838029403677,0.9590413923210936,3.05872962075172,-4.934793871945688,-0.0604807473813814,3.3
CN(C)Cc1ccc(Nc2nccc(-c3cccc(F)c3)n2)cc1,,,,-4.200659450546418,1.887617300335736,3.3116691124006112,-4.744486287180466,-0.1426675035687315,2.8
O=C(c1ccc(Nc2nccc(-c3cccc(F)c3)n2)cc1)N1CCOCC1,,,,-5.782516055786094,1.3579348470004535,2.6881527555915663,-4.428174750959171,-0.0457574905606751,3.1
CN1CCC(c2ccc(Nc3nccc(-c4cc(F)cc(N5CCOCC5)c4)n3)cc2)CC1,,,,-4.7594507517174005,1.0253058652647702,2.6798819421128623,-5.345823458122039,0.0253058652647702,3.3
CN1CCC(c2cccc(Nc3nccc(-c4cc(F)cc(N5CCOCC5)c4)n3)c2)CC1,,,,-4.259637310505756,1.0791812460476249,3.339888497223747,-5.406713932979542,-0.1023729087095585,3.4
CN1CCN(c2ccc(Nc3nccc(-c4cc(F)cc(N5CCOCC5)c4)n3)cc2)CC1,,,,-5.58838029403677,1.1398790864012365,3.052655473039527,-4.999132278468773,0.021189299069938,3.5
Fc1cc(-c2ccnc(Nc3cccc(N4CCNCC4)c3)n2)cc(N2CCOCC2)c1,,,,-4.242603971206976,0.8195439355418687,2.465977368285823,-5.314258261397736,-0.0315170514460648,2.5
CN1CCN(c2cccc(Nc3nccc(-c4cc(F)cc(N5CCOCC5)c4)n3)c2)CC1,,,,-4.293282217663242,1.4653828514484182,3.1286254048759505,-5.212539525481585,-0.1366771398795441,3.9
Fc1cccc(-c2ccnc(Nc3ccc(CN4CCOCC4)nc3)n2)c1,,,,-4.2335871528876,1.7275412570285564,2.872039667973286,-4.415329615535652,-0.0362121726544447,3.3
Fc1cccc(-c2cccc(Nc3ccc(C4CCNCC4)cc3)n2)c1,,,,-4.272458742971444,0.0,2.1132746924643504,-6.055517327849832,0.1846914308175988,2.3
O=C(c1n[nH]c2ccccc12)N1CCC(Oc2ccc(C(F)F)cc2)CC1,,,,-5.728158393463501,1.1643528557844371,2.380211241711606,-4.581201709409647,-0.0506099933550872,4.0
O=C(c1n[nH]c2ccccc12)N1CCN(c2ccc(CN3CCC3)cc2)CC1,,,,-4.063486257521107,1.3053513694466237,1.2966651902615312,-4.509339346643864,0.0863598306747482,1.2
O=C(c1n[nH]c2ccccc12)N1CCN(c2ccc(CN3CC(F)C3)cc2)CC1,,,,-4.609064892896621,1.7781512503836436,2.9479236198317262,-4.446845451830375,0.0170333392987803,2.2
COc1ccc2[nH]c3c(=O)n(C[C@H](C)CN4CCCCC4)cnc3c2c1,,,,-4.061480274823508,0.9493900066449128,2.4763968267253302,-4.505011026316832,-0.0457574905606751,1.8
COc1ccc2[nH]c3c(=O)n(C[C@@H](C)CN4CCCCC4)cnc3c2c1,,,,-4.054531414868181,1.08278537031645,2.052693941924968,-4.579549140893932,-0.0506099933550872,1.9
O=c1c2[nH]cc(-c3ccccc3)c2ncn1CCCN1CCCCC1,,,,-4.058488567365597,1.4742162640762553,1.9995654882259823,-4.599289363226768,-0.0861861476162833,2.1
O=c1c2[nH]cc(-c3ccccc3)c2ncn1CCN1CCCCC1,,,,-4.217527375833714,1.8494194137968996,3.2967529176594463,-4.539252458155803,-0.1804560644581313,3.1
O=c1c2[nH]cc(-c3cccnc3)c2ncn1CCCN1CCCCC1,,,,-4.005243055412372,1.7168377232995244,3.190639797844684,-4.793984123236656,0.3483048630481606,1.2
O=c1c2[nH]cc(-c3cccnc3)c2ncn1CCN1CCCCC1,,,,-4.09366495819491,1.7723217067229198,3.321474151030556,-4.532539890492736,0.0492180226701816,2.0
COc1ccc2[nH]c3c(=O)n(CC(C)(C)CN4CCCCC4)cnc3c2c1,,,,-5.014573525916998,2.3201462861110542,2.688775655272845,-4.524474084960719,-0.0705810742857072,3.2
NC(=O)Cc1cccc(Nc2nccc(-c3cc(F)cc(N4CCOCC4)c3)n2)c1,,,,-6.401209493236885,1.1398790864012365,2.303412070596742,-4.690795820329592,0.3404441148401183,2.8
Fc1cc(-c2cccc(Nc3ccc(N4CCNCC4)cc3)n2)cc(N2CCOCC2)c1,,,,-4.448550002027125,0.919078092376074,1.9350031514536548,-5.928117992693875,0.6273658565927327,2.5
Fc1cc(-c2cccc(Nc3cccc(C4CCNCC4)c3)n2)cc(N2CCOCC2)c1,,,,-4.494850021680094,0.0,2.177247836255624,-5.978810700930062,0.8286598965353198,2.2
CN1CCC(c2ccc(Nc3cccc(-c4cccc(F)c4)n3)cc2)CC1,,,,-4.319664486585437,0.9242792860618816,2.2773799746672547,-6.1249387366083,0.3159703454569177,3.7
CN1CCN(c2ccc(Nc3cccc(-c4cccc(F)c4)n3)cc2)CC1,,,,-4.464705879957229,1.1398790864012365,2.8254261177678237,-5.55129368009492,0.1958996524092337,3.9
Fc1cccc(-c2cccc(Nc3ccc(N4CCNCC4)cc3)n2)c1,,,,-4.308034897232639,0.785329835010767,2.104145550554008,-5.767003889607846,0.2718416065364989,2.6
Fc1cccc(-c2cccc(Nc3cccc(C4CCNCC4)c3)n2)c1,,,,-4.434152181326483,1.1702617153949575,1.8221680793680173,-6.017728766960432,0.608526033577194,2.3
Fc1cccc(-c2cccc(Nc3cccc(N4CCNCC4)c3)n2)c1,6.212606095751518,6.906754778648553,,-4.404503778174426,0.7558748556724915,2.256236533205923,-5.669586226650809,0.173186268412274,3.0
CN1CCN(c2ccc(OC3CCN(C(=O)c4n[nH]c5ccccc45)CC3)cc2)CC1,,,,-4.266802734893431,1.4517864355242902,3.249736304568833,-4.566390156676282,-0.0969100130080563,2.4
O=C(c1n[nH]c2ccccc12)N1CCC(Oc2ccc(CF)cc2)CC1,,,,,,,,,
O=C(c1n[nH]c2ccccc12)N1CCC(Oc2ccc(CN3CC(F)C3)cc2)CC1,,,,-4.301029995663981,1.6901960800285136,3.0341871207934528,-4.369673845196053,-0.1135092748275181,3.0
O=C(c1n[nH]c2ccncc12)N1CCC(Oc2ccc(Cl)cc2)CC1,,,,-5.838631997765025,1.0644579892269184,2.042181594515766,-4.341225679155643,-0.0604807473813814,
O=C(c1n[nH]c2cccnc12)N1CCC(Oc2ccc(Cl)cc2)CC1,3.663561646129645,4.701489956993767,,-5.995678626217358,0.0,1.8555191556678,-4.51130830168306,0.1760912590556812,2.9
COc1ccc2[nH]c3c(=O)n(CC4(CN5CCCCC5)CC4)ccc3c2c1,,,,-4.241088107602026,1.66838591669,2.2571984261393445,-4.513569521145566,-0.0861861476162833,2.2
COCC1CN(Cc2ccc(N3C4CC3CN(C(=O)c3cn(C)c5ccccc35)C4)cc2)C1,,,,-4.1700533040583645,1.1271047983648077,2.55942779975949,-5.182434630440219,0.7387805584843692,0.8
O=c1c2[nH]c3cccc(Cl)c3c2ccn1CCCN1CCCCC1,,,,-4.35261702988538,1.5092025223311027,2.2487087356009177,-4.641113795594131,-0.1804560644581313,2.9
CN1CCC(c2cccc(Nc3cccc(-c4cccc(F)c4)n3)c2)CC1,,,,-4.294136287716081,0.9084850188786496,2.4763968267253302,-5.91721462968355,0.1760912590556812,3.8
CN1CCN(c2cccc(Nc3cccc(-c4cccc(F)c4)n3)c2)CC1,,,,-4.337242168318426,1.4742162640762553,3.2121876044039577,-5.777283528852417,0.0791812460476248,4.4
c1cc2ccc(-n3cc(OCCCN4CCCC4)cn3)cc2cn1,,,,-4.013228265733755,1.1702617153949575,2.6223176608338443,-4.613857891069181,-0.0362121726544447,1.5
CN(C)Cc1ccc(Nc2cccc(-c3cccc(F)c3)n2)cc1,,,,-4.18309616062434,1.611723308007342,3.5133108434738616,-5.161780778092374,-0.0969100130080563,3.2
Fc1cncc(-c2cccc(Nc3ccc(CN4CCOCC4)cc3)n2)c1,,,,-4.297569463554475,2.298197867109815,3.2637070646074315,-4.505011026316832,-0.1135092748275181,3.6
c1cncc(-c2cccc(Nc3ccc(CN4CCOCC4)cc3)n2)c1,,,,-4.130768280269024,1.910090545594068,3.1487568513217923,-4.519131076312832,-0.0362121726544447,3.2
Fc1cccc(-c2cccc(Nc3ccc(CN4CCOCC4)cn3)n2)c1,4.329720681971944,5.806138481293727,,-5.300162274132754,1.5145477526602862,3.1305267453841634,-4.609064892896621,0.0128372247051722,4.0
Fc1cccc(-c2cccc(Nc3ccc(CN4CCOCC4)nc3)n2)c1,,,,-4.400116927926312,1.5378190950732742,2.913601949729157,-4.598771832501887,-0.1135092748275181,4.0
O=C(c1c[nH]c2ccccc12)N1CCC(Oc2ccc(C(F)(F)F)cc2)CC1,,,,-6.221848749616356,0.7708520116421442,1.8228216453031043,-5.381951903287908,0.3010299956639812,
Cc1ccc2[nH]cc(C(=O)N3CCC(Nc4ccc(Cl)cc4)CC3)c2c1,5.5174528964647065,6.906754778648553,,-4.892790030352131,0.7160033436347992,1.7075701760979365,-5.251037138743839,0.3201462861110539,
O=C(c1n[nH]c2ccccc12)N1C2CC1CN(Cc1ccc(Cl)cc1)C2,,,,-5.82102305270683,2.8961954104542107,3.731943146668584,-4.681519274825483,0.0569048513364725,
O=C(c1n[nH]c2ccccc12)N1CCC(c2ccc(Cl)cc2)CC1,,,,-6.022276394711152,1.2253092817258628,2.5179872030250783,-5.00788851221305,-0.3565473235138126,4.5
O=C(c1n[nH]c2cnccc12)N1CCC(Oc2ccc(Cl)cc2)CC1,,,,-4.274905478918531,0.9822712330395684,2.813981075636472,-4.566230166075134,0.0530784434834196,
O=C(c1ccc(Cl)cc1)N1CCN(C(=O)c2n[nH]c3ccccc23)CC1,,,,-4.991399828238083,0.6434526764861874,2.215637563435062,-4.505428015769802,0.143014800254095,2.7
Cc1ccc2[nH]nc(C(=O)N3CCN(S(=O)(=O)c4ccc(Cl)cc4)CC3)c2c1,,,,-5.39040559077478,1.9614210940664485,2.7825442840100103,-4.61261017366127,0.1271047983648076,4.1
Cc1ccc2[nH]nc(C(=O)N3CCC(Oc4ncc(Cl)cn4)CC3)c2c1,,,,-4.785156151952302,1.3443922736851108,2.4604467838807205,-4.338755391040666,0.0170333392987803,3.3
COCC1CN(Cc2ccc(N3C4CC3CN(C(=O)c3cn(C)c5ncccc35)C4)cc2)C1,,,,-4.021363051615526,0.9344984512435676,1.9350031514536548,-5.421360790031928,0.8904210188009143,0.4
COCC1CN(Cc2ccc(N3CCN(C(=O)c4cnc5ccccn45)CC3)cc2)C1,,,,-3.995678626217357,0.0,1.230448921378274,-4.524619406856639,0.1139433523068367,0.8
COCC1CN(Cc2ccc(N3CC4CC3CN4C(=O)c3cn(C)c4ccccc34)cc2)C1,,,,-4.266000713461613,2.059941888061955,2.793511005792858,-4.796151536253765,0.3747483460101038,1.4
CN1CCN(CCCOc2cnn(-c3ccc4ccncc4c3)c2)CC1,,,,-4.080921907623926,1.5024271199844328,2.6996643202023733,-4.713094647027625,0.0644579892269184,2.0
COC1CCN(CCOc2cnn(-c3ccc4ccncc4c3)c2)CC1,,,,-4.092051478387727,0.9822712330395684,2.929214503737394,-4.667157733005649,0.0170333392987803,2.5
CN1CCC(Cc2ccc(Nc3cccc(-c4cccc(F)c4)n3)cc2)CC1,,,,-4.311580177997289,0.380211241711606,2.544316141747428,-6.431798275933005,0.3654879848908996,3.9
NC(=O)Cc1cccc(Nc2cccc(-c3cccnc3)n2)c1,,,,-4.112382699664264,1.6608654780038692,2.8157769202983625,-5.062482107982653,0.6766936096248666,2.3
NC(=O)Cc1ccnc(Nc2cccc(-c3cccnc3)n2)c1,,,,-4.42021640338319,1.513217600067939,3.0337855168422307,-5.321481620959887,0.8331471119127851,1.8
O=C(c1n[nH]c2ccccc12)N1CCC(N[C@@H](C2CC2)C(F)(F)F)CC1,,,,-5.1700533040583645,1.1903316981702914,3.320540919924581,-4.558933593360737,0.1673173347481761,2.8
O=C(c1n[nH]c2ccccc12)N1CCC(c2ccc(CN3CC(F)C3)cc2)CC1,,,,-4.175223537524454,1.404833716619938,3.4550124501002544,-4.511590311096802,-0.1079053973095195,3.2
O=C(c1c[nH]c2ccccc12)N1CCN(Cc2ccc(C(F)(F)F)cc2)CC1,,,,-6.356547323513813,1.4712917110589383,2.327971623623011,-4.765229704839084,0.3636119798921443,3.9
O=C(c1n[nH]c2ccccc12)N1CC2CC(C1)N2Cc1ccc(Cl)cc1,,,,-4.269217724333611,1.8808135922807916,3.1481088577296967,-4.498666821354434,0.0334237554869497,3.7
O=C1CN(C(=O)c2n[nH]c3ccccc23)CCN1Cc1ccc(Cl)cc1,,,,-5.756961951313706,1.714329759745233,2.8284020784915933,-4.641113795594131,0.3463529744506387,3.2
Cc1ccc2[nH]nc(C(=O)N3CCN(C(=O)c4ccc(Cl)cc4)CC3)c2c1,,,,-4.489454989793388,1.424881636631067,3.019822224167773,-4.709965388637482,0.5646660642520893,3.2
Cc1ccc2[nH]nc(C(=O)N3CCN(Cc4ccc(Cl)cc4)C(=O)C3)c2c1,,,,-6.2441251443275085,2.049218022670181,3.068927611682072,-4.694648630553377,0.561101383649056,3.8
Cc1ccc2[nH]nc(C(=O)N3CCCN(C(=O)c4ccc(Cl)cc4)CC3)c2c1,,,,-4.943095148663527,3.0711452904510828,3.706956621276928,-4.542875373696592,0.4099331233312945,3.0
O=C(c1n[nH]c2ccccc12)N1CCC(Oc2ccc(C3CC3)cc2)CC1,,,,-6.200659450546418,0.9542425094393248,2.66228551572213,-5.08460016478773,0.2988530764097066,4.7
COCC1CN(Cc2ccc(N3CC4CC(C3)N4C(=O)c3cn(C)c4ncccc34)cc2)C1,,,,-4.140261433802853,1.209515014542631,1.9982593384236984,-5.367542707815276,0.6711728427150833,1.0
COCC1CN(Cc2ccc(N3CC4CC(C3)N4C(=O)c3cn(C)c4ccccc34)cc2)C1,,,,-4.192464971931146,1.9982593384236984,2.4652340949880145,-5.066512712151295,0.3304137733491908,1.4
COCC1CN(Cc2ccc(N3CCN(C(=O)c4cn(C)c5ncc(C(F)(F)F)cc45)CC3)cc2)C1,,,,-4.238824186844268,1.1931245983544616,1.6232492903979006,-4.88672530753565,0.2405492482825997,2.0
COCC1CN(Cc2ccc(N3CCN(C(=O)c4cn(C)c5ncc(Cl)cc45)CC3)cc2)C1,1.9187591599893623,3.1523190081791324,,-4.188424994129407,1.0969100130080565,1.7193312869837267,-4.785156151952302,0.1522883443830564,1.7
COCC1CN(Cc2ccc(N3CCN(C(=O)c4cn(C)c5nccnc45)CC3)cc2)C1,,,,-4.1432711096171175,0.0,0.8864907251724818,-5.269217724333611,0.5365584425715301,0.2
COCC1CN(Cc2ccc(-c3c(C(=O)N4C[C@@H](C)N[C@@H](C)C4)c4cccnc4n3C)cc2)C1,,,,-4.081445469449727,0.6627578316815741,1.235528446907549,-6.167491087293763,1.1439511164239635,0.5
CN1CCC(c2ccc(Nc3cccc(-c4cccc(F)c4)n3)cc2)C1,,,,-4.140261433802853,2.8908120989551245,3.6685350050820937,-5.332547047110047,-0.1549019599857432,3.4
CN(C)CCc1ccc(Nc2cccc(-c3cccc(F)c3)n2)cc1,,,,-4.117475462045119,2.8603380065709936,3.5574470461493592,-5.031984286006359,-0.1938200260161128,3.3
O=C(c1n[nH]c2ccccc12)N1CC2CC1CN2Cc1ccc(Cl)cc1,,,,-4.289036881004725,1.8733206018153987,2.933031495102405,-4.522011023749111,0.0,3.9
O=C(c1n[nH]c2ccccc12)N1CCc2c(ncn2Cc2cccc(Cl)c2)C1,,,,-5.528708288941061,2.8614746688571686,3.767897616018091,-4.577738549186398,0.0453229787866574,3.7
O=C(c1n[nH]c2ccccc12)N1CCc2c(ncn2-c2ccc(Cl)cc2)C1,,,,-6.236572006437063,1.2227164711475833,2.3727279408855955,-4.708631149548418,0.0043213737826425,3.8
Cc1ccc2[nH]nc(C(=O)N3CCCN(Cc4ccc(Cl)cc4)C(=O)C3)c2c1,,,,-4.324221658325915,2.76774936734558,3.038023740045158,-4.702677285794698,0.0606978403536116,3.4
O=C(c1n[nH]cc1-c1ccccc1)N1CCC(Oc2ccc(CO)cc2)CC1,,,,-4.126679398184601,1.4517864355242902,2.6424645202421213,-5.274088367704952,0.1673173347481761,2.3
CN(C)Cc1ccc(OC2CCN(C(=O)c3n[nH]cc3-c3ccccc3)CC2)cc1,,,,-4.115771230367396,1.230448921378274,2.6061663146076204,-5.2839966563652006,0.7558748556724915,1.6
O=C(c1n[nH]cc1-c1ccccc1)N1CCC(Oc2ccc(C(F)F)cc2)CC1,,,,-4.609064892896621,1.3424226808222062,2.750199727829182,-5.008773924307505,-0.0132282657337551,3.6
COCC1CN(Cc2ccc(N3CCN(C(=O)c4cn(C)c5ncc(F)cc45)CC3)cc2)C1,0.8236000689573804,1.9924301646902065,,-4.09366495819491,0.8325089127062363,1.561101383649056,-4.619065536669298,0.093421685162235,1.3
COCC1CN(Cc2ccc(N3CCN(C(=O)c4cn(C)c5nc(Cl)ccc45)CC3)cc2)C1,,,,-4.040481623027002,1.187520720836463,1.9334872878487053,-4.568797115443483,-0.0655015487564322,1.7
COCC1CN(Cc2ccc(N3CCN(C(=O)c4cn(C)c5ccc(F)cc45)CC3)cc2)C1,,,,-4.058488567365597,1.711807229041191,2.196452541703389,-4.551448260798422,-0.1249387366082999,1.8
COC1CN(Cc2ccc(N3CCN(C(=O)c4cn(C)c5ccc(F)cc45)CC3)cc2)C1,,,,-4.0851281824599495,1.7041505168397992,2.816373888752362,-4.517269299920057,0.08278537031645,2.3
COCCCN[C@@H](C)COc1cnn(-c2ccc3ccncc3c2)c1,,,,-4.039529222465701,1.271841606536499,3.248046869358661,-4.486516043295743,-0.1249387366082999,1.5
NC(=O)Cc1cccc(Nc2cccc(-c3cccnc3)n2)n1,1.6287621852605028,1.840433765255303,,-4.1444808443322,1.2329961103921538,2.6546577546495245,-4.630042392653947,0.1986570869544226,1.8
NC(=O)Cc1cc(Nc2cccc(-c3cccnc3)n2)ccn1,,,,-3.98296666070122,1.534026106056135,3.13155450976124,-5.804100347590766,1.395326393069351,1.7
NC(=O)Cc1cncc(Nc2cccc(-c3cccnc3)n2)c1,,,,-4.021819483062586,1.6354837468149122,3.2595699896435595,-6.026872146400302,1.6398847419163043,1.8
Fc1cccc(-c2ccnc(Nc3ccc(CC4CCNCC4)cc3)n2)c1,,,,-4.251811972993799,0.5314789170422551,2.919757780501894,-5.498940737782249,0.0128372247051722,1.7
CC(=O)Nc1ccc(Nc2nccc(-c3cccc(F)c3)n2)cc1,,,,-5.739928612014925,1.9703468762300933,3.8101249394753607,-4.508498233762674,-0.0861861476162833,3.4
Fc1cccc(-c2ccnc(Nc3ccc(CN4CCOCC4)cc3)n2)c1F,,,,-5.721246399047171,1.7387805584843692,3.1109935173779952,-5.0996328713435295,-0.2218487496163564,3.9
Fc1ccc(F)c(-c2ccnc(Nc3ccc(CN4CCOCC4)cc3)n2)c1,,,,-5.667561540084395,1.7101173651118162,3.39760981937796,-5.066006836168758,-0.2218487496163564,3.7
Fc1cccc(-c2cccc(Nc3ccc(CC4CCNCC4)cc3)n2)c1,,,,-4.4698003017969175,0.0,2.210318519826232,-6.638272163982407,,2.2
c1cc2ccc(-n3ccc(OCCN4CCCCC4)n3)cc2cn1,,,,-4.079876673709276,2.243781916093795,3.149465450995452,-4.505428015769802,-0.1191864077192086,2.3
Cc1ccc2[nH]nc(C(=O)N3CCC(=O)N(Cc4ccc(Cl)cc4)CC3)c2c1,,,,-5.168130225719499,3.41328299563082,3.858555242671831,-4.557677044254426,-0.0861861476162833,3.3
O=C(c1n[nH]cc1-c1cccnc1)N1CCC(Oc2ccc(Cl)cc2)CC1,,,,-4.267606240177032,2.018284308426531,3.021354713081423,-4.591251393815756,0.0253058652647702,3.0
c1cc(CCNc2ccnc(Nc3ccc(N4CCOCC4)cc3)n2)ccn1,,,,-4.431798275933005,1.0530784434834195,2.547282307963304,-4.534319788401722,0.1553360374650618,2.4
O=C(c1n[nH]cc1-c1ccccc1)N1CCC(Oc2cccc(CO)c2)CC1,,,,-4.173277479831008,1.5352941200427703,2.523486332343228,-4.750312572194699,0.0899051114393979,2.5
CN(C)Cc1cccc(OC2CCN(C(=O)c3n[nH]cc3-c3ccccc3)CC2)c1,,,,-4.140261433802853,1.5250448070368452,2.605628222007619,-5.090979145788844,0.5943925503754267,2.0
O=C(c1n[nH]cc1-c1ccccc1)N1CCC(Oc2cccc(C(F)F)c2)CC1,,,,-4.496209316942819,1.6848453616444126,2.773786444981193,-4.7975116829399065,-0.2146701649892329,3.6
O=C(c1n[nH]cc1-c1ccc(CO)cc1)N1CCC(Oc2ccc(Cl)cc2)CC1,,,,-4.327902142064283,1.8561244442423004,2.8988896559265864,-4.878768544850378,0.3283796034387377,3.1
CN(C)Cc1ccc(-c2c[nH]nc2C(=O)N2CCC(Oc3ccc(Cl)cc3)CC2)cc1,,,,-4.1944991418416,2.2079035303860515,3.621093155258961,-4.762205006726077,0.3138672203691534,2.6
O=C(c1n[nH]cc1-c1ccccc1)N1CCC(Nc2ccc(Cl)cc2)CC1,,,,-4.321481620959886,1.2479732663618066,2.4590907896005865,-4.586867949565128,-0.0915149811213502,3.5
COc1ccc2[nH]c3c(=O)n(C4(CCN5CCCCC5)CC4)cnc3c2c1,,,,-4.095825631715837,0.9493900066449128,2.1436392352745437,-4.644931793651149,0.1072099696478683,1.7
COCC1CN(Cc2ccc(N3C[C@@H]4CC[C@H]3CN4C(=O)c3cn(C)c4ncccc34)cc2)C1,,,,-4.056505484093898,1.0334237554869496,2.082426300860772,-4.816445466381138,0.292256071356476,1.1
COCC1CN(Cc2ccc(N3CCN(C(=O)c4cn(C)c5ncc(OC)cc45)CC3)cc2)C1,,,,-4.052566278112949,0.7481880270062004,1.6503075231319364,-4.795608668080701,0.4232458739368078,1.1
COCC1CN(Cc2ccc(N3CCN(C(=O)c4cn(C)c5ccncc45)CC3)cc2)C1,,,,-4.030584087646019,0.4771212547196624,1.4082399653118496,-5.663540266151471,1.044539760392411,0.2
COCC1CN(Cc2ccc(N3CCN(C(=O)c4cn(C)c5nc(OC)ccc45)CC3)cc2)C1,,,,-4.135488918941608,1.5740312677277188,2.349277527467956,-4.583193128177055,-0.0757207139381183,1.8
COCC1CN(Cc2ccc(N3CCN(C(=O)c4cn(C)c5ncncc45)CC3)cc2)C1,,,,-4.034798298974088,0.3222192947339193,1.462397997898956,-5.273272790973428,0.7626785637274363,-0.1
CO[C@@H]1CCN(Cc2ccc(N3CCN(C(=O)c4cn(C)c5ncccc45)CC3)cc2)C1,,,,-4.091514981121351,0.9590413923210936,2.071513805095089,-4.582030357785263,-0.0087739243075051,1.2
COC[C@H]1COCCN1Cc1ccc(N2CCN(C(=O)c3cn(C)c4ncccc34)CC2)cc1,,,,-3.939302159646388,2.082426300860772,3.484840590762116,-4.447575154295914,0.0334237554869497,2.0
CO[C@H]1CCN(Cc2ccc(N3CCN(C(=O)c4cn(C)c5ncccc45)CC3)cc2)C1,,,,-4.104577453960593,0.7160033436347992,2.172310968521954,-4.526805090795063,0.1105897102992489,1.3
c1cc2ccc(-n3cc(OC4CCNCC4)cn3)cc2cn1,,,,-4.09366495819491,0.6627578316815741,3.1406965525464146,-4.694004117229195,0.1702617153949573,0.2
c1cc2ccc(-n3cc(OC4CNC4)cn3)cc2cn1,,,,-4.005243055412372,0.6627578316815741,2.2902572693945182,-4.481486060122113,-0.0915149811213502,0.7
CN1C(=O)CCc2ccc(-c3ccc(OCCN4CCCCC4)cn3)cc21,,,,-4.104577453960593,0.7634279935629372,2.1245042248342823,-4.52958950902407,-0.0268721464003013,2.2
c1cc(-c2ccnc(Nc3ccc(C4CCNCC4)cc3)n2)cc(N2CCOCC2)c1,,,,-4.209714835966758,0.7075701760979364,2.5350408132511606,-5.020451625295905,0.1003705451175629,1.1
c1cc(-c2ccnc(Nc3ccc(N4CCNCC4)cc3)c2)cc(N2CCOCC2)c1,,,,-4.172630726946175,0.8388490907372553,2.521138083704036,-5.021363051615526,-0.0861861476162833,1.9
c1cc(Nc2cc(-c3cccc(N4CCOCC4)c3)ccn2)cc(C2CCNCC2)c1,,,,-4.216096420727265,0.6989700043360189,2.265996370495079,-5.5934598195660445,0.6242820958356683,1.5
c1cc(-c2ccnc(Nc3ccc(C4CCNCC4)cc3)c2)cc(N2CCOCC2)c1,,,,-4.195860567664649,0.8692317197309762,2.4019172505175748,-5.392544976785332,0.1492191126553798,1.5
c1cc(CN2CCOCC2)cc(Nc2cc(-c3cccc(N4CCOCC4)c3)ccn2)c1,,,,-4.436518914605589,2.2895889525425965,3.5091083925837547,-4.858236769724212,0.0681858617461616,3.7
CN(c1ccc(CN2CCOCC2)cc1)c1nccc(-c2cccc(F)c2)n1,,,,-4.565431095965802,1.9609461957338317,3.44929322530086,-4.877784121727173,-0.0087739243075051,4.0
O=C(c1n[nH]cc1-c1cncnc1)N1CCC(Oc2ccc(Cl)cc2)CC1,,,,-4.22767829327708,1.48572142648158,2.694517453811156,-4.554395796726403,0.1613680022349748,2.4
O=C(c1[nH]ccc1-c1ccccc1)N1CCC(Oc2ccc(Cl)cc2)CC1,,,,-5.72584215073632,2.0,3.1669626638571677,-5.698970004336019,0.0293837776852096,4.5
O=C(c1n[nH]cc1C1CCCCC1)N1CCC(Oc2ccc(Cl)cc2)CC1,,,,-6.036212172654444,2.002597980719909,3.1416378746732714,-5.568636235841013,-0.0132282657337551,
O=C(c1n[nH]cc1C1=CCCCC1)N1CCC(Oc2ccc(Cl)cc2)CC1,,,,-5.931814138253839,1.887617300335736,3.1080235093460886,-5.406713932979542,-0.0969100130080563,4.3
O=C(c1n[nH]cc1C1=CCOCC1)N1CCC(Oc2ccc(Cl)cc2)CC1,,,,-4.245651664288981,1.795184589682424,2.874771637184298,-4.433091344773197,-0.0268721464003013,2.8
O=C(c1n[nH]cc1C1CCCC1)N1CCC(Oc2ccc(Cl)cc2)CC1,,,,-5.539102157243452,1.9057958803678683,2.9409644934928,-5.118615343229427,-0.1191864077192086,3.5
O=C(c1n[nH]cc1C1=CCCC1)N1CCC(Oc2ccc(Cl)cc2)CC1,,,,-5.928117992693875,1.765668554759014,2.831677849191467,-5.191789027075778,-0.0604807473813814,4.1
COCC1CN(Cc2ccc(N3C[C@H]4CC[C@@H]3CN4C(=O)c3cn(C)c4ncccc34)cc2)C1,,,,-4.048662481204082,1.0453229787866574,1.6434526764861874,-5.202040356262804,0.7641761323903307,1.0
CCOc1ccc2c(c1)[nH]c1c(=O)n(CCCN3CCCCC3)ccc12,2.060457163597239,4.4107760479598666,,-4.146301788223826,1.2174839442139065,2.095169351431755,-4.83654044823001,0.1172712956557642,2.2
COCC1CN(Cc2ccc(N3CCN(C(=O)c4cn(C)c5ncccc45)CC3)cc2F)C1,,,,-4.191114132640188,0.2041199826559248,1.739572344450092,-4.661543506395395,0.1583624920952496,1.4
COC[C@@H]1CCCN1Cc1ccc(N2CCN(C(=O)c3cn(C)c4ncccc34)CC2)cc1,,,,-4.029653123769907,1.8221680793680173,2.9527440240148985,-4.722620025332746,0.1931245983544616,1.4
CCOc1ccc2[nH]c3c(=O)n(CCCN4CCCCC4)cnc3c2c1,,,,-4.079876673709276,0.9030899869919436,1.8915374576725643,-4.729787145103757,0.1271047983648076,1.9
CCn1c2ccc(O)cc2c2ncn(CCCN3CCCCC3)c(=O)c21,,,,-4.199282921717615,0.0,2.845965761545484,-4.65286521708998,0.2013971243204515,1.7
CCOc1ccc2c(c1)c1ncn(CCCN3CCCCC3)c(=O)c1n2CC,,,,-4.08196966321512,1.1903316981702914,3.3206447113553983,-4.833273944419949,0.1038037209559568,2.6
COC[C@H]1CCCN1Cc1ccc(N2CCN(C(=O)c3cn(C)c4ncccc34)CC2)cc1,,,,-4.058488567365597,0.9344984512435676,3.0686681432859,-4.661742769753745,0.0530784434834196,1.4
COCC1CN(Cc2ccc(N3CCN(C(=O)c4cn(C)c5ncccc45)CC3)c(F)c2)C1,,,,-4.050609993355088,0.9444826721501688,1.7058637122839193,-4.488383979430862,0.1038037209559568,1.4
COC[C@@H]1COCCN1Cc1ccc(N2CCN(C(=O)c3cn(C)c4ncccc34)CC2)cc1,,,,-4.136677139879544,2.1172712956557644,3.038023740045158,-4.3962062958630375,-0.0409586076789063,2.1
C[C@@H](COc1cnn(-c2ccc3ccncc3c2)c1)NCCCO,-1.4306334793650637,,,-4.025028005701931,,,,,-0.7
CN1CCCCC1c1ccc(Nc2cccc(-c3cccc(F)c3)n2)cc1,5.5174528964647065,,,-4.440093374963888,0.9822712330395684,2.752662943120972,-5.55129368009492,-0.0809219076239261,4.0
CN1CCC(Cc2ccc(Nc3cccc(-c4cccnc4)n3)cc2)CC1,3.204412762840645,4.119037174812478,,-4.1232050237993,1.429752280002408,3.035349676522988,-4.673254620434678,-0.0757207139381183,2.4
Fc1cccc(-c2ccnc(Nc3ccc(OC4CCNCC4)cc3)n2)c1,3.442277407405623,,,-4.392544976785332,,,,,1.7
O=C1CCc2ccc(-c3cccc(OCCN4CCCCC4)n3)cc2N1,3.0785682791331395,3.2591354991539,,-4.146301788223826,1.4116197059632305,3.340999022531442,-4.363913484896927,-0.1191864077192086,2.4
c1cc(-c2ccnc(Nc3ccc(N4CCNCC4)cc3)n2)cc(N2CCOCC2)c1,2.6827323931179192,,,-4.309803919971486,,,,,1.6
c1cc(Nc2nccc(-c3cccc(N4CCOCC4)c3)n2)cc(C2CCNCC2)c1,3.842009204807092,,,-4.173277479831008,,,,,1.2
c1cc(CN2CCOCC2)cc(Nc2nccc(-c3cccc(N4CCOCC4)c3)n2)c1,4.057395776090949,,,-5.272458742971444,,,,,3.5
Fc1ccc(-c2ccnc(Nc3cccc(CN4CCOCC4)c3)n2)cc1N1CCOCC1,4.329720681971944,,,-5.701146923590294,,,,,3.7
Cn1cc(-c2ccnc(Nc3ccc(CN4CCOCC4)cc3)n2)ccc1=O,2.965693764434763,,,-4.075720713938118,,,,,1.8
COCc1ccc(OC2CCN(C(=O)c3n[nH]cc3-c3ccccc3)CC2)cc1,3.442277407405623,,,-4.226945306635738,2.0224283711854865,3.34713478291002,-4.465212641370508,0.0606978403536116,3.0
O=C(c1n[nH]cc1-c1ccccc1)N1CCC(Oc2ccccc2Cl)CC1,4.329720681971944,,,-5.675717544702308,2.629001619286992,3.824203960828624,-5.003926345514724,0.0128372247051722,3.8
CC(C)(C)OC(=O)N1CC=C(c2c[nH]nc2C(=O)N2CCC(Oc3ccc(Cl)cc3)CC2)CC1,6.906754778648553,,,-5.396855627379818,3.2969502395366392,4.0035854599726814,-5.348721986001856,0.0755469613925307,4.2
CN1CC=C(c2c[nH]nc2C(=O)N2CCC(Oc3ccc(Cl)cc3)CC2)CC1,1.5231373036116729,,,-4.145086977692144,,,,,1.9
Cc1ncccc1OC1CCN(C(=O)c2[nH]nc3ccccc23)CC1,2.6021527726798066,,,-4.204119982655925,,,,,2.9
O=C(c1[nH]nc2ccccc12)N1CCC(Oc2ccc(C(F)(F)F)nc2)CC1,3.842009204807092,,,-4.982966660701219,0.5440680443502757,1.8195439355418688,-4.393618634889395,-0.0132282657337551,3.4
O=C(c1[nH]ncc1-c1ccccc1)N1CCC(Oc2ccc(Cl)nc2)CC1,3.2591354991539,,,-4.245651664288981,1.271841606536499,2.756560043006683,-4.442372511573174,0.0606978403536116,2.8
O=C(c1n[nH]cc1-c1ccccc1)N1CCC(Oc2ccc(C(F)(F)F)nc2)CC1,3.3776909339868166,,,-4.294136287716081,0.9294189257142929,2.6476763132408707,-4.489053051327027,0.0718820073061253,3.1
COCC1CN(Cc2ccc(N3CCN(C(=O)c4cn(C)c5cnccc45)CC3)cc2)C1,-0.2492829395172451,,,-4.092051478387727,,,,,0.4
COCC1CN(Cc2ccc(N3CCN(C(=O)c4cn(C)c5nccc(F)c45)CC3)cc2)C1,-0.1442496088445469,,,-4.068542129310995,,,,,0.8
COCC1CN(Cc2ccc(N3CCN(C(=O)c4cn(C)c5cccnc45)CC3)cc2)C1,0.4895482253187058,,,-4.1232050237993,,,,,0.4
COCC1CN(Cc2ccc(N3CCN(C(=O)c4cn(C)c5ncc(C#N)cc45)CC3)cc2)C1,-0.096073830089622,,,-4.092051478387727,,,,,0.7
CCOc1ccc2c3ccn(CCCN4CCCCC4)c(=O)c3n(C)c2c1,2.164326873829161,,,-4.083019952679618,1.0681858617461617,2.208978517276253,-4.771599641296995,-0.1549019599857432,2.6
COCC1CN(Cc2cc(F)c(N3CCN(C(=O)c4cn(C)c5ncccc45)CC3)cc2F)C1,1.2083112059245342,,,-4.135488918941608,,,,,2.0
COc1ccc2c(c1)c1c(Cl)cn(CCCN3CCCCC3)c(=O)c1n2C,3.584547216181675,,,-4.1938200260161125,,,,,3.2
Cn1c2ccccc2c2c(Cl)cn(CCCN3CCCCC3)c(=O)c21,4.254599024987376,,,-4.155522824254319,1.5740312677277188,3.537025310604068,-4.827105302247824,-0.0915149811213502,3.2
COCC1CN(Cc2ccc(N3CCN(C(=O)c4cn(C)c5ncccc45)CC3)c(C(F)(F)F)c2)C1,2.6498216962024177,,,-4.250263684430939,,,,,3.1
COCC1CN(Cc2ccc(N3CCN(C(=O)c4cn(C)c5nc(C)ccc45)CC3)cc2)C1,0.8953840470548413,,,-4.068542129310995,,,,,1.2
c1cc2ccc(-n3cc(OCCN4CCCCC4)cn3)nc2cn1,0.7768461994365925,,,-4.025949097207123,,,,,2.1
NCCOc1cnn(-c2ccc3ccncc3c2)c1,0.0760366130601275,,,-3.9913998282380825,,,,,0.5
Fc1cc(-c2cccc(Nc3ccc(C4CCNCC4)cc3)n2)cc(N2CCOCC2)c1,4.9548205149898585,,,-4.348721986001856,0.4623979978989561,1.6821450763738317,-6.086186147616283,0.3560258571931227,2.0
CN1CCC(c2ccc(Nc3cccc(-c4cc(F)cc(N5CCOCC5)c4)n3)cc2)CC1,5.293304824724491,,,-4.134303940083929,1.0128372247051722,2.4537768596904423,-5.809668301829708,-0.1487416512809247,3.5
CN1CCC(c2cccc(Nc3cccc(-c4cc(F)cc(N5CCOCC5)c4)n3)c2)CC1,3.5110306383048497,6.906754778648553,,-4.146301788223826,1.136720567156407,2.689042339028172,-6.031517051446065,0.0606978403536116,3.7
c1cnc(-c2ccnc(Nc3ccc(CN4CCOCC4)cc3)n2)cn1,2.2540580520993854,,,-3.9281179926938745,,,,,2.3
c1cc(Nc2ccc(CN3CCOCC3)cc2)nc(-c2cnccn2)c1,2.497978731355354,,,-4.022276394711152,1.3159703454569178,3.171960354012677,-4.449894000652408,-0.0315170514460648,2.9
Cn1cc(-c2cccc(Nc3ccc(CN4CCOCC4)cc3)n2)ccc1=O,2.175197255017929,,,-4.132532512140949,,,,,2.1
COCc1cccc(OC2CCN(C(=O)c3n[nH]cc3-c3ccccc3)CC2)c1,3.944133480398922,,,-4.342944147142896,,,,,3.1
Cc1[nH]nc(C(=O)N2CCC(Oc3ccc(Cl)cc3)CC2)c1-c1ccccc1,4.9548205149898585,,,-7.096910013008056,1.4638929889859074,2.553761698390004,-5.304518323509803,0.0453229787866574,3.8
O=C(c1n[nH]cc1C1CCOCC1)N1CCC(Oc2ccc(Cl)cc2)CC1,3.032022274959193,,,-4.559090917934783,,,,,2.9
CN1CCC(c2c[nH]nc2C(=O)N2CCC(Oc3ccc(Cl)cc3)CC2)CC1,1.840433765255303,,,-4.116338564846382,,,,,1.5
O=C(c1[nH]nc2ccccc12)N1CCC(Oc2cnccc2Cl)CC1,4.254599024987376,,,-4.2564902352715706,,,,,3.1
O=C(c1[nH]nc2ccccc12)N1CCC(Oc2cncc(Cl)c2)CC1,4.329720681971944,3.748992436113632,,-4.991399828238083,1.2624510897304295,2.4742162640762557,-4.417595701980972,0.0569048513364725,3.2
Cc1ncccc1OC1CCN(C(=O)c2[nH]ncc2-c2ccccc2)CC1,4.184591440069878,,,-4.244887733604929,,,,,3.4
O=C(c1[nH]ncc1-c1ccccc1)N1CCC(Oc2cncc(Cl)c2)CC1,3.705408756065146,,,-4.193141970481182,2.1166077439882485,3.393206554563365,-4.57218942732401,0.1139433523068367,2.9
Cn1cnc2cc(OC3CCN(C(=O)c4[nH]nc5ccccc45)CC3)ccc21,5.109977737428537,,,-4.219682687859849,,,,,2.6
Cn1cnc2cc(OC3CCN(C(=O)c4[nH]ncc4-c4ccccc4)CC3)ccc21,3.748992436113632,,,-4.197226274708024,,,,,2.4
O=c1c2[nH]c3ccc(O)cc3c2ncn1CCCN1CCCCC1,-0.5408064559779265,,,-4.0195421077239,,,,,0.9
Cn1c2ccc(O)cc2c2ncn(CCCN3CCCCC3)c(=O)c21,0.0200006667066694,,,-4.247183568811729,,,,,1.4
COCC1CN(Cc2ccc(N3C[C@H]4CC[C@@H](C3)N4C(=O)c3cn(C)c4ncccc34)cc2)C1,1.06686359035353,,,-4.140261433802853,,,,,1.4
COCC1CN(Cc2ccc(N3CCN(C(=O)c4cn(C)c5ncccc45)CC3)cc2C(F)(F)F)C1,2.787562264029945,,,-4.297569463554475,1.8149131812750736,2.273232834043045,-4.568314655313988,-0.0409586076789063,2.8
COC1(C)CN(Cc2ccc(N3CCN(C(=O)c4cn(C)c5ncccc45)CC3)c(C(F)(F)F)c2)C1,3.3167800398495717,,,-4.285670240254767,,,,,3.5
COC1(C)CN(Cc2ccc(N3CCN(C(=O)c4cn(C)c5ncccc45)CC3)cc2F)C1,1.4178427188548168,,,-4.525783735923745,,,,,2.0
COc1cccc2c1c1ccn(CCCN3CCCCC3)c(=O)c1n2C,1.680721152653547,,,-4.171984935776023,2.1172712956557644,3.660903405996724,-4.5379016188648444,-0.2006594505464183,2.5
COc1ccc2c3ccn(CCCN4CCCCC4)c(=O)c3n(C)c2c1,1.614245614002204,,,-4.269217724333611,0.8976270912904415,2.822494985278751,-4.567672207738396,-0.1307682802690238,2.1
COC1(C)CN(Cc2cc(F)c(N3CCN(C(=O)c4cn(C)c5ncccc45)CC3)cc2F)C1,2.1428633681173324,,,-4.301029995663981,,,,,2.5
c1cc(OCCN2CCCCC2)cc(-c2ccc3ccncc3n2)c1,2.289455801552252,,,-4.167491087293763,1.809559714635268,3.2498829018636948,-4.560036064079095,-0.1549019599857432,2.5
c1cc2ccc(-n3cc(OCCNC4CCOCC4)cn3)cc2cn1,0.7907856501238609,2.541494124417465,,-4.062482107982653,0.8808135922807914,2.7272158209084925,-4.585026652029182,-0.1249387366082999,1.5
FC1(F)CCC(NCCOc2cnn(-c3ccc4ccncc4c3)c2)CC1,3.231428290939323,3.705408756065146,,-4.187086643357144,1.515873843711679,2.6655809910179533,-4.613322716039162,-0.2291479883578558,2.8
C[C@@H](COc1cnn(-c2ccc3ccncc3c2)c1)NC1CCC(F)(F)CC1,3.663561646129645,,,-4.168770306132937,1.740362689494244,2.7579271831133294,-4.745451922891026,-0.2518119729937995,3.0
c1cc2ccc(-n3cc(OCC4CCN4)cn3)cc2cn1,0.6543941942627117,2.541494124417465,,-4.106793246940152,0.7993405494535817,2.931457870689005,-4.384260311380845,-0.0506099933550872,0.4
CC1(COc2cnn(-c3ccc4ccncc4c3)c2)CNC1,0.7629782750632855,,,-4.0670191780768015,,,,,0.1
CN1C(=O)CCc2ccc(-c3cccc(OCCN4CCCCC4)n3)cc21,2.8830071796339576,2.8830071796339576,,-4.089909454405932,1.4871383754771863,3.34121682814391,-4.377682339166156,-0.1804560644581313,2.6
Fc1ccc(N2CCOCC2)cc1-c1ccnc(Nc2cccc(CN3CCOCC3)c2)n1,3.999219550458301,,,-5.882728704344236,,,,,3.7
Fc1cccc(-c2ccc(F)c(Nc3ccc(CN4CCOCC4)cc3)n2)c1,5.806138481293727,,,-6.060480747381382,,,,,4.6
O=C(c1[nH]nc2ccccc12)N1CCC(Oc2cccnc2C(F)(F)F)CC1,3.7944672166765008,,,-5.111820506081675,2.045714058940868,3.132131560165341,-4.344477403746582,0.0253058652647702,3.5
O=C(c1[nH]ncc1C1CC1)N1CCC(Oc2ccc(Cl)cc2)CC1,4.329720681971944,5.293304824724491,,-4.730487055782084,0.0,2.460897842756548,-4.387852161673513,-0.0177287669604316,3.5
O=C(c1n[nH]cc1C1CCNCC1)N1CCC(Oc2ccc(Cl)cc2)CC1,1.7112627732596188,,,-4.175223537524454,,,,,-0.1
CCc1ncccc1OC1CCN(C(=O)c2[nH]nc3ccccc23)CC1,3.4094961844768497,,,-4.218963061378868,1.9854264740830017,3.0458703924493604,-4.398700689805662,-0.0915149811213502,3.4
O=C(c1n[nH]cc1-c1ccccc1)N1CCC(Oc2cccnc2C(F)(F)F)CC1,2.965693764434763,,,-4.253365801062421,1.6444385894678386,3.2668429487005843,-4.516555351901465,0.187520720836463,3.1
CCc1ncccc1OC1CCN(C(=O)c2[nH]ncc2-c2ccccc2)CC1,3.1523190081791324,,,-4.189767482004916,2.42422807069598,3.8250494360742713,-4.527975302299718,0.1583624920952496,3.0
Cn1cnc2ccc(OC3CCN(C(=O)c4[nH]nc5ccccc45)CC3)cc21,3.623314765621057,2.4022668644598677,,-4.139661993429006,1.271841606536499,2.6403820447095683,-4.488517711373999,0.1105897102992489,2.8
Cn1cnc2ccc(OC3CCN(C(=O)c4[nH]ncc4-c4ccccc4)CC3)cc21,3.032022274959193,,,-4.149966742310231,,,,,2.4
O=c1c2c(ncn1CCCN1CCCCC1)c1cc(O)ccc1n2CC1COC1,-0.1885566769389473,,,-4.024568191490737,,,,,0.8
O=c1c2[nH]c3ccc(OCC4COC4)cc3c2ncn1CCCN1CCCCC1,-0.028001829548493,,,-4.104577453960593,,,,,1.3
O=c1c2c(ncn1CCCN1CCCCC1)c1cc(OCC3COC3)ccc1n2CC1COC1,0.3351009645516907,,,-4.050609993355088,,,,,1.1
CC(C)COc1ccc2c(c1)c1ncn(CCCN3CCCCC3)c(=O)c1n2C,4.254599024987376,,,-4.139063379299906,,,,,3.6
Cn1c2ccc(OCC(F)F)cc2c2ncn(CCCN3CCCCC3)c(=O)c21,2.301485587660629,,,-4.074172425375258,,,,,2.2
COCC1CN(Cc2ccc(N3CCN(C(=O)c4cn(C)c5nc(C6CC6)ccc45)CC3)cc2)C1,3.055048850710409,,,-4.206209615309182,1.6211762817750353,2.335257256434532,-4.553773598221837,-0.0757207139381183,2.3
CCOC1(C)CN(Cc2ccc(N3CCN(C(=O)c4cn(C)c5ncccc45)CC3)cc2)C1,1.5028556495259513,,,-4.196542884351586,,,,,1.9
Cn1c2ccc(OCC3COC3)cc2c2ncn(CCCN3CCCCC3)c(=O)c21,0.8188868585544241,,,-4.180456064458132,,,,,1.6
COC1(C)CN(Cc2ccc(N3CCN(C(=O)c4cn(C)c5ncccc45)CC3)c(F)c2)C1,1.6070398297500872,,,-4.29073003902417,,,,,2.2
COC1(C)CN(Cc2ccc(N3CCN(C(=O)c4cn(C)c5ncccc45)CC3)cc2C(F)(F)F)C1,3.4094961844768497,,,-4.354577730650908,3.0429297333431595,3.554222565542425,-4.4741780478433375,-0.0655015487564322,3.4
COc1ccc2c3ncn(CCCN4CCCCC4)c(=O)c3n(C)c2c1,1.2598483443529955,,,-4.223298816011589,,,,,1.8
COc1ccc2c(c1)[nH]c1c(=O)n(C[C@@H]3CCCN(C)C3)cnc12,0.5279291940930054,,,-4.168770306132937,,,,,1.4
CN1CCC(Nc2ccc(Nc3nccc(-c4cccc(F)c4)n3)cc2)CC1,2.8060150147989065,,,-4.148130399270234,,,,,2.6
O=C1CCc2ccc(-c3cc(OCCN4CCCCC4)ccn3)cc2N1,0.9744219084367256,1.6508063414827436,,-4.054039296422432,0.505149978319906,2.3634239329171765,-4.383734594718292,-0.0655015487564322,2.0
CN1C(=O)CCc2ccc(-c3cc(OCCN4CCCCC4)ccn3)cc21,1.5436865348713205,1.6508063414827436,,-4.070581074285707,0.8388490907372553,2.592398846115564,-4.3585258894959,-0.1191864077192086,2.2
Fc1c(-c2ccnc(Nc3cccc(CN4CCOCC4)c3)n2)cccc1N1CCOCC1,3.346803309596356,,,-5.576754126063192,,,,,3.6
Fc1cccc(-c2cccc(Oc3ccc(CN4CCOCC4)cc3)n2)c1,4.820281565605036,,,-5.113509274827519,,,,,4.5
Clc1cccc2cnc(Nc3ccc(CN4CCOCC4)cc3)nc12,4.254599024987376,,,-5.703334809738469,,,,,3.8
CC(C)Oc1cc(CN2CCOCC2)ccc1Nc1nccc(-c2cccc(F)c2)n1,4.254599024987376,,,-5.581698708680254,,,,,5.1
COc1ccc(-c2cccc(F)c2)nc1Nc1ccc(CN2CCOCC2)cc1,6.212606095751518,,,-5.655607726314889,,,,,4.7
Fc1cccc(-c2csc(Nc3ccc(CN4CCOCC4)cc3)n2)c1,5.293304824724491,,,-6.42021640338319,,,,,4.4
c1cc(Nc2ccc(CN3CCOCC3)cc2)nc(-c2cncnc2)c1,2.2657445237729745,2.0505185022105845,,-4.113509274827518,1.8750612633917,3.436973209519268,-4.288952396132967,-0.0555173278498313,2.5
O=C(c1n[nH]c2cc(OC(F)(F)F)ccc12)N1CCC(Oc2ccc(Cl)cc2)CC1,6.906754778648553,,,-6.698970004336019,,,,,
O=C(c1n[nH]c2cc(OC(F)(F)F)ccc12)N1CCC(Nc2ccc(Cl)cc2)CC1,6.906754778648553,,,-6.698970004336019,,,,,
O=C(c1n[nH]c2cc(OC(F)(F)F)ccc12)N1CCC(Nc2ccc(Cl)cc2F)CC1,3.5110306383048497,,,-7.0,,,,,
Cn1cnc2ccc(-c3c[nH]nc3C(=O)N3CCC(Oc4ccc(Cl)cc4)CC3)cc21,4.119037174812478,4.595119850134589,,-4.318758762624412,3.1213628405633917,4.015066214011149,-5.205511953340831,0.9324737646771531,3.1
Cn1cnc2cc(-c3cn[nH]c3C(=O)N3CCC(Oc4ccc(Cl)cc4)CC3)ccc21,4.057395776090949,,,-4.36251027048749,,,,,3.0
Cn1cnc2c(NC3CCN(C(=O)c4[nH]ncc4-c4ccccc4)CC3)cccc21,4.254599024987376,,,-4.304518323509803,,,,,2.5
Cn1ncc2cc(-c3cn[nH]c3C(=O)N3CCC(Oc4ccc(Cl)cc4)CC3)cnc21,,,,-4.259637310505756,1.9938769149412112,3.453180689702094,,,3.2
O=C(c1[nH]ncc1-c1ccc2ocnc2c1)N1CCC(Oc2ccc(Cl)cc2)CC1,4.820281565605036,5.5174528964647065,,-4.370590400897281,2.0484418035504044,3.206825876031849,-4.81901441921327,0.0492180226701816,3.5
Cn1cnc2cc(-c3c[nH]nc3C(=O)N3CCC(Oc4ccc(Cl)cc4)CC3)cnc21,3.2591354991539,,,-4.298432014944073,,,,,2.6
Cn1cc(-c2c[nH]nc2C(=O)N2CCC(Oc3ccc(Cl)cc3)CC2)cn1,3.442277407405623,,,-4.282329496997738,,,,,2.7
CCOc1ccc2c(c1)c1ncn(CCCN3CCCCC3)c(=O)c1n2C,2.04065551664468,,,-4.220403508742176,,,,,2.4
COc1ccc2c(c1)c1ncn(C[C@@H]3CCCN(C)C3)c(=O)c1n2C,1.0721206732211332,,,-4.193141970481182,,,,,1.7
CN1CCC[C@@H](Cn2cnc3c4cc(OCC5COC5)ccc4n(C)c3c2=O)C1,0.5666940715190188,,,-4.207608310501746,,,,,1.3
CN1CCC[C@@H](Cn2cnc3c4cc(OCC(F)F)ccc4n(C)c3c2=O)C1,2.1113349054557897,,,-4.224025668870631,0.8129133566428556,2.0170333392987803,-4.524038410807576,-0.1366771398795441,2.0
CCOc1ccc2[nH]c3c(=O)n(C[C@@H]4CCCN(C)C4)ccc3c2c1,3.231428290939323,,,-4.295849483160201,,,,,3.2
CCOc1ccc2c(c1)c1c(Cl)cn(CCCN3CCCCC3)c(=O)c1n2C,3.4094961844768497,,,-4.581698708680254,,,,,3.8
COc1ccc2[nH]c3c(=O)n(C[C@@H]4CCN(C)C4)cnc3c2c1,-0.0800427076735365,2.2424811689243405,,-4.161150909262744,0.380211241711606,2.281260687055013,-4.609241471261283,0.1553360374650618,1.0
CC(C)COc1ccc2[nH]c3c(=O)n(C[C@@H]4CCCN(C)C4)ccc3c2c1,3.7944672166765008,,,-4.313363730737707,,,,,3.2
COc1ccc2c(c1)c1ncn(C[C@@H]3CCN(C)C3)c(=O)c1n2C,1.0459685551826876,,,-4.1487416512809245,,,,,1.3
O=c1c2[nH]c3cc(F)ccc3c2ccn1CCCN1CCCCC1,2.633712581456377,3.7944672166765008,,-4.239577516576788,1.0492180226701815,2.039017321997412,-4.453210648368742,-0.0915149811213502,2.0
C[C@H](N)COc1cnn(-c2ccc3ccncc3c2)c1,0.2168457347272194,2.8060150147989065,,-4.051587034221399,0.0,2.3197304943302246,-4.393188853081036,-0.1366771398795441,0.8
CN1CC(Oc2cnn(-c3ccc4ccncc4c3)c2)C1,,,,-4.045757490560675,1.5390760987927767,3.3334472744967503,,,1.8
CN1CCC(Cc2ccc(Nc3cccc(-c4cccc(F)c4)n3)cc2)C1,,,,-4.391473966422806,2.707910665713106,3.227218044771188,,,3.3
Fc1cccc(-c2ccnc(Nc3ccc(NC4CCOCC4)cc3)n2)c1,3.999219550458301,5.5174528964647065,,-5.732828271596986,1.1139433523068367,2.407730728026336,-4.540758335121918,-0.1487416512809247,3.8
Fc1cccc(-c2ccnc(Oc3ccc(CN4CCOCC4)cc3)n2)c1,,,,-4.939302159646388,1.9689496809813425,3.7307742032032265,,,3.3
c1ncc(-c2ccnc(Nc3ccc(CN4CCOCC4)cc3)n2)cn1,,,,-4.057495893831919,1.678518379040114,3.0486748149922294,,,1.8
c1cc(-c2ccnc(Nc3ccc(CN4CCOCC4)cc3)n2)cnn1,2.19722457733622,1.283235342450343,,-4.064996848546345,0.9084850188786496,2.819609732751585,-4.397505931192719,-0.2839966563652008,1.6
c1cc(Nc2ccc(CN3CCOCC3)cc2)nc(-c2ccnnc2)c1,,,,-4.099086932262331,1.4329692908744058,2.869818207979328,,,2.2
O=c1ccc(-c2cccc(Nc3ccc(CN4CCOCC4)cc3)n2)c[nH]1,1.982994352088436,2.121757746414593,,-4.147520006363144,0.9138138523837168,2.739097446117475,-4.696587929403258,0.3692158574101428,2.3
Nc1cc(OCCN2CCCCC2)ccc1-c1ccc2ccncc2c1,2.4560121837882845,3.442277407405623,,-4.08196966321512,1.0453229787866574,2.611298362296429,-4.606600304706898,-0.0757207139381183,2.5
CO[C@@H]1CCN(Cc2cccc(N3CCN(C(=O)c4cn(C)c5ncccc45)CC3)c2)C1,,,,-4.071092309756048,1.434568904034199,2.600537294364469,,,1.7
CCOc1ccc2c(c1)c1ncn(C[C@@H]3CCCN(C)C3)c(=O)c1n2C,2.175197255017929,,,-4.0195421077239,0.8325089127062363,2.1749315935284423,,,2.2
CC(C)COc1ccc2c(c1)c1ncn(C[C@@H]3CCCN(C)C3)c(=O)c1n2C,,,,-4.230622673923862,1.841359470454855,2.335257256434532,,,3.4
CN1CCC[C@@H](Cn2cnc3c4cc(OCC5CC5)ccc4n(C)c3c2=O)C1,2.787562264029945,,,-4.161150909262744,0.5314789170422551,1.8926510338773004,,,2.6
COc1cccc2c1c1ncn(CCCN3CCCCC3)c(=O)c1n2C,,,,-4.06198090252379,1.0334237554869496,3.2619761913978125,,,1.5
CN1CCC[C@@H](Cn2ccc3c([nH]c4ccc(OCC5CC5)cc43)c2=O)C1,2.6995485558468904,,,-4.1438755557577,0.8260748027008264,2.056523724079101,,,2.5
CCOc1ccc2c(c1)c1ccn(C[C@@H]3CCCN(C)C3)c(=O)c1n2C,4.254599024987376,,,-4.20342566678957,1.2576785748691846,2.67052415778208,,,3.6
COc1ccc2c3ccn(C[C@@H]4CCCN(C)C4)c(=O)c3n(C)c2c1,1.7267793494964236,,,-4.092051478387727,0.8195439355418687,2.466422722433792,,,2.1
COc1cccc2c1c1ccn(C[C@@H]3CCCN(C)C3)c(=O)c1n2C,1.7743677265161857,4.885323992019087,,-4.048176964684088,0.9395192526186184,3.5149194664903174,-4.552841968657781,-0.1135092748275181,2.4
COc1cccc2[nH]c3c(=O)n(C[C@@H]4CCCN(C)C4)ccc3c12,,,,-3.9746941347352296,0.4623979978989561,2.9537113804275554,,,2.0
COc1ccc2c(c1)[nH]c1c(=O)n(C[C@@H]3CCCN(C)C3)ccc12,1.1970523614813624,,,-4.040958607678906,0.2041199826559248,1.824125833916549,,,1.8
O=C(c1[nH]cnc1-c1ccccc1)N1CCC(Oc2ccc(Cl)cc2)CC1,,,,-4.271646217978772,1.8591382972945307,2.847572659142112,,,3.7
O=C(c1[nH]ncc1-c1ccccc1)N1CCC(Oc2cnccc2Cl)CC1,,,,-4.254144804826272,2.4622482153549976,3.080770746840722,,,2.7
CN(c1cccc2c1ncn2C)C1CCN(C(=O)c2[nH]ncc2-c2ccccc2)CC1,,,,-4.4089353929735005,1.952792443044092,3.729286310324604,,,2.6
CN(c1ccc(Cl)cc1)C1CCN(C(=O)c2n[nH]c3cc(OC(F)(F)F)ccc23)CC1,,,,-7.0,1.6294095991027189,2.582971929104806,,,
O=C(c1n[nH]cc1-c1ccc2ncoc2c1)N1CCC(Oc2ccc(Cl)cc2)CC1,,,,-4.441291429466834,2.184123354239671,3.4919776747641684,,,3.6
O=C(c1n[nH]cc1-c1ccccc1)N1[C@@H]2CC[C@H]1C[C@H](Oc1ccc(Cl)cc1)C2,5.806138481293727,6.906754778648553,,-5.97469413473523,1.130333768495006,3.09321149181366,-4.996539467890494,0.146128035678238,
Cn1ccc(-c2c[nH]nc2C(=O)N2CCC(Oc3ccc(Cl)cc3)CC2)n1,3.1271781596874915,3.999219550458301,,-4.277366077466188,0.6627578316815741,2.404149249209695,-4.479254528480518,0.0453229787866574,2.5
C[C@@H](COc1cnn(-c2ccc3ccncc3c2)c1)NC1CCC(F)CC1,,,,-4.046723663332696,,2.916822284595912,,,2.6
CN1CC(Cc2ccc(Nc3cccc(-c4cccc(F)c4)n3)cc2)C1,4.4107760479598666,6.906754778648553,,-4.083019952679618,,2.863382348440788,-5.557520230935552,-0.0757207139381183,2.9
CN1CCCC1c1ccc(Nc2cccc(-c3cccc(F)c3)n2)cc1,,,,-4.090443970758825,,3.702111592060133,,,3.7
Fc1cccc(-c2ccnc(Nc3ccc(NC4CCNCC4)cc3)n2)c1,2.376272808785205,6.212606095751518,,-4.184422251675732,,2.103461622094705,-4.988429556402722,0.1238516409670858,1.1
Cn1ccc(-c2cccc(Nc3ccc(CN4CCOCC4)cc3)n2)cc1=O,,,,-4.041914151478915,,2.8174331441113845,,,2.3
Nc1cc2ccncc2cc1-c1ccc(OCCN2CCCCC2)cc1,1.9550845253313536,2.9235831658856037,,-4.006123085058789,,2.563955464995813,-4.953504835665291,-0.2076083105017461,2.8
COc1cncc(-c2c[nH]c3ccc(OCCCN4CCCC4)cc23)c1,,,,-4.021363051615526,,3.105442054801695,,,2.0
Cn1cc(-c2ccc(Cl)nc2)c2cc(OCCCN3CCCC3)ccc21,,,,-4.033389013318065,,3.4991232334042235,,,2.6
CN1CCN(c2c[nH]nc2C(=O)N2CCC(Oc3ccc(Cl)cc3)CC2)CC1,,,,-4.046240308266771,1.3617278360175928,2.3912880485952974,,,2.1
CN(c1ccc(Cl)cc1)C1CC2CCC(C1)N2C(=O)c1[nH]nc2cccnc12,,,,-4.747146969020107,2.7734938922709707,3.873831919363592,,,3.7
O=C(c1[nH]ncc1C#CC1CC1)N1CCC(Oc2ccc(Cl)cc2)CC1,,,,-5.735182176990463,1.2253092817258628,2.658964842664435,,,
COCC#Cc1cn[nH]c1C(=O)N1CCC(Oc2ccc(Cl)cc2)CC1,,,,-4.568636235841013,1.4456042032735976,2.8226910107760546,,,3.1
O=C(c1n[nH]cc1-c1ccccc1)N1[C@@H]2CC[C@H]1C[C@@H](Oc1ccc(Cl)cc1)C2,,,,-5.809668301829708,1.2278867046136734,2.559188189004776,,,4.7
O=C(c1n[nH]c2cccnc12)N1[C@@H]2CC[C@H]1C[C@H](Oc1ccc(Cl)cc1)C2,4.4107760479598666,4.701489956993767,,-4.555955204081924,0.0,2.100370545117563,-4.488517711373999,-0.0087739243075051,3.3
O=C(c1n[nH]c2cccnc12)N1[C@@H]2CC[C@H]1C[C@@H](Oc1ccc(Cl)cc1)C2,,,,-6.508638306165727,0.8260748027008264,1.81424759573192,,,3.7
O=C(c1n[nH]c2cc(OC(F)(F)F)ccc12)N1CCC(Oc2cncc(Cl)c2)CC1,4.9548205149898585,5.806138481293727,,-5.546681659952962,1.173186268412274,2.2915908256580013,-4.82102305270683,-0.2757241303992109,
O=C(c1n[nH]c2cccnc12)N1CCC(Oc2cncc(Cl)c2)CC1,2.0907410969337694,1.7905932883378723,,-4.078833949362261,0.380211241711606,2.173186268412274,-4.879755204453635,0.4345689040341987,1.9
O=C(c1n[nH]c2cccnc12)N1CCC(Nc2cncc(Cl)c2)CC1,1.8320015855064884,1.5785565986326358,,-4.1095789811990855,1.100370545117563,2.106530853822381,-6.031517051446065,1.7255849722706944,2.0
O=C(c1n[nH]cc1-c1ccccc1)N1CCC(Nc2cncc(Cl)c2)CC1,,,,-4.213248577854439,2.065206128054312,3.2127201544178425,,,3.1
O=C(c1n[nH]cc1-c1ccccc1F)N1CCC(Oc2cncc(Cl)c2)CC1,,,,-4.195860567664649,2.094471128641645,3.4573973957975026,,,3.1
CC(C)COc1ccc2c(c1)c1ccn(CCCN3CCCCC3)c(=O)c1n2C,,,,-5.527243550682788,1.7084209001347128,2.3432115901797474,,,3.6
Cn1c2ccc(OCC(F)F)cc2c2ccn(CCCN3CCCCC3)c(=O)c21,2.8060150147989065,,,-4.149966742310231,1.0043213737826426,2.465680211598278,,,2.3
Cn1c2ccc(OCC3COC3)cc2c2ccn(CCCN3CCCCC3)c(=O)c21,1.4828322881625375,,,-4.133122185662502,1.1583624920952498,2.316808752053022,,,1.7
COCC1CN(Cc2cccc(N3CCN(C(=O)c4cn(C)c5ncccc45)CC3)c2)C1,0.2981900500501958,1.2139663700090892,,-4.094204119632131,1.1072099696478683,1.740362689494244,-4.720333055951545,0.3180633349627615,1.0
COC1(C)CN(Cc2cccc(N3CCN(C(=O)c4cn(C)c5ncccc45)CC3)c2)C1,,,,-4.179798540514359,1.651278013998144,2.66029616027073,,,1.7
COC1CN(Cc2cccc(N3CCN(C(=O)c4cn(C)c5ncccc45)CC3)c2)C1,0.6856565088307879,1.265666373331276,,-4.104025267640935,1.1643528557844371,2.04883008652835,-4.714442690992226,0.2355284469075489,1.4
COC1CN(Cc2ccc(N3CCC(Cn4c(=O)n(C)c5ccccc54)CC3)cc2)C1,,,,-4.162411561764489,2.0,3.0924399113311414,,,2.3
COCC1CN(Cc2ccc(N3CCC(Cn4c(=O)n(C)c5ccccc54)CC3)cc2)C1,,,,-4.137868620686963,2.0499928569201424,2.7904962769671093,,,1.8
CN1CCC[C@@H](Cn2ccc3c([nH]c4ccc(OCC(F)F)cc43)c2=O)C1,1.5785565986326358,3.999219550458301,,-4.198596289982645,0.6334684555795865,1.964259630196849,-4.866461091629782,0.1583624920952496,1.7
CCC1(OC)CN(Cc2ccc(N3CCN(C(=O)c4cn(C)c5ncccc45)CC3)cc2)C1,,,,-4.131943638176958,1.925312091499649,2.717087724927019,,,1.7
CCOc1ccc2c(c1)c1ccn(CCCN3CCCCC3)c(=O)c1n2C,2.7339416150349525,,,-4.162411561764489,1.0170333392987805,2.7085908451503435,,,2.4
CN1CCC[C@@H](Cn2ccc3c([nH]c4cc(Cl)ccc43)c2=O)C1,3.0094673019441425,,,-4.197910742118268,0.6127838567197355,2.167317334748176,,,2.5
COc1cncc(-c2cn(C)c3ccc(OCCCN4CCN(C)CC4)cc23)c1,,,,-4.064492734175287,1.57978359661681,3.001127700277035,,,2.6
c1cc2ccc(-c3ccc(OCCCN4CCCCC4)cc3)cc2cn1,3.5471512942852343,5.5174528964647065,,-4.134303940083929,1.212187604403958,2.628899564420607,-4.896538377905295,-0.2218487496163564,3.1
COc1cncc(-c2cn(C)c3ccc(OC4CCNC4)cc23)c1,1.840433765255303,3.5398280440277388,,-4.096910013008056,1.2068258760318498,3.1598678470925665,-4.852014679316195,0.292256071356476,1.0
COc1cncc(-c2cn(C)c3ccc(OCCCN4CCCCC4)cc23)c1,,,,-4.146301788223826,1.530199698203082,3.43123506524505,,,2.7
COc1cncc(-c2cn(C)c3ccc(OCCN4CCCCC4)cc23)c1,,,,-4.114638779968488,1.667452952889954,3.556796832486183,,,2.8
Cn1cc(-c2cncc(Cl)c2)c2cc(OCCCN3CCCC3)ccc21,,,,-4.120904120499927,1.3117538610557542,3.3350966742615418,,,2.7
c1cc2ccc(-c3ccc(OCCCN4CCCC4)cc3)cc2cn1,3.3776909339868166,5.5174528964647065,,-4.129011186239425,0.9493900066449128,2.9461573949223725,-4.746177561291927,-0.2076083105017461,2.7
O=C(c1[nH]ncc1-c1ccccc1)N1CCC(Oc2ccc3ocnc3c2)CC1,,,,-4.261219441515631,1.6263403673750425,3.271283865258768,,,2.8
O=C(c1[nH]nc2cccnc12)N1[C@@H]2CC[C@H]1C[C@H](Oc1ccccc1Cl)C2,,,,-4.300162274132754,1.7626785637274365,3.34423503455164,,,2.9
O=C(c1[nH]nc2cccnc12)N1C[C@H]2C[C@H](Oc3ccc(Cl)cc3)C[C@H]2C1,4.820281565605036,5.806138481293727,,-5.30715308072277,1.3222192947339193,2.485153349903652,-4.6113660306482105,0.0086001717619175,3.4
Cc1nn(C)cc1-c1c[nH]nc1C(=O)N1CCC(Oc2ccc(Cl)cc2)CC1,,,,-4.223298816011589,1.8709888137605752,3.0446573332348663,,,2.8
O=C(c1n[nH]c2ccccc12)N1CCC(Nc2ccccc2)CC1,2.787562264029945,3.1523190081791324,,-5.493494967595128,1.4638929889859074,2.6224212739756703,-4.329568590639394,-0.0315170514460648,2.9
O=C(c1c[nH]c2cccnc12)N1CCC(Nc2ccc(Cl)cc2)CC1,3.5110306383048497,4.498799058824351,,-5.159266765388193,0.8864907251724818,1.9599948383284165,-4.44891613481422,0.1846914308175988,3.0
O=C(c1c[nH]c2cccnc12)N1CCC(Oc2cncc(Cl)c2)CC1,,,,-4.085656842880559,1.1958996524092338,2.8867726430544383,,,2.4
O=C(c1c[nH]c2cccnc12)N1CCC(Oc2cccnc2C(F)(F)F)CC1,,,,-4.119186407719209,1.3521825181113625,2.82052984852352,,,2.6
O=C(c1n[nH]c2cccnc12)N1CCC(Oc2cccnc2C(F)(F)F)CC1,2.0704728716970755,1.815289966638249,,-4.136677139879544,1.0863598306747482,2.3386556655787003,-5.041914151478915,0.7972675408307164,2.0
COCC1CN(Cc2cccc(N3CCN(C(=O)c4cn(C)c5ccccc45)CC3)c2)C1,,,,-4.139063379299906,1.7824726241662865,2.4577305482459986,,,1.9
COC1(C)CN(Cc2cccc(N3CCN(C(=O)c4cn(C)c5ccccc45)CC3)c2)C1,,,,-4.086716098239582,2.1212314551496214,3.228477354445056,,,2.6
COC[C@H]1CCCN1Cc1cccc(N2CCN(C(=O)c3cn(C)c4ncccc34)CC2)c1,,,,-4.074687908500351,2.0253058652647704,3.222534393381713,,,1.8
O=c1c2[nH]c3c(F)cccc3c2ncn1CCCN1CCCCC1,0.9844989819006886,2.277542956961881,,-4.138465589140962,0.6532125137753437,1.8762178405916423,-4.545765104251735,0.0043213737826425,1.8
COC1(C)CN(Cc2ccc(N3CCN(C(=O)c4cn(C)c5ccccc45)CC3)cn2)C1,,,,-4.129596094720973,1.8591382972945307,2.6610550848533787,,,1.9
COc1ccc2[nH]c3c(=O)n([C@H](C)CCN4CCCCC4)ccc3c2c1,1.9098295724908303,3.287572356154438,,-4.166852888087215,0.7323937598229685,1.9041743682841636,-4.572027286391792,0.021189299069938,2.1
COc1ccc2[nH]c3c(=O)n([C@@H](C)CCN4CCCCC4)ccc3c2c1,1.4828322881625375,3.287572356154438,,-4.0695604052333,0.6720978579357175,2.246005904076029,-4.640543979879014,-0.0087739243075051,2.1
CCOc1ccc2[nH]c3c(=O)n(C[C@@H]4CCCN(C)C4)cnc3c2c1,0.7907856501238609,3.4760986898352724,,-3.98296666070122,0.0791812460476248,1.9169800473203824,-4.539703673242524,0.021189299069938,1.9
CN1CCC[C@@H](Cn2ccc3c4cc(OCC5COC5)ccc4n(C)c3c2=O)C1,1.4242255834432995,,,-4.096910013008056,1.235528446907549,2.3251049829714074,,,1.6
COCC1CN(Cc2ccc(N3CCN(C(=O)c4cn(C)c5ncccc45)C[C@H]3C)cc2)C1,0.5408064559779265,1.337023312113108,,-4.207608310501746,0.9395192526186184,1.5327543789924978,-4.80771138743188,0.4281347940287888,1.1
COCC1CN(Cc2ccc(N3CCN(C(=O)c4cn(C)c5ccccc45)C[C@H]3C)cc2)C1,,,,-4.137868620686963,2.0195316845312554,2.144262773761991,,,1.8
CN1CCC[C@@H](Cn2ccc3c([nH]c4ccc(OCC5COC5)cc43)c2=O)C1,0.5023013313394424,2.19722457733622,,-4.091514981121351,1.0128372247051722,1.6972293427597176,-5.101274818410507,0.7788744720027395,1.3
COC1(C)CN(Cc2ccc(N3CCN(C(=O)c4cn(C)c5ncccc45)C[C@H]3C)cc2)C1,,,,-4.101274818410507,1.806179973983887,3.13350697377835,,,1.7
O=C(c1[nH]nc2cccnc12)N1C[C@H]2CC(Nc3ccccc3Cl)C[C@H]2C1,,,,-5.906578314837765,1.783903579272735,3.0994043723455422,,,3.0
CC(C)C#Cc1cn[nH]c1C(=O)N1CCC(Oc2ccc(Cl)cc2)CC1,,,,-6.823908740944319,1.7558748556724917,2.802089257881733,,,
O=C(c1[nH]ncc1C#CCO)N1CCC(Oc2ccc(Cl)cc2)CC1,,,,-4.223298816011589,1.0453229787866574,2.2826221128780624,,,2.4
O=C(c1n[nH]cc1-c1coc(C(F)(F)F)c1)N1CCC(Oc2ccc(Cl)cc2)CC1,6.906754778648553,6.906754778648553,,-5.749579997691106,1.4712917110589383,2.5073160400764136,-5.764471553092451,0.0755469613925307,
Cc1[nH]nc(C(=O)N2CCC(Oc3cncc(Cl)c3)CC2)c1-c1ccccc1,,,,-4.661543506395395,2.8136476953468965,3.790116199766332,,,3.1
CN(c1cncc(Cl)c1)C1CCN(C(=O)c2n[nH]c3cccnc23)CC1,,,,-4.619788758288394,1.8981764834976764,3.415590943087308,,,2.1
Cc1[nH]nc(C(=O)N2CCC(Nc3cncc(Cl)c3)CC2)c1-c1ccccc1,,,,-6.031517051446065,2.380211241711606,3.5905297615378378,,,3.1
Cc1[nH]nc(C(=O)N2CCC(N(C)c3cncc(Cl)c3)CC2)c1-c1ccccc1,,,,-4.468521082957745,3.087994255099714,3.442855890175056,,,3.6
Cc1cccc2[nH]nc(C(=O)N3CCC(Oc4cncc(Cl)c4)CC3)c12,,,,-4.318758762624412,1.8068580295188172,2.878866336956725,,,3.0
Cc1ccc2[nH]cc(C(=O)N3CCC(Oc4cncc(Cl)c4)CC3)c2n1,,,,-4.189767482004916,1.7371926427047373,3.365207100231823,,,2.8
COc1ccc2[nH]c3c(=O)n(CCCN4CCCCC4)ccc3c2n1,0.3268798369297733,2.6827323931179192,,-4.090443970758825,1.5563025007672873,1.9143431571194407,-4.575281662668433,0.1789769472931694,1.5
COc1cc2c(cc1Cl)[nH]c1c(=O)n(CCCN3CCCCC3)ccc12,,,,-4.371611069949688,1.0170333392987805,2.502563669107364,,,2.3
COc1cc2[nH]c3c(=O)n(CCCN4CCCCC4)ccc3c2cc1F,1.7112627732596188,3.842009204807092,,-4.159266765388193,0.9822712330395684,1.8802417758954804,-4.605723473232179,0.0374264979406236,1.9
CCOc1ccc2[nH]c3c(=O)n(CCN(C)C4CCCCC4)cnc3c2c1,,,,-5.35261702988538,2.292920299600006,3.359702708274113,,,3.7
COc1ccc2c(c1)c1ncn(CCN(C)C3CCCCC3)c(=O)c1n2C,,,,-4.09366495819491,2.49996186559619,3.883911153636279,,,3.5
CCOc1ccc2c(c1)c1ncn(CCN(C)C3CCCCC3)c(=O)c1n2C,,,,-4.138465589140962,2.31260043926126,3.847085037995664,,,3.9
CCOc1ccc2[nH]c3c(=O)n(C[C@@H]4CCN(C)C4)cnc3c2c1,0.4347191791902369,3.231428290939323,,-4.026872146400302,0.0,2.0056094453602804,-4.611188586526477,0.2479732663618066,1.4
CO[C@H]1CCN(Cc2cccc(N3CCN(C(=O)c4cn(C)c5ncccc45)CC3)c2)C1,,,,-4.0343280287798935,1.530199698203082,2.26528962586083,,,1.7
COC[C@@H]1CCCN1Cc1cccc(N2CCN(C(=O)c3cn(C)c4ncccc34)CC2)c1,,,,-4.059483515067432,1.0,3.155305666159626,,,1.6
CN1CCC[C@@H](Cn2ccc3c([nH]c4c(Cl)cccc43)c2=O)C1,,,,-4.025949097207123,1.0606978403536116,2.595165414790229,,,2.5
COc1ccc2c(c1)[nH]c1c(=O)n(CCN(C)C3CCCCC3)ccc12,,,,-4.441291429466834,1.7058637122839193,3.3335480271899067,,,3.5
CN(CCn1ccc2c([nH]c3c(Cl)cccc32)c1=O)C1CCCCC1,,,,-4.847711655616943,2.2425414282983844,3.865879442568767,,,4.2
O=c1c2cc3c(OC(F)(F)F)cccc3n2ccn1CCCN1CCCCC1,,,,-4.23210238398191,1.100370545117563,2.398981066658131,,,3.2
COc1cncc(-c2cn(C)c3ccc(OCC4(C)CNC4)cc23)c1,,,,-4.096367483915762,1.1760912590556811,2.841234295506041,,,0.8
COc1cncc(-c2cn(C)c3ccc(OC4CCN(C)C4)cc23)c1,2.3634832752006427,3.1728579337991696,,-4.120904120499927,1.6483600109809315,3.6068863150270873,-4.56304266933055,-0.2365720064370627,2.4
COCCNC(=O)c1ccc2c(c1)c(-c1cncc(OC)c1)cn2C,,,,-4.212539525481585,1.9355072658247128,3.127428777851599,,,2.6
c1cc2ccc(-c3ccc(OCCN4CCCC4)cc3)cc2cn1,2.4560121837882845,4.679309213560211,,-4.23284413391782,1.0644579892269184,3.316620251635936,-4.533280628318401,-0.2365720064370627,3.0
COCCNC(=O)c1ccc(-c2ccc3ccncc3c2)cc1,2.483823812649168,2.548906232620961,,-4.204815410317576,1.380211241711606,3.05157695847254,-4.501689446210399,0.0969100130080564,3.0
CNc1cc2ccncc2cc1-c1ccc(OCCN2CCCCC2)cn1,2.2540580520993854,3.442277407405623,,-4.229884705212898,1.3010299956639813,2.399327532158679,-5.1598939055432425,-0.1023729087095585,2.9
CNc1cc2ccncc2cc1-c1ccc(OCCN2CCCCC2)cc1,2.021151265806204,3.611534308800992,,-4.167491087293763,1.7611758131557314,2.3988077302032647,-5.078313524516398,-0.0861861476162833,3.4
CNc1cc(OCCN2CCCCC2)ccc1-c1ccc2ccncc2c1,,,,-4.175223537524454,1.100370545117563,2.740993931584886,,,3.1
COc1cncc(-c2cn(C)c3ccc(OCC4CNC4)cc23)c1,1.7905932883378723,3.584547216181675,,-4.1598939055432425,1.2833012287035497,2.5174598265402324,-5.022733787572707,0.6483600109809317,0.5
COc1cncc(-c2cn(C)c3ccc(OC4CNC4)cc23)c1,2.4560121837882845,3.623314765621057,,-4.217527375833714,1.155336037465062,2.702171950857711,-4.563201489768197,0.0453229787866574,1.3
COc1cncc(-c2cn(C)c3ccc(OC4CN(C)C4)cc23)c1,1.750374253065201,3.0434753172088977,,-4.103473782510445,1.5587085705331658,3.2818057696266028,-4.471597562046383,-0.1870866433571444,2.5
Cn1cc(-c2cncnc2)c2cc(OCCCN3CCCC3)ccc21,,,,-4.111259039317107,1.3502480183341627,3.438969313737987,,,1.2
c1cc(OCCN2CCCCC2)nc(-c2ccc3cnccc3c2)c1,,,,-4.163675884293248,2.245265839457461,3.1204093945560687,,,3.3
c1cc(OCCN2CCCCC2)cc(-c2ccc3cnccc3c2)c1,,,,-4.188424994129407,1.9763499790032732,3.2850845033352187,,,3.5
CN(c1cncc(Cl)c1)C1CCN(C(=O)c2n[nH]cc2-c2ccccc2)CC1,,,,-4.333482019445119,3.0308425028249166,3.927493549674909,,,3.3
Cn1cnc2ccc(-c3c[nH]nc3C(=O)N3CCC(Oc4cncc(Cl)c4)CC3)cc21,,,,-4.139063379299906,2.502700175310563,3.941481617344491,,,2.0
O=C(c1n[nH]cc1-c1ccc2ncoc2c1)N1CCC(Oc2cncc(Cl)c2)CC1,,,,-4.17134010346468,2.29754166781816,3.6110431951434334,,,2.4
O=C(c1n[nH]c2ccccc12)N1CCC(n2cnc3cccc(Cl)c32)CC1,,,,-5.026872146400302,1.403120521175818,3.253531843527005,,,3.6
Cn1nnc2ccc(-c3c[nH]nc3C(=O)N3CCC(Oc4ccc(Cl)cc4)CC3)cc21,,,,-5.192464971931146,2.382917135087531,3.038023740045158,,,3.2
Cn1nnc2ccc(-c3c[nH]nc3C(=O)N3CCC(Oc4cncc(Cl)c4)CC3)cc21,,,,-4.188424994129407,2.137986732723532,3.791522230785625,,,2.1
O=C(c1n[nH]cc1-c1ccc2ncsc2c1)N1CCC(Oc2cncc(Cl)c2)CC1,,,,-4.251037138743839,2.417969642214737,3.0879587894607328,,,2.8
O=C(c1n[nH]cc1-c1ccc2ncsc2c1)N1CCC(Oc2ccc(Cl)cc2)CC1,,,,-4.714442690992226,1.899273187317604,2.672836454171397,,,3.8
O=C(c1n[nH]c2ccccc12)N1CCC(n2cnc3cc(Cl)ccc32)CC1,,,,-4.46344155742847,0.9912260756924948,1.8704039052790271,,,3.9
Clc1ccc(OC2CCN(Cc3n[nH]c4cccnc34)CC2)cc1,,,,-4.97061622231479,1.6972293427597176,2.490800952010855,,,3.5
O=C(c1nc2ccccc2[nH]1)N1CCC(Oc2cncc(Cl)c2)CC1,,,,-4.319664486585437,1.6503075231319364,2.2030328870147105,,,3.5
COc1ccc2c(c1)[nH]c1c(=O)n(CCCN3CCCCC3)ncc12,0.9744219084367256,2.8247744754103525,,-4.070070439915412,1.4871383754771863,2.0870712059065357,-4.449404792510672,-0.0915149811213502,1.7
COC1(C)CN([C@H](C)c2ccc(N3CCN(C(=O)c4cn(C)c5ncccc45)CC3)cc2)C1,,,,-4.08460016478773,2.139249217571607,2.971275848738105,,,1.9
COC1(C)CN([C@@H](C)c2ccc(N3CCN(C(=O)c4cn(C)c5ncccc45)CC3)cc2)C1,,,,-4.057495893831919,2.19534605834842,3.1752798184423843,,,1.9
COCC1CN([C@@H](COC)c2ccc(N3CCN(C(=O)c4cn(C)c5ncccc45)CC3)cc2)C1,0.6146464932382243,0.8905322593606353,,-4.153662887870195,1.434568904034199,1.7678976160180906,-4.680061560019691,0.3138672203691534,1.4
COCC1CN([C@H](COC)c2ccc(N3CCN(C(=O)c4cn(C)c5ncccc45)CC3)cc2)C1,0.814182251602706,1.2083112059245342,,-4.114638779968488,1.0128372247051722,1.6483600109809315,-4.638461028730721,0.2329961103921538,1.4
CC[C@@H](c1ccc(N2CCN(C(=O)c3cn(C)c4ncccc34)CC2)cc1)N1CC(COC)C1,0.8236000689573804,1.1039527552994266,,-4.126098402135539,1.2041199826559248,1.591064607026499,-4.647817481888637,0.2013971243204515,1.7
CC[C@H](c1ccc(N2CCN(C(=O)c3cn(C)c4ncccc34)CC2)cc1)N1CC(COC)C1,,,,-4.099086932262331,1.404833716619938,2.3308194664958366,,,1.6
CC(CN(C)C)Nc1ccc(-c2cn(C)c3ccc(OCCCN4CCN(C)CC4)cc23)cn1,,,,-4.041914151478915,0.0,3.1140101617034617,,,1.0
Nc1cc2ccncc2cc1-c1cc(OCCN2CCCCC2)ccn1,,,,-4.068542129310995,1.2833012287035497,2.5620548296563785,,,2.0
COc1cncc(-c2cn(C)c3ccc(OCC4CN(C)C4)cc23)c1,,,,-4.0670191780768015,1.307496037913213,2.9524533964230333,,,1.4
COc1cncc(-c2cn(C)c3ccc(OCC4CCN4)cc23)c1,,,,-4.070581074285707,1.320146286111054,2.669967369908504,,,0.8
COc1cncc(-c2cn(C)c3ccc(OCC4CCN4C)cc23)c1,,,,-3.995678626217357,1.5314789170422551,3.273417994771454,,,2.2
CC(=O)N[C@@H](C)COc1cccc(-c2ccc3cnccc3c2)c1,,,,-4.254925208417943,1.7965743332104296,2.65571454961871,,,3.4
NC(=O)Cc1cccc(Nc2cccc(-c3cccc(S(N)(=O)=O)c3)n2)c1,,,,-4.216096420727265,1.287801729930226,2.7137424784090824,,,1.8
CN1CCC(Oc2ccc(Nc3cccc(-c4cccnc4)n3)cc2)CC1,,,,-4.100726812682396,2.0038911662369103,3.2746657690813885,,,2.5
Nc1cc2ccncc2cc1-c1ncc(OCCN2CCCCC2)cn1,,,,-4.063486257521107,1.3324384599156054,2.284205067701794,,,2.2
O=C(c1n[nH]cc1C1CC1)N1CCC(Oc2cncc(Cl)c2)CC1,,,,-4.285670240254767,0.6989700043360189,2.523616419054371,,,2.5
Cn1cnc2ccc(-c3c[nH]nc3C(=O)N3CCC(Oc4ccc(Cl)nc4)CC3)cc21,,,,-4.3223930472795065,2.5676144427308447,4.015141715036791,,,2.0
Cn1cnc2ccc(-c3c[nH]nc3C(=O)N3CCC(Oc4ccc(C(F)(F)F)nc4)CC3)cc21,,,,-4.3260580013659125,2.663700925389648,3.900132163688871,,,2.3
O=C(c1n[nH]c2ccccc12)N1CCC(n2nnc3cc(Cl)ccc32)CC1,,,,-5.903089986991944,1.021189299069938,2.313234291694724,,,3.6
Cc1nn(C)cc1OC1CCN(C(=O)c2n[nH]c3ccccc23)CC1,,,,-4.187086643357144,1.4899584794248346,2.391640703492388,,,2.2
Cc1nn(C)cc1OC1CCN(C(=O)c2n[nH]cc2-c2ccccc2)CC1,,,,-4.20690839982342,1.7489628612561614,3.392907895293394,,,1.9
Cn1ccc(OC2CCN(C(=O)c3n[nH]c4ccccc34)CC2)n1,,,,-4.242603971206976,2.0542299098633974,2.7996162044814987,,,2.1
Cn1cc(OC2CCN(C(=O)c3n[nH]c4ccccc34)CC2)cn1,,,,-4.054531414868181,0.9030899869919436,1.91803033678488,,,1.9
O=C(c1n[nH]cc1-c1ccc2nccn2c1)N1CCC(Oc2ccc(Cl)cc2)CC1,,,,-4.29929628285498,2.550717423469283,3.826411736341379,,,3.3
O=C(c1n[nH]cc1-c1cnc2nccn2c1)N1CCC(Oc2ccc(Cl)cc2)CC1,,,,-5.202040356262804,2.0008677215312267,3.56083881861861,,,2.6
COc1ccc(-c2cc(C(=O)N3CCC(Oc4cncc(Cl)c4)CC3)n[nH]2)cc1OC,,4.314250555062886,,-4.2580609222708015,1.5145477526602862,2.9336391125249253,-5.357535479757878,0.3783979009481377,3.5
O=C(c1cc(-c2ccccc2Cl)[nH]n1)N1CCC(Oc2cncc(Cl)c2)CC1,,,,-5.739928612014925,1.390935107103379,3.354242934309549,,,4.2
CCOCCOc1ccc2c(c1)c1ccn(CCCN3CCCCC3)c(=O)c1n2C,,,,-4.29929628285498,1.209515014542631,2.4800069429571505,,,2.0
COc1cc2c(cn1)[nH]c1c(=O)n(CCCN3CCCCC3)ccc12,,,,-4.187086643357144,0.3617278360175928,1.606381365110605,,,1.1
CN(CCn1cnc2c([nH]c3c(Cl)cccc32)c1=O)C1CCCCC1,,,,-5.586700235918748,2.6625689669332604,3.820345981254938,,,3.8
CN1CCC[C@@H](Cn2cnc3c([nH]c4c(Cl)cccc43)c2=O)C1,,,,-4.259637310505756,0.7634279935629372,2.700444101027752,,,1.7
CN(CCn1ccc2c([nH]c3cc(Cl)ccc32)c1=O)C1CCCCC1,,,,-6.7447274948966935,1.806179973983887,3.2477278329097232,,,4.2
COc1ccc2c3cnn(CCCN4CCCCC4)c(=O)c3n(C)c2c1,,,,-4.300162274132754,1.0413926851582251,2.4768316285122607,,,1.6
O=c1c2cc3ncc(Cl)cc3n2ccn1CCCN1CCCCC1,,,,-4.311580177997289,0.8920946026904804,1.973589623427257,,,1.2
COCCOc1ccc2c(c1)c1ccn(CCCN3CCCCC3)c(=O)c1n2C,,,,-4.221848749616356,1.0,2.3230457354817013,,,1.6
COc1cncc(-c2cn(C)c3ccc(OC[C@H](C)NC4CCC(F)(F)CC4)cc23)c1,,,,-4.354577730650908,2.091666957595685,3.417172649517775,,,3.7
COc1cncc(-c2cn(C)c3ccc(OC[C@H](C)NC4CCOCC4)cc23)c1,2.231011574913603,3.3776909339868166,,-4.178486471595227,1.7708520116421442,2.9419087743655994,-4.615467384505752,-0.1307682802690238,2.4
CC(C)Nc1ccc(-c2cn(C)c3ccc(OCCCN4CCCC4)cc23)cn1,4.057395776090949,4.385779745535703,,-4.168770306132937,1.404833716619938,3.5278360451647086,-4.962972120244225,-0.3010299956639812,2.5
Cn1cc(C#N)c2cc(OCCCN3CCCC3)ccc21,,,,-4.050609993355088,1.0334237554869496,2.6079908585471747,,,0.8
CC(=O)N[C@@H](C)COc1cccc(-c2ccc3cnccc3c2)n1,,,,-4.180456064458132,1.9294189257142929,2.8578147779710066,,,3.0
CC(=O)N[C@@H](C)COc1ccc(-c2ccc3cnccc3c2)cc1,,,,-4.473660722610156,1.3944516808262162,2.7354392032514814,,,3.4
Fc1cccc(-c2cccc(Nc3ccc(CCN4CC(F)(F)C4)cc3)n2)c1,6.906754778648553,6.906754778648553,,-6.1938200260161125,1.436162647040756,2.885304667588968,-6.113509274827519,0.4742162640762552,
Fc1cccc(-c2cccc(Nc3ccc(CCN4CCC4)cc3)n2)c1,4.184591440069878,6.906754778648553,,-4.269217724333611,0.7160033436347992,2.760120785264568,-5.417936637088292,0.1931245983544616,3.1
CC(=O)N[C@@H](C)COc1cccc(-c2ccc3c(c2)NC(=O)CC3)c1,3.231428290939323,2.965693764434763,,-4.218244625347531,1.8280150642239767,2.519827993775719,-4.5298836468489965,0.041392685158225,2.6
O=C(c1n[nH]cc1C1CC1)N1CCC(Oc2cccnc2C(F)(F)F)CC1,,,,-4.217527375833714,1.6998377258672457,3.210906813654374,,,2.5
Cn1cnc2ccc(-c3c[nH]nc3C(=O)N3CCC(Oc4ccc(C(F)F)nc4)CC3)cc21,,,,-4.140261433802853,2.190051417759206,4.013974177020916,,,1.8
Cn1cnc2ccc(-c3c[nH]nc3C(=O)N3CCC(Oc4cncc(C(F)(F)F)c4)CC3)cc21,,,,-4.199282921717615,2.761777537508178,3.988875421715144,,,2.3
Cn1c(=O)n(C2CCN(C(=O)c3n[nH]c4ccccc34)CC2)c2ccc(Cl)cc21,,,,-6.214670164989233,1.089905111439398,2.5773768919170146,,,3.6
O=C(c1n[nH]c2ccccc12)N1CCC(n2cnc3c(Cl)cccc32)CC1,,,,-6.292429823902063,1.2405492482825995,2.6920533650340808,,,3.3
Clc1cncc(OC2CCN(Cc3n[nH]c4cccnc34)CC2)c1,,,,-4.096910013008056,1.934498451243568,3.365506704077209,,,2.5
O=C(c1nc2ccccc2n1C1CC1)N1CCC(Oc2cncc(Cl)c2)CC1,,,,-4.107905397309519,2.6127838567197355,3.7051278663044696,,,3.1
O=C(c1n[nH]cc1-c1ccc2nncn2c1)N1CCC(Oc2ccc(Cl)cc2)CC1,,,,-4.338187314462739,1.2624510897304295,2.297760511099134,,,2.2
O=C(c1cc(-c2ccccc2C(F)(F)F)[nH]n1)N1CCC(Oc2cncc(Cl)c2)CC1,,,,-4.7594507517174005,1.2227164711475833,2.957415714722669,,,
COc1ccc(-c2cc(C(=O)N3CCC(Oc4cncc(Cl)c4)CC3)n[nH]2)c(OC)c1,,5.197492006055611,,-4.684029654543083,1.4265112613645752,2.9805487393597705,-5.598599459218456,0.2041199826559248,3.8
O=C(c1n[nH]c2cccnc12)N1CCC(Oc2ccc3nccn3n2)CC1,,,,-4.047691990337875,0.0,1.657055852857104,,,1.4
O=C(c1n[nH]c2cccnc12)N1CCC(Oc2ccc3nccn3c2)CC1,,,,-4.033389013318065,0.0,0.9684829485539352,,,1.2
O=C(c1n[nH]c2cccnc12)N1CCC(Oc2ccn3nccc3n2)CC1,,,,-4.010550182333308,0.0,1.4502491083193612,,,1.4
COCC1CN([C@@H](C)c2ccc(N3CCN(C(=O)c4cn(C)c5ncccc45)CC3)cc2)C1,,,,-4.146301788223826,1.3729120029701063,1.4653828514484182,,,1.4
COCC1CN([C@H](C)c2ccc(N3CCN(C(=O)c4cn(C)c5ncccc45)CC3)cc2)C1,,,,-4.104025267640935,1.1072099696478683,1.9041743682841636,,,1.4
COC1CN(Cc2ccc(N3CCC(Cn4c(=O)n(C)c5ncccc54)CC3)cc2)C1,,,,-4.091514981121351,1.2966651902615312,2.09377178149873,,,1.7
COCC1CN(Cc2ccc(N3CCC(Cn4c(=O)n(C)c5ncccc54)CC3)cc2)C1,,,,-4.1438755557577,1.250420002308894,1.989894563718773,,,1.2
O=c1c2[nH]c3cc(Cl)ccc3c2cnn1CCCN1CCCCC1,,,,-4.126098402135539,0.9590413923210936,2.202215775801132,,,2.6
Cn1c2cc(Cl)ccc2c2cnn(CCCN3CCCCC3)c(=O)c21,,,,-4.250263684430939,1.1205739312058498,3.040167036482847,,,2.6
CCOc1ccc2c(c1)c1ccn(CCN)c(=O)c1n2C,,,,-4.148130399270234,1.294466226161593,1.967547976218862,,,1.5
NC(=O)COc1cnn(-c2ccc3ccncc3c2)c1,,,,-3.58838029403677,,,,,1.5
CN1C(=O)CCc2cc(N)c(-c3cccc(OCCN4CCCCC4)n3)cc21,,,,-3.595166283380062,,,,,1.5
Nc1cc(OCCN2CCCCC2)ccc1-c1cc2cnccc2cn1,,,,-3.571865205971211,,,,,1.4
c1cc2ccc(-c3ccc(OCCN4CCNCC4)cc3)cc2cn1,2.2657445237729745,4.498799058824351,,-3.6216020990518634,0.6901960800285137,2.295127085252191,-4.796695083861517,0.146128035678238,1.3
NC(=O)CCCOc1ccc(-c2ccc3ccncc3c2)cc1,,,,-5.168770306132936,,,,,3.0
NCCCOc1ccc(-c2ccc3ccncc3c2)cc1,,,,-4.2441251443275085,,,,,0.7
NCCOc1ccc(-c2ccc3ccncc3c2)cc1,,,,-3.657577319177794,,,,,1.2
CNCCOc1ccc(-c2ccc3ccncc3c2)cc1,1.6882964873464208,,,-3.628932137728264,2.8149796837607566,2.893872678795081,-5.382999658879101,0.2455126678141498,1.4
c1cc(-c2ccc3cnncc3c2)ccc1OCCN1CCCCC1,,,,-3.549750891680639,,,,,1.9
c1ncc2cc(-c3ccc(OCCN4CCCCC4)cc3)ccc2n1,1.7424658226279148,,,-3.600326278518962,1.403120521175818,2.5129510799724906,-5.304518323509803,0.2576785748691845,2.2
c1cc2ncc(-c3ccc(OCCN4CCCCC4)cc3)cc2cn1,,,,-3.5816987086802548,,,,,2.0
c1cc2ccc(-c3ncc(OCCN4CCCCC4)cn3)cc2cn1,,,,-3.6020599913279625,,,,,2.2
c1cc2ccc(-c3cnc(OCCN4CCCCC4)nc3)cc2cn1,,,,-3.614393726401688,,,,,1.7
CC(=O)NCCOc1ccc(-c2ccc3ccncc3c2)cc1,2.6178251095094853,3.607636531521048,,-4.61261017366127,,,-4.678815972697686,-0.2076083105017461,3.0
c1cnc2cc(-c3ccc(OCCN4CCCCC4)cc3)ccc2c1,2.301485587660629,4.462676445472412,,-3.5100415205751654,1.3263358609287514,2.3500540935790304,-5.598599459218456,0.3324384599156053,2.8
c1cc2cc(-c3ccc(OCCN4CCCCC4)cc3)ccc2cn1,,,,-3.5466816599529625,,,,,3.0
c1cnc2ccc(-c3ccc(OCCN4CCCCC4)cc3)cc2c1,,,,-3.586700235918748,,,,,3.0
Nc1ccc(OCCN2CCCCC2)cc1-c1cc(-c2ccncc2)ccn1,-0.064021858764931,1.6530289383453154,,-3.630784142589857,1.260071387985075,2.591621038213319,-4.814174640387038,0.1903316981702915,1.5
CN1C(=O)CCc2cc(N)c(-c3ccc(OCCN4CCCCC4)cn3)cc21,,,,-3.638272163982408,,,,,1.2
CN1C(=O)CCc2cc(N)c(-c3cc(OCCN4CCCCC4)ccn3)cc21,,,,-3.632644078973981,,,,,1.1
c1cc2ccc(-c3ccc(OCC4CNC4)cc3)cc2cn1,,,,-3.5686362358410126,,,,,0.8
c1cc(OCC2CNC2)cc(-c2ccc3ccncc3c2)c1,,,,-3.570247719997592,,,,,0.8
COc1cncc(-c2cn(C)c3ccc(OCCN4CCC(OC)CC4)cc23)c1,,,,-4.108462542327436,1.810232517995084,3.4192616439910086,,,3.0
Cn1cc(C(N)=O)c2cc(OCCCN3CCCC3)ccc21,,,,-4.011441043121384,0.7558748556724915,2.967313918287084,,,-0.2
CC(=O)N[C@@H](C)COc1cccc(-c2ccc3c(c2)NC(=O)CC3)n1,,,,-4.220403508742176,1.9786369483844743,2.773859552376687,,,2.3
Fc1cccc(-c2cccc(Nc3cc(C4CCNCC4)ccc3F)n2)c1,,,,-4.272458742971444,0.9731278535996988,2.021602716028242,,,2.5
Fc1cccc(-c2cccc(Nc3cc(N4CCNCC4)ccc3F)n2)c1,,,,-4.238072161579471,1.0413926851582251,2.5018804937550585,,,3.1
Fc1cccc(-c2cccc(Nc3cnc(CN4CCOCC4)cn3)n2)c1,,,,-4.292429823902063,1.657055852857104,2.8196755199942927,,,3.5
CN(c1cc2c(cn1)ncn2C)C1CCN(C(=O)c2[nH]ncc2-c2ccccc2)CC1,,,,-4.139063379299906,1.7474118078864234,3.1598077329694307,,,2.0
CN(c1ccc(Cl)cc1)[C@@H]1C[C@@H]2CN(C(=O)c3[nH]nc4cccnc34)C[C@@H]2C1,,,,-6.585026652029182,1.915927211697116,3.313128713845194,,,3.3
CN(c1ccc(Cl)cc1)[C@H]1C[C@@H]2CN(C(=O)c3[nH]nc4cccnc34)C[C@@H]2C1,,,,-5.645891560852599,2.610021024664145,3.794899142149195,,,3.3
CC1(C#Cc2cn[nH]c2C(=O)N2CCC(Oc3ccc(Cl)cc3)CC2)COC1,,,,-5.490797477668897,2.071513805095089,3.1892937558856915,,,3.2
O=C(c1n[nH]cc1-c1ccc(C(F)(F)F)o1)N1CCC(Oc2ccc(Cl)cc2)CC1,,,,-6.0655015487564325,1.4638929889859074,2.5742628297070267,,,
CN1CCC[C@@H](Cn2ccc3c4cc(OCC(F)F)ccc4n(C)c3c2=O)C1,,,,-4.035269078946371,0.7558748556724915,2.446226401778163,,,2.2
CN1CCC[C@@H](Cn2ccc3c4cc(OCC5CC5)ccc4n(C)c3c2=O)C1,,,,-4.096910013008056,0.8325089127062363,2.2873537727147464,,,2.9
CCOc1ccc2[nH]c3c(=O)n(CCCN(C)C4CCCCC4)ccc3c2c1,,,,-4.199970640755866,1.3979400086720375,2.338854746252323,,,2.7
CCOc1ccc2c(c1)c1ccn(CCCN(C)C3CCCCC3)c(=O)c1n2C,,,,-4.075720713938118,1.307496037913213,2.600755149639618,,,3.1
CCOc1ccc2c(c1)[nH]c1c(=O)n(CCCN(C)C3CCCCC3)ccc12,,,,-4.17134010346468,1.3096301674258988,2.3201462861110542,,,2.9
Cn1cc(C[N+]2(CCCn3ccc4c5cc(O)ccc5n(C)c4c3=O)CCCCC2)cn1,,,,-4.032920265855503,0.6532125137753437,1.4828735836087537,,,-1.2
C[C@@H](CN(C)C)Nc1ccc(-c2cn(C)c3ccc(OCCCN4CCN(C)CC4)cc23)cn1,,,,-4.014124642691606,0.8750612633917001,2.7126497016272118,,,1.2
C[C@H](CN(C)C)Nc1ccc(-c2cn(C)c3ccc(OCCCN4CCN(C)CC4)cc23)cn1,,,,-4.040005161671584,0.7481880270062004,3.065206128054312,,,1.2
C[C@@H](CN(C)C)Nc1ccc(-c2cn(C)c3ccc(OCCCN4CCCC4)cc23)cn1,,,,-4.020907099361674,0.9493900066449128,2.615739688619155,,,0.8
C[C@H](CN(C)C)Nc1ccc(-c2cn(C)c3ccc(OCCCN4CCCC4)cc23)cn1,,,,-4.040005161671584,0.7160033436347992,2.9412131875853214,,,0.8
CC(C)Oc1cncc(-c2cn(C)c3ccc(OCCCN4CCCC4)cc23)c1,,,,-4.179798540514359,1.24551266781415,3.1346551422776487,,,3.1
NC(=O)C1(c2cccc(Nc3cccc(-c4cccnc4)n3)n2)CC1,,,,-5.446116973356125,0.9777236052888476,2.799478398837981,,,2.6
CC(C)(C(N)=O)c1cccc(Nc2cccc(-c3cccnc3)n2)n1,,,,-4.221125527997261,0.919078092376074,3.0402066275747117,,,2.8
CC(C(N)=O)c1cccc(Nc2cccc(-c3cccnc3)n2)n1,,,,-4.195179321278838,0.9030899869919436,2.7541953881898382,,,2.4
O=C(c1n[nH]cc1-c1ccccn1)N1CCC(Oc2ccc(Cl)cc2)CC1,,,,-5.068033885271827,0.9138138523837168,2.448397103457768,,,3.0
CC1(Oc2cncc(Cl)c2)CCN(C(=O)c2n[nH]c3cccnc23)CC1,,,,-4.060480747381382,1.2833012287035497,3.429154512081447,,,1.9
COCCN(c1ccc(Cl)cc1)C1CCN(C(=O)c2n[nH]c3cccnc23)CC1,,,,-4.231361898752385,1.737987326333431,3.343841687471129,,,2.9
CCOc1ccc2c(c1)[nH]c1c(=O)n(CCCN3CCCCC3)ncc12,,,,-4.037630664329979,1.3944516808262162,2.210853365314893,,,2.1
CCOc1ccc2c3cnn(CCCN4CCCCC4)c(=O)c3n(C)c2c1,,,,-3.9746941347352296,1.1583624920952498,2.3226327116922234,,,2.2
COc1ccc2[nH]c3c(=O)n(C[C@H]4CCN(C)C4)cnc3c2c1,,,,-3.9746941347352296,0.0,1.7634279935629371,,,0.8
COc1ccc2c(c1)c1ncn(C[C@H]3CCN(C)C3)c(=O)c1n2C,0.632252349329572,2.6482006192580307,,-3.9913998282380825,0.2787536009528289,2.0350292822023683,-4.434270212168873,-0.1135092748275181,1.1
CCOc1ccc2[nH]c3c(=O)n(C[C@H]4CCN(C)C4)cnc3c2c1,,,,-3.9913998282380825,0.0,1.5987905067631152,,,1.3
CCOc1ccc2c(c1)c1ncn(C[C@H]3CCN(C)C3)c(=O)c1n2C,,,,-4.012333735073725,1.2810333672477277,2.009450895798694,,,1.6
O=c1c2[nH]c3c(F)cccc3c2ccn1CCCN1CCCCC1,2.0805670342015703,3.5145878544819205,,-4.048176964684088,0.6627578316815741,1.9845273133437928,-4.496345480757041,-0.0457574905606751,2.0
Cn1c2cc(F)ccc2c2ccn(CCN)c(=O)c21,,,,-4.0,1.404833716619938,1.7715874808812553,,,1.2
CNC(=O)COc1cnn(-c2ccc3ccncc3c2)c1,,,,-3.563837352959244,0.919078092376074,2.486005186362242,,,1.8
CN1C(=O)CCc2cnc(-c3ccc(OCCN4CCCCC4)cc3N)cc21,,,,-3.5606673061697376,0.0,2.125806458139527,,,1.0
CC(=O)N[C@H](C)COc1cccc(-c2ccc3c(c2)NC(=O)CC3)n1,,,,-4.215382707367125,1.797959643737196,2.1758016328482794,,,2.4
c1cc2ccc(-n3ccc(OCC4CNC4)n3)cc2cn1,,,,-3.5361070110140926,0.0,2.5732198271144218,,,-0.5
NC(=O)COc1ccc(-c2ccc3ccncc3c2)cc1,,,,-5.111820506081675,1.3710678622717365,3.234289446933935,,,2.6
NCCOc1cccc(-c2ccc3c(c2)NC(=O)CC3)c1,,,,-3.603800652904264,1.110589710299249,2.1344958558346736,,,0.5
O=C1CCc2ccc(-c3cccc(OC4CCCNC4)n3)cc2N1,,,,-3.6108339156354674,1.136720567156407,1.9836262871245345,,,0.9
O=C1CCc2ccc(-c3cccc(OC4CCNC4)n3)cc2N1,,,,-3.5734887386354246,1.711807229041191,2.0354297381845483,,,0.3
NC1(CCOc2cnn(-c3ccc4ccncc4c3)c2)CC1,,,,-3.5900668766687054,1.0,2.7693773260761385,,,1.3
c1cc2ccc(-c3ccc(OC4CC5(CNC5)C4)cc3)cc2cn1,,,,-3.869666231504994,1.0606978403536116,2.2137832993353044,,,1.1
O=C1CCc2ccc(-c3cc(OCCN4CCCCC4)c(F)cn3)cc2N1,,,,-4.482804102050026,0.6720978579357175,2.015778756389041,,,1.9
Nc1cc(OCCN2CCCCC2)ccc1-c1cc2c(cn1)CCC(=O)N2,,,,-3.549750891680639,0.6532125137753437,1.82865989653532,,,1.4
Nc1cc(OCCN2CCCCC2)ccc1-c1ncc2ccncc2n1,,,,-3.600326278518962,1.0413926851582251,2.70816585785554,,,1.8
c1cc2cnc(-c3ccc(OCCN4CCCCC4)cc3)nc2cn1,,,,-3.5543957967264026,0.8388490907372553,2.9824973691977124,,,2.0
NCCCOc1cnn(-c2ccc3ccncc3c2)c1,,,,-3.586700235918748,2.9703933720796,2.656385719058688,,,-0.4
O=C1CCc2ccc(-c3nccc(OCCN4CCCCC4)n3)cc2N1,,,,-3.571865205971211,0.5910646070264992,2.240798771117331,,,1.8
c1cc(OCC2CNC2)nc(-c2ccc3ccncc3c2)c1,,,,-3.567030709125594,1.662757831681574,2.557025722386383,,,0.4
O=C1CCc2ccc(-c3cccc(OCC4CNC4)n3)cc2N1,,,,-3.500312917381596,0.2304489213782739,1.847572659142112,,,-0.5
c1cc2cc(-n3ccc(OCC4CNC4)n3)ccc2cn1,,,,-3.5850266520291822,2.0199466816788423,2.6768764319731373,,,-0.5
O=C1Cc2ccc(-n3ccc(OCC4CNC4)n3)cc2CN1,,,,-3.567030709125594,0.0,0.0,,,-1.9
O=C1CCc2ccc(-n3ccc(OCC4CNC4)n3)cc2N1,,,,-3.549750891680639,0.0,1.9614210940664485,,,-1.4
O=C1CCc2cc(-n3ccc(OCC4CNC4)n3)ccc2N1,-1.5575394743064488,0.5766664658231782,,-3.563837352959244,0.0,0.0,-6.337242168318426,0.6242820958356683,-1.6
CC(=O)N[C@H](C)CCOc1cccc(-c2ccc3ccncc3c2)c1,,,,-3.812479279163537,1.7944880466591695,2.8159760009719856,,,3.5
C[C@@H](N)CCOc1cccc(-c2ccc3ccncc3c2)c1,,,,-3.821023052706831,1.8115750058705933,3.2553690042664414,,,1.1
CNCCOc1cccc(-c2ccc3c(c2)NC(=O)CC3)n1,,,,-3.555955204081924,1.1583624920952498,1.911690158753861,,,0.4
NC(=O)COc1cccc(-c2ccc3c(c2)NC(=O)CC3)n1,,,,-3.9746941347352296,2.103461622094705,3.363705972854724,,,1.6
NC1(COc2cccc(-c3ccc4c(c3)NC(=O)CC4)n2)CC1,,,,-3.578396073130169,1.7363965022766426,2.0261245167454502,,,1.9
c1cc(OC2CCNC2)nc(-c2ccc3ccncc3c2)c1,,,,-3.619788758288394,2.4219328132785085,2.683947130751512,,,0.8
OC1CCN(CCOc2ccc(-c3ccc4ccncc4c3)cc2)CC1,,,,-3.605548319173784,0.9242792860618816,2.407900540142635,,,2.4
CC(=O)N[C@@H](C)CCOc1cccc(-c2ccc3ccncc3c2)c1,,,,-4.082494490447453,1.546542663478131,2.694078462080759,,,3.5
C[C@H](N)CCOc1cccc(-c2ccc3ccncc3c2)c1,,,,-3.5606673061697376,1.749736315569061,2.937718443617264,,,1.2
CNC(=O)Cc1cccc(Nc2cccc(-c3cccnc3)n2)n1,1.2425064683281783,1.5177030909204383,,-3.607303046740334,0.7481880270062004,2.189770956346874,-4.784362436564939,0.3031960574204888,2.2
CN(C)C(=O)Cc1cccc(Nc2cccc(-c3cccnc3)n2)n1,,,,-3.562249437179612,0.9637878273455552,2.456214155357989,,,2.2
O=C(Cc1cccc(Nc2cccc(-c3cccnc3)n2)n1)N1CCC1,,,,-3.6216020990518634,1.209515014542631,2.5878231713189552,,,2.1
O=C(Cc1cccc(Nc2cccc(-c3cccnc3)n2)n1)N1CC(F)(F)C1,,,,-3.5543957967264026,1.4771212547196624,2.804888744622392,,,2.6
CC(=O)Nc1cccc(Nc2cccc(-c3cccnc3)n2)n1,,3.1246956477005123,,-4.521433504406157,1.5289167002776547,2.6820547770738075,-4.657577319177793,-0.2006594505464183,2.8
O=C(c1n[nH]cc1-c1ccc2c(c1)OCO2)N1CCC(Oc2cncc(Cl)c2)CC1,3.1026032757593933,4.575115182227561,,-3.627087997029893,2.1354506993455136,,-5.206209615309182,0.3891660843645325,3.0
O=C(c1n[nH]cc1-c1ccccc1)N1CCCN(Cc2cncc(Cl)c2)CC1,,,,-3.571865205971211,,,,,2.3
O=C(c1n[nH]c2cccnc12)N1CCCN(Cc2ccc(Cl)cc2)CC1,,,,-3.603800652904264,,,,,2.1
O=C(c1n[nH]c2cccnc12)N1CCN(Cc2cncc(Cl)c2)C2(CC2)C1,,,,-3.549750891680639,,,,,1.7
O=C(c1n[nH]c2ccccc12)N1CCCN(Cc2cncc(Cl)c2)CC1,,,,-3.607303046740334,,,,,2.7
O=C(c1n[nH]cc1-c1ccccc1)N1CCCN(Cc2ccc(Cl)cc2)CC1,,,,-3.6757175447023074,,,,,3.4
O=C(c1n[nH]c2ccccc12)N1CC2CCC(C1)N2Cc1cncc(Cl)c1,,,,-3.614393726401688,,,,,2.9
CCOc1ccccc1-c1cc(C(=O)N2CCC(Oc3cncc(Cl)c3)CC2)[nH]n1,,,,-6.590066876668706,,,,,4.1
COc1cccc(-c2cc(C(=O)N3CCC(Oc4cncc(Cl)c4)CC3)[nH]n2)c1,,,,-5.293282217663242,,,,,3.9
COc1ccc(-c2cc(C(=O)N3CCN(Cc4ccccc4Cl)CC3)[nH]n2)c(OC)c1,,,,-6.434152181326483,,,,,4.1
COc1ccc(-c2cc(C(=O)N3CCN(Cc4cncc(Cl)c4)CC3)[nH]n2)c(OC)c1,,,,-5.018181392829336,,,,,3.1
COc1ccc(Nc2nccc(N(CCc3ccncc3)C3CC3)n2)cc1,4.329720681971944,4.998925206824384,,-5.173277479831008,2.798650645445269,3.643630306079753,-4.3959900675877694,-0.2365720064370627,3.9
Cc1ncc(COc2ccc3c(c2)c2ccn(CCCN4CCCCC4)c(=O)c2n3C)o1,1.982994352088436,3.65132533560969,,-4.324221658325915,1.3222192947339193,2.7734938922709707,-4.669789215428472,-0.1307682802690238,2.2
Cn1ncnc1COc1ccc2c(c1)c1ccn(CCCN3CCCCC3)c(=O)c1n2C,,,,-4.1438755557577,1.209515014542631,2.5812668052736707,,,1.4
CCOc1ccc2[nH]c3c(=O)n(CCCN4CCCCC4)cc(Cl)c3c2c1,,,,-5.701146923590294,,,,,3.4
Cn1c2ccc(OCc3cn[nH]c3)cc2c2ccn(CCCN3CCCCC3)c(=O)c21,1.750374253065201,3.025207195492678,,-4.183758700008217,1.1038037209559568,2.9722491359625955,-4.695940533782401,0.3541084391474008,2.0
Cn1cc(COc2ccc3c(c2)c2ccn(CCCN4CCCCC4)c(=O)c2n3C)cn1,,,,-4.220403508742176,,,,,2.0
CC(C)COc1ccc2c(c1)c1ccn(C[C@@H]3CCCN(C)C3)c(=O)c1n2C,,,,-4.402304814074488,,,,,3.7
Cn1c2cc(Cl)ccc2c2cc(=O)n(CCCN3CCCCC3)nc21,2.4560121837882845,3.38082924495159,,-4.173925197299174,0.9777236052888476,2.460597188897601,-4.5101820916985496,-0.1739251972991735,2.0
Cn1c2cc(F)ccc2c2ccn(CCNCC(F)F)c(=O)c21,,,,-4.0996328713435295,,,,,3.0
CNCCn1ccc2c([nH]c3cc(F)ccc32)c1=O,,,,-4.030584087646019,,,,,1.0
O=c1c2[nH]c3cc(F)ccc3c2ccn1CCNC1CC1,,,,-4.049148541111454,,,,,2.9
Cn1c2ccc(OCCn3cccn3)cc2c2ccn(CCCN3CCCCC3)c(=O)c21,,,,-4.068542129310995,,,,,2.2
COc1cc(C(F)(F)F)c2[nH]c3c(=O)n(CCCN4CCCCC4)ccc3c2c1,2.843851742261271,4.998925206824384,,-4.140261433802853,1.0718820073061257,2.35314654621398,-4.650916831220409,-0.3010299956639812,3.0
CC(C)COc1ccc2[nH]c3c(=O)n(CCCN4CCCCC4)cnc3c2c1,,,,-4.896196279044043,,,,,3.3
CC(C)COc1ccc2[nH]c3c(=O)n(C[C@@H]4CCCN(C)C4)cnc3c2c1,,,,-4.095825631715837,,,,,3.0
CNc1ccc(OCCN2CCCCC2)cc1-c1cc(-c2ccncc2)ccn1,,,,-3.632644078973981,1.631443769013172,2.71121652432109,,,1.8
O=C1CCc2ccc(-c3ccc(F)c(OCCN4CCCCC4)n3)cc2N1,,,,-3.5606673061697376,1.513217600067939,2.952792443044092,,,2.5
CNCCCOc1cnn(-c2ccc3ccncc3c2)c1,,,,-3.5850266520291822,2.7902851640332416,2.791760804012905,,,0.2
O=C1Cc2cc(-n3ccc(OCC4CNC4)n3)ccc2CN1,,,,-3.5850266520291822,0.0,1.847572659142112,,,0.1
NC1(COc2cnn(-c3ccc4ccncc4c3)c2)CC1,,,,-3.578396073130169,0.0,2.429429264381788,,,1.7
CN1C(=O)CCc2ccc(-c3ccc(OCCN4CCNCC4)cc3)cc21,,,,-3.609064892896621,0.0,1.665580991017953,,,0.9
Fc1cccc(-c2cccc(Nc3ccn(CC4CCNCC4)n3)n2)c1,,,,-3.636388020107856,0.3979400086720376,1.3729120029701063,,,0.8
Fc1cccc(-c2cccc(Nc3ccnn3CC3CCNCC3)n2)c1,,,,-3.632644078973981,0.0,2.7194141597025934,,,0.7
CN(c1cccc(-c2cccc(F)c2)n1)c1ccn(CC2CCNCC2)n1,,,,-3.686132779630847,0.041392685158225,1.1846914308175989,,,1.3
CN(c1cccc(-c2cccc(F)c2)n1)c1ccnn1CC1CCNCC1,,,,-3.6439741428068775,0.3617278360175928,2.740836207057312,-5.642065152999546,0.6344772701607315,1.1
O=C(c1n[nH]cc1-c1ccc2ncsc2c1)N1CCN(Cc2ccc(Cl)cc2)CC1,,,,-3.673664139071248,2.155336037465062,2.5650209283452936,,,3.0
O=C(c1n[nH]cc1C1CC1)N1CCC(Oc2ccc(Br)cc2)CC1,4.184591440069878,5.5174528964647065,,-3.863279432843593,0.0,1.8585371975696392,-5.460923901207224,0.0899051114393979,3.7
O=C(c1n[nH]c2cccnc12)N1CCC(Oc2ccc(Br)cc2)CC1,3.442277407405623,4.858805152060567,,-6.073657553374345,0.3979400086720376,1.6304278750250238,-5.102922996790579,0.2278867046136735,3.1
COc1ccc(-c2c[nH]nc2C(=O)N2CCC(Oc3cncc(Cl)c3)CC2)cc1OC,,,,-3.612610173661271,2.1172712956557644,3.541354550754415,,,2.4
O=C(c1n[nH]c2cccnc12)N1CCCN(Cc2cncc(Cl)c2)CC1,,,,-3.570247719997592,1.7481880270062005,3.3387751249335733,,,1.3
O=C(c1n[nH]cc1-c1ccc2ncsc2c1)N1CCCN(Cc2cncc(Cl)c2)CC1,,,,-3.583359492661719,2.753659647285999,3.433977733631108,,,1.9
O=C(c1n[nH]cc1-c1ccc2ncsc2c1)N1CCN(Cc2cncc(Cl)c2)C2(CC2)C1,,,,-4.554395796726403,2.077731179652392,2.6768764319731373,,,2.8
O=C(c1n[nH]c2ccccc12)N1CC2CC(C1)N2Cc1cncc(Cl)c1,,,,-3.555955204081924,1.294466226161593,2.4239009185284166,,,2.7
O=C(c1n[nH]cc1-c1ccc2ncsc2c1)N1CC2CC(C1)N2Cc1cncc(Cl)c1,,,,-3.562249437179612,1.639486489268586,2.3306166672944384,,,1.5
O=C(c1n[nH]cc1-c1ccc2ncsc2c1)N1CC2CCC(C1)N2Cc1cncc(Cl)c1,,,,-3.5606673061697376,2.1231980750319988,2.916137983107175,,,2.4
O=C(c1n[nH]cc1-c1ccccc1)N1CC2CCC(C1)N2Cc1cncc(Cl)c1,,,,-4.447331783887806,2.674677467873199,3.526791432018821,,,2.7
O=C(c1n[nH]cc1-c1ccc2ncsc2c1)N1CCN(Cc2ccccc2)CC1,2.350827761940384,2.6385217396501237,,-3.567030709125594,2.0860037056183818,2.637989780784685,-4.796151536253765,0.1986570869544226,2.4
COc1ccccc1-c1cc(C(=O)N2CCC(Oc3cncc(Cl)c3)CC2)[nH]n1,,4.795387319784828,,-5.238824186844269,0.6334684555795865,2.4539295920577286,-4.991399828238083,-0.1487416512809247,3.8
COc1ccc(-c2cc(C(=O)N3CCC(Oc4cncc(Cl)c4)CC3)[nH]n2)c(F)c1,,,,-6.690369832574102,1.6910814921229684,2.9028184680822533,,,3.9
NCCn1ccc2c([nH]c3cc(F)ccc32)c1=O,,,,-4.094743951251549,1.730782275666389,1.6532125137753435,,,0.9
COc1cccc2[nH]c3c(=O)n(CCN(C)C4CCCCC4)ccc3c12,,,,-4.328827157284917,2.526726867314636,1.287801729930226,,,3.6
O=c1c2[nH]c3cc(F)ccc3c2ccn1CCNC1CCCCC1,,,,-4.314258261397736,1.5717088318086876,2.956408571195833,,,2.8
CC1(O)CC(NCCn2ccc3c([nH]c4cc(F)ccc43)c2=O)C1,,,,-4.119186407719209,0.5797835966168101,1.155336037465062,,,1.9
O=c1c2[nH]c3cc(F)ccc3c2ccn1CCNC1CC(F)(F)C1,,,,-5.025949097207123,1.3820170425748683,2.248218561190075,,,3.2
C[C@@H](NCCn1ccc2c3ccc(F)cc3n(C)c2c1=O)[C@@H]1CCC(=O)N1,2.208385407473747,3.8918202981106256,,-4.1700533040583645,0.7481880270062004,2.2030328870147105,-4.59108197915322,0.2855573090077737,2.3
O=c1c2[nH]c3cc4c(cc3c2ccn1CCCN1CCCCC1)OCO4,,,,-4.153044674980176,1.294466226161593,2.3900514964589874,,,1.8
O=c1c2[nH]c3cc4c(cc3c2ccn1CCCN1CCCCC1)OC(F)(F)O4,,,,-4.2644011003018205,0.6127838567197355,1.611723308007342,,,3.2
CCOc1cc2[nH]c3c(=O)n(CCCN4CCCCC4)ccc3c2cc1F,2.2424811689243405,4.820281565605036,,-4.172630726946175,1.1335389083702174,3.888987776287218,-4.580044251510242,-0.1191864077192086,2.5
C[C@H](COc1ccc2c(c1)c1ccn(CCCN3CCCCC3)c(=O)c1n2C)n1ccnn1,,,,-4.016824927962187,0.9542425094393248,2.768860000842957,,,2.7
COc1ccc2c(c1)c1cc(=O)n(CCCN3CCCCC3)nc1n2C,,,,-4.037157318798758,1.173186268412274,2.53567380342575,,,1.7
CC(=O)NCCn1ccc2c([nH]c3cc(F)ccc32)c1=O,,,,-4.0,0.3222192947339193,2.1931245983544616,,,0.9
NCCCn1ccc2c([nH]c3cc(F)ccc32)c1=O,,,,-4.0,0.8976270912904415,1.9106244048892007,,,2.1
CC(=O)NCCCn1ccc2c([nH]c3cc(F)ccc32)c1=O,,,,-4.038578905933552,0.6901960800285137,2.485579476984679,,,2.3
CC(C)NCCCn1ccc2c([nH]c3cc(F)ccc32)c1=O,,,,-4.00436480540245,1.021189299069938,1.9703468762300933,,,0.2
CN1CCC[C@@H](Cn2ccc3c([nH]c4cc(OCC5CC5)ccc43)c2=O)C1,2.6021527726798066,5.680574054225168,,-4.094204119632131,0.7923916894982539,1.9375178920173464,-4.772370350428991,-0.1191864077192086,1.7
CCOc1cc2[nH]c3c(=O)n(CCCN4CCCCC4)ccc3c2cn1,0.1241592527956596,2.640129255969372,,-4.018181392829336,0.7558748556724915,1.6242820958356683,-4.557206774060231,-0.0087739243075051,1.4
Cn1c2cc(F)cc(C(F)F)c2c2ccn(CCN)c(=O)c21,,,,-4.424812155072339,1.24551266781415,2.100370545117563,,,1.7
CC(C)NCCn1ccc2c([nH]c3cc(F)ccc32)c1=O,1.1747359841409104,3.740129644124236,,-4.030584087646019,1.0755469613925308,1.8382192219076257,-4.544393887418133,-0.0555173278498313,1.6
O=C1CCc2ccc(-c3cccc(OCCNC4CCC(F)(F)CC4)n3)cc2N1,,,,-3.595166283380062,1.5763413502057928,2.610979379922997,,,2.4
NC(=O)CCOc1ccc(-c2ccc3ccncc3c2)cc1,,,,-5.872895201635193,1.0718820073061257,2.584783378996508,,,2.6
FC1(F)CC(NCCOc2cnn(-c3ccc4ccncc4c3)c2)C1,,,,-3.649751981665837,1.3617278360175928,2.76544501809015,,,2.8
c1cc2ccc(-n3cc(OCCNC4COC4)cn3)cc2cn1,,,,-3.576754126063192,0.8512583487190752,2.432969290874406,,,1.6
C[C@@H](c1ccc(Nc2cccc(-c3cccc(F)c3)n2)nc1)N1CCOCC1,,,,-4.8297382846050425,1.6866362692622934,2.682686478249768,,,3.9
C[C@H](c1ccc(Nc2cccc(-c3cccc(F)c3)n2)nc1)N1CCOCC1,,,,-4.777283528852417,1.951823035315912,2.934649922900711,,,3.9
NCCOc1cccc(-c2ccc3c(c2)NC(=O)CC3)n1,,,,-3.5466816599529625,0.2041199826559248,1.884795363948981,,,0.1
NC(=O)Cn1ccc(Nc2cccc(-c3cccnc3)n2)n1,0.1804883757122938,0.6155245751424081,,-4.1444808443322,0.7403626894942439,1.9493900066449128,-4.948847477552619,0.3384564936046048,1.0
Cc1c2ccnc(C(=O)N[C@H](C)CN(C)C)c2cc2c3cc(OCCCN4CCN(C)CC4)ccc3n(C)c12,,,,-3.625251653989896,1.235528446907549,2.355643050220869,,,1.5
O=C(c1n[nH]cc1-c1ccccc1)N1CCN(Cc2cncc(Cl)c2)CC(F)(F)C1,,,,-5.075204004202088,2.988425170006303,3.5465550012142977,,,2.9
O=C(c1n[nH]c2cccnc12)N1CCN(Cc2cncc(Cl)c2)CC(F)(F)C1,,,,-4.090979145788844,2.4899584794248346,3.550546311465644,,,2.0
O=C(c1n[nH]c2cccnc12)N1CCN(Cc2ccc(Cl)cc2)CC(F)(F)C1,,,,-6.396855627379818,1.8293037728310249,3.0645328611315783,,,3.2
O=C(c1n[nH]cc1-c1ccc2ncsc2c1)N1CCN(Cc2cncc(Cl)c2)CC(F)(F)C1,,,,-4.896196279044043,2.749040268703457,3.34766170912162,,,2.6
O=C(c1n[nH]c2ccccc12)N1CCN(Cc2cncc(Cl)c2)CC(F)(F)C1,,,,-5.832682665251824,2.9429005411402938,3.521517271732617,,,3.5
O=C(c1n[nH]cc1-c1ccccc1)N1CCN(Cc2ccc(Cl)cc2)CC(F)(F)C1,,,,-7.151195298948196,2.398634324538392,3.3971053617490874,,,4.3
CC(=O)N1CCC(OC2CCN(C(=O)c3n[nH]cc3-c3ccc4ncsc4c3)CC2)CC1,,,,-3.530177984021837,0.8325089127062363,1.8959747323590648,,,0.8
O=C(c1n[nH]cc1-c1ccc2ncsc2c1)N1CCC(OC2CCNCC2)CC1,-1.840433765255303,0.1470644867601807,,-3.5287082889410613,0.0,0.0,-6.229147988357856,0.1613680022349748,-1.6
O=C(c1n[nH]cc1-c1ccc2c(c1)OC(F)(F)O2)N1CCN(Cc2cncc(Cl)c2)CC1,,,,-3.630784142589857,2.9239689648754714,3.347895693493232,,,3.3
O=C(c1n[nH]cc1-c1ccc2c(c1)OC(F)(F)O2)N1CCC(Oc2cncc(Cl)c2)CC1,,,,-4.665546248849069,2.180125875164054,2.6240757311456826,,,4.1
N#Cc1ccc(OC2CCN(C(=O)c3n[nH]cc3-c3ccc4ncsc4c3)CC2)cc1,2.987364023883476,3.789829806794527,,-4.092588639225414,1.5365584425715302,2.320354032817672,-5.4089353929735005,0.7543483357110189,2.8
COc1ccc(-n2cc(C(=O)N3CCC(Oc4cncc(Cl)c4)CC3)cn2)c(OC)c1,,,,-4.289882634888184,1.24551266781415,2.587935348636356,,,3.4
Clc1cncc(OC2CCN(Cc3n[nH]c4ccccc34)CC2)c1,,,,-3.607303046740334,1.7007037171450194,3.120310642636462,,,3.2
OCCCOc1cnn(-c2ccc3ccncc3c2)c1,,,,-4.329754146925876,1.3926969532596658,2.928856533581911,,,2.1
O=C1CCc2ccc(-n3cc(OCCNC4CCC(F)(F)CC4)cn3)cc2N1,,,,-3.562249437179612,0.4771212547196624,1.4638929889859074,,,1.7
NC1(CCOc2ccc(-c3ccc4ccncc4c3)cc2)CCCCC1,,,,-5.1438755557577,0.8061799739838872,2.1209028176145277,,,2.5
c1cc2cnc(-c3ccc(OCCN4CCCCC4)cc3)cc2cn1,,,,-3.552841968657781,1.3096301674258988,3.0656170557268725,,,2.0
O=C1CCc2ccc(-c3cccc(OCCN4CCCCC4)n3)c(F)c2N1,,,,-3.5331323796458904,0.5440680443502757,2.041392685158225,,,1.9
NC(=O)Cc1ccnc(Nc2cccc(-c3cccnc3)n2)n1,-0.0080000426670762,0.3544653739057504,,-3.749579997691106,0.8512583487190752,2.03342375548695,-4.5320960534772,0.0863598306747482,1.3
NC(=O)Cc1cccc(Oc2cccc(-c3cccnc3)n2)n1,,,,-3.5316526695878427,0.0,1.848804701051804,,,0.9
CN(c1cccc(-c2cccnc2)n1)c1ccn(CC(N)=O)n1,,,,-3.530177984021837,1.136720567156407,1.9822712330395684,,,1.4
NC(=O)Cc1cccc(Nc2cccc(-c3cccc(S(N)(=O)=O)c3)n2)n1,,,,-4.476253533188435,0.0,1.9532763366673045,,,1.3
NC(=O)Cc1cccc(Nc2cc(-c3cccnc3)ccn2)n1,,,,-3.575118363368933,1.8350561017201164,2.642068627341504,-5.164943898279883,0.6989700043360189,1.4
NC(=O)Cc1cccc(Nc2cccc(-c3cccc(F)c3)n2)n1,,,,-5.386158178123931,1.8536982117761744,3.060320028688285,,,3.1
Cc1cc(C#N)cc(-c2cccc(OCCN3CCCCC3)c2)c1,,,,-3.6345120151091,1.7693773260761383,3.056828652637812,,,3.2
c1cc2ccc(-c3ccc(OC4CNC4)cc3)cc2cn1,,,,-3.696803942579512,1.0755469613925308,2.2889196056617265,,,1.4
O=C(c1n[nH]cc1-c1ccc2ncoc2c1)N1CCN(Cc2cncc(Cl)c2)CC1,,,,-3.571865205971211,2.5461723683169426,3.217773377401496,,,1.5
CNC(=O)N1CCC(OC2CCN(C(=O)c3n[nH]cc3-c3ccc4ncsc4c3)CC2)CC1,0.2289954698821485,0.4895482253187058,,,0.9493900066449128,2.106870544478654,-6.443697499232713,1.3318320444362486,
O=C(c1n[nH]cc1-c1ccc2ncsc2c1)N1CCC(OC2CCN(C3CC3)CC2)CC1,0.5108256237659907,1.341277820401376,,-3.500312917381596,1.292256071356476,2.5597869682005565,-5.591760034688151,1.028977705208778,1.4
O=C(c1n[nH]cc1C#Cc1cncs1)N1CCN(Cc2cncc(Cl)c2)CC1,2.0907410969337694,1.5977236976778817,,-3.7931741239681513,2.2060158767633444,3.3681752745493765,-5.180456064458132,0.6730209071288962,1.9
COc1ccc(-c2ncc(C(=O)N3CCC(Oc4cncc(Cl)c4)CC3)[nH]2)c(OC)c1,4.498799058824351,4.759152784463586,,-5.027797161620936,1.0606978403536116,2.173186268412274,-5.048662481204082,0.1398790864012364,3.5
COc1ccc(-c2cc(CN3CCC(Oc4cncc(Cl)c4)CC3)n[nH]2)cc1OC,,,,-3.769551078621726,2.1934029030624176,2.9485596621089614,,,3.3
Clc1cncc(OC2CCN(Cc3n[nH]cc3-c3ccccc3)CC2)c1,,,,-3.863279432843593,2.5756496147552195,3.344981413927258,,,3.6
COc1ccc(-c2cc(CN3CCC(Oc4cncc(Cl)c4)CC3)n[nH]2)c(OC)c1,,,,-4.238824186844268,1.9395192526186185,2.727378569451489,,,3.5
Clc1ccc(CN2CC3CCC(C2)N3Cc2n[nH]c3cccnc23)cc1,,,,-5.010995384301463,1.3636119798921444,2.2920344359947364,,,2.9
Clc1ccc(CN2CC3CC(C2)N3Cc2n[nH]c3cccnc23)cc1,,,,-3.549750891680639,1.2671717284030135,2.140193678578631,,,2.2
Clc1cncc(CN2C3CCC2CN(Cc2n[nH]c4cccnc24)C3)c1,,,,-4.546681659952962,2.392169149489736,3.3675236418690195,,,1.9
COc1ccc2c3cc(=O)n(CCCN4CCCCC4)nc3n(C)c2c1,,,,-4.113509274827518,1.110589710299249,2.187238619831479,,,1.3
CC(C)NCCn1ccc2c3ccc(F)cc3n(C)c2c1=O,,,,-4.139063379299906,1.3159703454569178,2.7520484478194387,,,1.9
O=c1c2[nH]c3cc(F)ccc3c2ccn1CC[C@H]1CCCN1,,,,-4.0,0.8260748027008264,1.8512583487190752,,,0.5
O=c1c2[nH]c3cc(F)ccc3c2ccn1C[C@@H]1CCCN1,,,,-4.044312249686494,0.5797835966168101,1.7283537820212285,,,1.0
O=c1c2[nH]c3cc(F)ccc3c2ccn1CCC1CNC1,1.6882964873464208,4.151293874153982,,-4.083019952679618,0.9590413923210936,0.8573324964312685,-5.628932137728264,0.7543483357110189,-0.2
O=c1c2[nH]c3cc(OC(F)F)ccc3c2ccn1CCCN1CCCCC1,,,,-4.122628654130226,1.0086001717619175,1.6857417386022635,,,2.2
COc1ccc2c(c1)[nH]c1c(C(N)=O)ncnc12,,,,-4.060980223551334,1.904715545278681,3.171170434901621,,,2.3
O=c1c2[nH]c3cc(Cl)ncc3c2ccn1CCCN1CCCCC1,0.2492829395172452,2.278729051801107,,-4.089375595110798,0.0,1.2405492482825995,-4.474307475494989,0.0899051114393979,1.4
O=c1c2[nH]c3cc(F)ncc3c2ccn1CCCN1CCCCC1,-0.5408064559779265,1.5028556495259513,,-4.09799710864927,0.0,1.146128035678238,-4.491874463916801,0.0086001717619175,1.1
O=C1CCc2ccc(-c3nc(OCCN4CCCCC4)ccc3F)cc2N1,,,,-3.605548319173784,1.230448921378274,2.6852937813867843,,,2.4
O=C1CCc2ccc(-c3nc(Cl)ccc3OCCN3CCCCC3)cc2N1,,,,-3.583359492661719,1.6334684555795864,2.2935835134961167,,,1.8
c1ccc(-n2ccc(Nc3ccc(OCCCN4CCCC4)cc3)n2)nc1,1.509587052587244,3.842009204807092,,-3.614393726401688,0.5910646070264992,1.9916690073799488,-5.1249387366083,0.2455126678141498,1.8
CNC1(CCOc2cnn(-c3ccc4ccncc4c3)c2)CC1,,,,-3.543633966870957,0.7781512503836436,0.6532125137753437,,,0.0
c1ccc(-n2cc(Nc3ccc(OCCCN4CCCC4)cn3)cn2)nc1,,,,-3.600326278518962,1.3747483460101038,1.7596678446896306,,,1.4
FC1(F)CCN(CCOc2ccc(-c3ccc4ccncc4c3)cc2)CC1,5.293304824724491,6.906754778648553,,-6.581698708680254,1.6857417386022635,2.496376054012401,,,4.3
NC(=O)Cc1cccc(Nc2nccc(-c3cccnc3)n2)n1,,,,-4.355561410532162,1.3521825181113625,2.141763230275788,,,1.2
O=C1CCc2ccc(-c3cccc(OC4CNC4)n3)cc2N1,,,,-3.616184634019569,0.0,2.0461047872460387,,,0.4
c1cncc(-c2cccc(Nc3cccc(OC4CNC4)n3)n2)c1,,,,-3.5466816599529625,1.146128035678238,2.638489256954637,,,1.1
O=C(c1n[nH]cc1-c1ccc2ncoc2c1)N1CCN(Cc2ccc(Cl)cc2)CC1,,,,-4.590066876668706,2.492061604512599,3.2998340406458584,,,2.8
Cc1cn2nc(-c3c[nH]nc3C(=O)N3CCC(Oc4cncc(Cl)c4)CC3)ccc2n1,,,,-4.228412519118745,2.0692980121155293,3.11374286242935,,,2.3
O=C(c1n[nH]cc1-c1ccc2nccn2n1)N1CCC(Oc2cncc(Cl)c2)CC1,,,,-3.570247719997592,1.808885867359812,2.925312091499649,,,2.0
O=C1CN(Cc2ccc(Cl)cc2)CCN1Cc1n[nH]c2cccnc12,,,,-3.542118103266008,1.1760912590556811,2.404491617758686,,,2.4
O=C(c1n[nH]cc1C#Cc1cncs1)N1CCC(Oc2cncc(Cl)c2)CC1,3.7944672166765008,3.5325550519608577,,-4.436518914605589,1.5831987739686226,2.109240968588203,-5.228412519118745,0.6053050461411095,2.8
COc1ccc(-c2c[nH]c(C(=O)N3CCC(Oc4cncc(Cl)c4)CC3)n2)c(OC)c1,,,,-5.412289034981089,1.403120521175818,2.402605241919914,,,4.1
O=C(c1n[nH]c2cccnc12)N1CCC(Oc2ccn3ccnc3c2)CC1,,,,-3.557520230935552,0.0,1.110589710299249,,,1.0
O=C(c1n[nH]c2cccnc12)N1CCC(Oc2ccn3cnnc3c2)CC1,,,,-3.5228787452803374,0.0,1.390935107103379,,,0.2
O=C(c1n[nH]c2ccccc12)N1CCC(Oc2ccn3cnnc3c2)CC1,,,,-3.562249437179612,0.0,1.6580113966571124,,,1.6
O=C(c1n[nH]c2ccccc12)N1CCC(Oc2ccn3ccnc3c2)CC1,,,,-3.567030709125594,1.130333768495006,2.100370545117563,,,2.3
Clc1cncc(OC2CCN(Cc3n[nH]cc3C3CC3)CC2)c1,,,,-3.5257837359237447,1.7781512503836436,3.203087306472448,,,2.7
Clc1cncc(OC2CCN(Cc3n[nH]cc3-c3ccc4ncsc4c3)CC2)c1,,,,-3.96657624451305,2.1248301494138597,2.924227581260117,,,3.7
Clc1cccc(OC2CCN(Cc3n[nH]c4cccnc34)CC2)c1,,,,-4.31695296176115,1.5786392099680724,3.0692980121155293,,,3.2
Clc1cncc(CN2CCN(Cc3n[nH]c4cccnc34)CC2)c1,,,,-3.540607512240769,1.4487063199050798,3.241222631195891,,,1.6
Clc1cncc(OC2CC3CCC(C2)N3Cc2n[nH]c3cccnc23)c1,,,,-3.543633966870957,1.3324384599156054,2.9926418698783976,,,2.1
Clc1cncc(NC2CN(Cc3n[nH]c4cccnc34)C2)c1,,,,-3.530177984021837,1.2013971243204515,2.2755416884013098,,,1.9
Clc1cncc(CN2CC3CCC(C2)N3Cc2n[nH]c3cccnc23)c1,,,,-3.595166283380062,1.8350561017201164,3.538422910925707,,,2.0
Clc1ccnc(OC2CCN(Cc3n[nH]c4cccnc34)CC2)c1,,,,-3.552841968657781,1.1613680022349748,2.385606273598312,,,2.7
Clc1cc(OC2CCN(Cc3n[nH]c4cccnc34)CC2)ccn1,,,,-3.563837352959244,1.0969100130080565,1.8401060944567575,,,2.1
Clc1cccc(OC2CCN(Cc3n[nH]c4cccnc34)CC2)n1,,,,-3.5214335044061564,1.4313637641589874,3.096562438374136,,,2.7
CC1(O)CN(CCCn2ccc3c([nH]c4cc(F)ccc43)c2=O)C1,,,,-4.058488567365597,0.0,1.3926969532596658,-4.574302786637409,-0.1191864077192086,1.6
COc1ccnc2c(C(=O)N3CCN(c4ccc(N5CC(OC)C5)cc4)CC3)cn(C)c12,,,,-4.571865205971212,0.9684829485539352,2.67089495352021,,,2.0
O=c1c2[nH]c3cc(F)ccc3c2ccn1C[C@H]1CCCN1,,,,-4.238072161579471,0.9684829485539352,2.409425868671444,,,1.0
O=c1c2[nH]c3cc(F)ccc3c2ccn1CC[C@@H]1CCCN1,,,,-4.0,0.6720978579357175,1.7427251313046983,,,0.5
O=c1c2[nH]c3cc(F)ccc3c2ccn1C[C@@H]1CC(F)(F)CN1,,,,-4.134303940083929,1.505149978319906,2.6327608884794387,,,2.8
O=c1c2[nH]c3cc(F)ccc3c2ccn1C[C@H]1CC(F)(F)CN1,,,,-4.605548319173784,1.599883072073688,2.943890048248473,,,2.8
O=c1c2[nH]c3ccsc3c2ccn1CCCN1CCCCC1,,,,-4.068542129310995,2.120244795546365,2.576686805200996,,,1.4
COCC1CN(c2ccc(N3CC4CC(C3)N4C(=O)c3cn(C)c4ncccc34)cc2)C1,,,,-4.910094888560602,1.9434945159061023,3.439979705223639,,,2.7
O=c1c2[nH]c3cc(C(F)(F)F)ncc3c2ccn1CCCN1CCCCC1,,,,-4.192464971931146,0.7323937598229685,1.416640507338281,,,1.7
NC(=O)Cn1cc(Nc2cccc(-c3cccc(F)c3)n2)cn1,,,,-3.6458915608525992,0.9542425094393248,1.988112840268352,,,2.3
NC(=O)Cn1ccc(Nc2cccc(-c3cccc(F)c3)n2)n1,,,,-4.3655227298392685,0.6989700043360189,2.1489109931093564,,,2.0
CN(c1cnn(-c2ccccn2)c1)c1ccc(OCCCN2CCCC2)cn1,,,,-3.580044251510242,0.6812412373755872,2.0472748673841794,,,1.3
O=C1CCc2ccc(-n3cc(OCC4CNC4)cn3)cc2N1,,,,-3.567030709125594,0.4313637641589873,1.7041505168397992,,,-1.4
O=c1[nH]c2cc(-n3cc(OCC4CNC4)cn3)ccc2o1,,,,-3.539102157243452,0.1760912590556812,1.271841606536499,,,-1.3
CN(c1ccn(CC2CCNCC2)n1)c1nccc(-c2cccc(F)c2)n1,,,,-3.5850266520291822,0.0,1.9694159123539812,,,0.4
CN(c1ccn(CC(N)=O)n1)c1nccc(-c2cccc(F)c2)n1,,,,-4.528708288941061,1.3783979009481375,2.080987046910887,,,1.9
c1cncc(-c2cccc(Nc3cccc(OCC4CNC4)n3)n2)c1,,,,-3.5590909179347823,0.9084850188786496,3.111464151586654,,,0.5
Cc1cn2nc(-c3c[nH]nc3C(=O)N3CCC(Oc4ccc(Cl)cc4)CC3)cc(C)c2n1,,,,-5.274905478918531,1.6830470382388496,2.7695250201710504,,,3.4
Cc1cn2nc(-c3c[nH]nc3C(=O)N3CCC(Oc4ccc(Cl)cc4)CC3)ccc2n1,,,,-4.6595558851598815,1.667452952889954,2.654850090561394,,,3.3
Clc1cncc(OC2CCC(=Cc3n[nH]c4cccnc34)CC2)c1,,,,-6.087246696328677,1.4712917110589383,2.473194909204938,,,4.0
Cc1cn2nc(-c3c[nH]nc3C(=O)N3CCC(Oc4cncc(Cl)c4)CC3)cc(C)c2n1,,,,-4.2604276555499085,2.277150613963797,3.438874468906445,,,2.4
O=C(c1n[nH]cc1-c1ccc2ncsc2c1)N1CCN([C@H](c2cncc(Cl)c2)C(F)(F)F)CC1,,,,-3.5734887386354246,2.064083435963596,2.714329759745233,,,2.5
O=C(c1n[nH]cc1-c1ccc2ncsc2c1)N1CCN([C@@H](c2cncc(Cl)c2)C(F)(F)F)CC1,,,,-3.539102157243452,2.011993114659257,2.783331762887424,,,2.5
c1cncc(OC2CCN(Cc3n[nH]c4cccnc34)CC2)c1,,,,-3.503070351926785,1.292256071356476,2.5603849229720157,,,1.4
Clc1cncc(OC2CN(Cc3n[nH]c4cccnc34)C2)c1,,,,-3.552841968657781,1.0969100130080565,2.371806458507416,,,1.9
Clc1cncc(CN2CCN(c3n[nH]c4cccnc34)CC2)c1,,,,-3.530177984021837,1.4563660331290431,2.769303460189082,,,2.2
CN1C[C@H](Cn2ccc3c([nH]c4cc(Cl)ccc43)c2=O)CCC1=O,,,,-4.374687549038326,0.5185139398778874,1.5185139398778875,,,2.8
CN1C[C@@H](Cn2ccc3c([nH]c4cc(Cl)ccc43)c2=O)CCC1=O,,,,-4.349692476868063,0.2787536009528289,1.802773725291976,,,2.7
Cn1c2ccc(Cl)cc2c2cc(=O)n(CCCN3CCCCC3)nc21,1.2482685789075287,3.159975759375354,,-4.062482107982653,0.9444826721501688,2.6901074394563307,-4.456925764966468,-0.1938200260161128,1.8
O=c1c2[nH]c3cc(F)ccc3c2ccn1CCCC1CNC1,2.9235831658856037,4.636345803456547,,-4.086186147616283,1.0755469613925308,0.7481880270062004,-5.429457060118103,0.3979400086720376,-0.3
CNCCCn1ccc2c([nH]c3cc(F)ccc32)c1=O,1.7267793494964236,4.240211529664063,,-4.15676722190199,1.1072099696478683,1.801403710017355,-4.595166283380062,-0.1079053973095195,0.3
O=c1c2[nH]c3cc(OCF)ccc3c2ccn1CCCN1CCCCC1,1.355332135515924,3.482993842299756,,-4.140261433802853,1.429752280002408,1.9003671286564705,-4.466609291982449,-0.2218487496163564,1.8
COC1CN(Cc2ccc(N3CCN(C(=O)c4cn(C)c5c(Br)cccc45)CC3)cc2)C1,,,,-4.122628654130226,2.275311354541812,3.36556285679556,,,3.1
Cn1c2ccc(Cl)cc2c2c(=O)n(CCCN3CCCCC3)cnc21,,,,-4.176525770829699,1.5550944485783191,3.049140463158965,,,2.4
O=C(c1n[nH]c2ccccc12)N1CCN(C(c2cncc(Cl)c2)C(F)(F)F)CC1,,,,-3.6716203965612624,2.3571722577230334,3.4542501553003446,,,3.6
Clc1cncc(OC2CCN(c3n[nH]c4cccnc34)CC2)c1,,,,-3.58838029403677,1.3138672203691537,2.6045500325712614,,,3.3
O=C(c1n[nH]cc1-c1ccc2ocnc2c1)N1CCCN(Cc2cncc(Cl)c2)CC1,,,,-3.6216020990518634,2.8988348380682742,3.5135238961137456,,,1.7
Cc1cnc2c(-c3cn[nH]c3C(=O)N3CCC(Oc4ccc(Cl)cc4)CC3)cnn2c1,3.7944672166765008,4.9840094414519465,,-5.570247719997592,1.670245853074124,2.396896449142524,-5.165579296318468,0.3304137733491908,3.4
O=C(c1n[nH]cc1-c1ccc2ncsc2c1)N1CCC(c2ccc(Cl)cc2)CC1,,,,-6.023650020996727,1.725094521081469,2.4665710723863543,,,3.8
O=C(c1n[nH]cc1-c1ccc2ncsc2c1)N1CCN(c2ccc(Cl)cc2)CC1,,,,-4.790484985457369,1.967547976218862,2.5341530741850624,,,3.3
Clc1ccc(N2CCN(Cc3n[nH]c4ccccc34)CC2)cc1,,,,-6.333482019445119,0.8808135922807914,2.808075868091307,,,3.9
O=C(c1n[nH]cc1-c1ccc2ncsc2c1)N1CCN(C2CC2)CC1,0.2127994069087656,1.2128339516996265,,-3.596879478824182,1.1931245983544616,2.504742636271688,-4.777023550106609,0.1958996524092337,1.6
O=C(c1n[nH]cc1-c1ccc2ncsc2c1)N1CCN(CC(F)(F)F)CC1,0.7354495602506345,1.0726471261776125,,-3.616184634019569,1.4329692908744058,2.498172660636544,-4.675717544702307,-0.0177287669604316,1.7
CCN1CCN(C(=O)c2n[nH]cc2-c2ccc3ncsc3c2)CC1,-0.7537718023763801,0.1663827747445256,,-3.616184634019569,0.0,2.372175286115064,-5.151195298948196,0.3856062735983122,0.9
CC(=O)N1CCN(C(=O)c2n[nH]cc2-c2ccc3ncsc3c2)CC1,,,,-3.642065152999546,0.724275869600789,0.4771212547196624,,,0.2
COc1ccc(-c2cc(C(=O)N3CCN(C4CC4)CC3)[nH]n2)c(OC)c1,,,,-4.208309350979882,0.6334684555795865,2.372175286115064,,,2.5
COc1ccc(-c2cc(C(=O)N3CCN(CC(F)(F)F)CC3)[nH]n2)c(OC)c1,,,,-4.554395796726403,0.8129133566428556,2.3010299956639813,,,2.8
CCN1CCN(C(=O)c2cc(-c3ccc(OC)cc3OC)n[nH]2)CC1,,,,-3.701146923590293,0.6434526764861874,2.1222158782728267,,,1.8
COc1ccc(-c2cc(C(=O)N3CCN(C(C)=O)CC3)[nH]n2)c(OC)c1,,,,-3.673664139071248,0.2787536009528289,1.3636119798921444,,,1.3
O=C(c1n[nH]cc1-c1ccc2ncsc2c1)N1CCN(c2cncc(Cl)c2)CC1,,,,-3.6458915608525992,2.130976691605617,2.515741416669365,,,2.4
COc1ccc(-c2cc(C(=O)N3CCN(c4ccc(Cl)cc4)CC3)n[nH]2)c(OC)c1,,,,-7.356547323513813,0.7403626894942439,2.709863317440399,,,4.3
O=c1cc(Oc2ccccc2)ccn1Cc1n[nH]c2cccnc12,,,,-4.966576244513051,0.4913616938342727,1.8591382972945307,,,2.3
COc1ccc(-c2n[nH]c(C(=O)N3CCN(Cc4cncc(Cl)c4)CC3)n2)c(OC)c1,,,,-4.853871964321762,1.8000293592441343,3.048480647473502,,,2.5
CNc1cc(OC)ncc1-c1cc(C(=O)N2CCN(Cc3ccc(Cl)cc3)CC2)on1,,,,-6.853871964321762,1.8609366207000937,2.285107029566812,,,4.3
NC(=O)C1(c2cccc(Nc3cccc(-c4cccnc4)n3)n2)COC1,,,,-4.966576244513051,0.7323937598229685,2.3763944420372662,,,2.0
N#CC1(c2cccc(Nc3cccc(-c4cccnc4)n3)n2)COC1,,,,-5.20690839982342,1.6730209071288962,2.6348801407665263,,,3.3
CC(C(N)=O)n1cc(N(C)c2cccc(-c3cccc(S(C)(=O)=O)c3)n2)cn1,,,,-3.549750891680639,0.9242792860618816,1.965201701025912,,,1.7
Cn1cc(-c2ccc(N)nc2)c2cc(OCCCN3CCCC3)ccc21,,,,-3.575118363368933,0.8808135922807914,3.101918833680424,,,1.0
COc1cncc(-c2cn(C)c3ncc(OCCCN4CCCC4)cc23)c1,,,,-3.540607512240769,1.230448921378274,2.6856521841155243,,,1.6
NC(=O)Cn1ccc(Nc2nccc(-c3cccc(F)c3)n2)n1,,,,-5.121478204498794,0.6720978579357175,1.4471580313422192,,,1.8
CN(c1cccc(-c2cccc(F)c2)n1)c1ccn(CC(N)=O)n1,,,,-3.9172146296835497,1.3617278360175928,2.4466924663715277,,,2.7
C[C@H](N)COc1cccc(-c2ccc3cnccc3c2)n1,,,,-3.5654310959658013,1.7937903846908188,3.058995093525416,,,1.3
CC(=O)N[C@H](C)COc1cccc(-c2ccc3cnccc3c2)n1,,,,-4.058488567365597,1.9185545305502736,2.5768018958289125,,,3.0
C[C@@H](N)COc1cccc(-c2ccc3cnccc3c2)n1,,,,-3.576754126063192,2.082426300860772,3.333104540398589,,,1.3
C[C@H](N)COc1cccc(-c2ccc3cnccc3c2)c1,,,,-3.5361070110140926,1.867467487859052,2.7224693858840308,,,1.7
C[C@@H](N)COc1cccc(-c2ccc3cnccc3c2)c1,,,,-3.5214335044061564,1.7259116322950483,2.8003045775561985,,,1.7
Cn1cc(-c2cncnc2)c2cc(OCC3CNC3)ccc21,,,,-3.5850266520291822,0.7403626894942439,2.5052856741441323,,,-0.9
Nc1cc(OCCN2CCCCC2)ccc1-c1ccc2ncncc2c1,0.5322168137473082,,,-3.555955204081924,1.2966651902615312,2.163757523981956,-4.508358206522414,-0.0969100130080563,1.4
Nc1cc(OCCN2CCCCC2)ccc1-c1ccc2ncccc2c1,,,,-3.5214335044061564,0.9294189257142929,1.9867717342662448,,,2.0
O=c1c2[nH]c3cc(F)ccc3c2ccn1CCCC1CCCCN1,,,,-4.113509274827518,1.1398790864012365,1.6608654780038692,,,0.8
COC1CN(c2ccc(N3CC4CCC(C3)N4C(=O)c3cn(C)c4ncccc34)cc2)C1,,,,-4.074687908500351,1.7589118923979734,2.649529565947819,,,4.1
O=c1c2[nH]c3cc(F)ccc3c2ccn1CCCN1CC(F)(F)C1,,,,-5.517126416391246,1.7730546933642626,2.9029813997975027,,,3.2
CN1C[C@H](Cn2ccc3c([nH]c4cc(F)ccc43)c2=O)CCC1=O,,,,-4.1249387366083,1.436162647040756,1.934498451243568,,,2.3
CN1C[C@@H](Cn2ccc3c([nH]c4cc(F)ccc43)c2=O)CCC1=O,,,,-4.164943898279883,0.8692317197309762,1.988112840268352,,,2.3
CN1CC(COc2nccc3c2[nH]c2cc(F)ccc23)CCC1=O,,,,-4.467245621007502,0.6232492903979004,2.443888546777372,,,3.7
COC1CN(c2ccc(N3CC4CC(C3)N4C(=O)c3cn(C)c4ncccc34)cc2)C1,,,,-4.694648630553377,1.9493900066449128,3.3386556655787003,,,3.0
COc1cc2[nH]c3c(=O)n(CCCN4CCCCC4)ccc3c2cn1,,,,-4.064996848546345,0.7923916894982539,1.2148438480476975,,,1.2
CN(c1cccc(CC(N)=O)n1)c1cccc(-c2cccnc2)n1,,,,-3.5287082889410613,0.0,1.981818607170664,-4.550675906901273,0.0374264979406236,1.7
CN(c1cnn(CC(N)=O)c1)c1cccc(-c2cccc(F)c2)n1,,,,-4.723538195826756,1.2576785748691846,2.3774883833761327,,,2.9
COc1cncc(-c2nn(C)c3ccc(OCCCN4CCCC4)cc23)c1,,,,-3.549750891680639,0.6334684555795865,3.121855182166855,,,1.5
CN(c1cnn(CC2CCNCC2)c1)c1cccc(-c2cccc(F)c2)n1,,,,-3.5816987086802548,0.146128035678238,2.14050804303818,,,1.4
CN(c1cnn(CC2CCNCC2)c1)c1nccc(-c2cccnc2)n1,,,,-3.578396073130169,0.6812412373755872,2.815577748324267,,,-0.1
CC(=O)N[C@H](C)COc1cccc(-c2ccc3cnccc3c2)c1,,,,-3.575118363368933,1.6998377258672457,2.4784221877400805,,,3.5
C[C@@H](N)COc1ccc(-c2ccc3cnccc3c2)cc1,,,,-3.54821356447571,1.5976951859255124,2.307923703611882,,,1.7
C[C@H](N)COc1ccc(-c2ccc3cnccc3c2)cc1,,,,-3.570247719997592,1.670245853074124,2.3550682063488506,,,1.7
O=C1CCc2ccc(-c3cccc(OCCN4CCC(F)(F)CC4)n3)cc2N1,,,,-4.627087997029894,2.091315159697223,2.9448773059636952,,,3.6
Cn1cc(-c2ccc(Cl)nc2)c2cc(OCC3CNC3)ccc21,,,,-3.5331323796458904,0.255272505103306,2.077731179652392,,,0.6
CNC(=O)Cn1cccc(Nc2cccc(-c3cccnc3)n2)c1=O,,,,-4.2564902352715706,0.5797835966168101,2.147985320683805,,,1.7
CNC(=O)COc1ncccc1Nc1cccc(-c2cccnc2)n1,,,,-4.567030709125595,1.3944516808262162,2.6153186566114788,,,2.7
Fc1cccc(-c2cccc(Nc3cccc(CCN4CCC4)c3)n2)c1,,,,-3.5850266520291822,0.0,2.1464381352857744,,,2.9
O=C1Cc2cccc(Nc3cccc(-c4cccnc4)n3)c2N1,,,,-3.5590909179347823,2.010299956639812,2.806519134080705,,,2.5
c1cc(CCN2CCC2)cc(Nc2cccc(-c3cccnc3)n2)c1,,,,-3.5316526695878427,1.250420002308894,2.6462076122066853,,,1.6
NC(=O)c1cccc(Nc2cccc(-c3cccnc3)n2)n1,,,,-4.91721462968355,0.9731278535996988,2.38147609027503,-4.785421046429501,0.0606978403536116,2.6
CNc1ccncc1-c1cc(C(=O)N2CCC(Oc3ccc(Cl)cc3)CC2)on1,,,,-4.779891911959945,1.503790683057181,2.198657086954422,,,4.0
CCC(c1n[nH]c2cccnc12)N1CCC(Oc2cncc(Cl)c2)CC1,,,,-3.5590909179347823,2.754348335711019,3.5058280338548364,,,2.8
C#Cc1cn[nH]c1C(=O)N1CCN(Cc2cncc(Cl)c2)C2(CC2)C1,,,,-3.595166283380062,1.4281347940287887,2.553761698390004,,,1.9
O=C(c1[nH]ncc1-c1ccc2scnc2c1)N1CCC(Oc2ccc(Cl)cc2)CC1,5.109977737428537,6.212606095751518,,-4.815308569182402,1.3617278360175928,2.2121876044039577,,0.4065401804339551,3.8
O=C(c1n[nH]cc1-c1ccc2scnc2c1)N1CCC(c2ccc(Cl)cc2)CC1,5.109977737428537,6.724233001611589,,-5.844663962534939,1.3692158574101427,2.278982116865443,,0.1205739312058498,3.8
Clc1ccc(C2CCN(Cc3n[nH]cc3-c3ccc4ncsc4c3)CC2)cc1,5.293304824724491,6.724233001611589,,-5.018181392829336,1.60422605308447,2.521530341278711,-5.954677021213342,0.1673173347481761,4.5
Clc1ccc(N2CCN(Cc3n[nH]cc3-c3ccc4ncsc4c3)CC2)cc1,5.109977737428537,6.906754778648553,,-6.106238237942057,1.9095560292411755,2.5901728315963144,-6.0,0.0492180226701816,4.3
O=C(c1[nH]ncc1-c1ccc2ncccc2c1)N1CCC(Oc2ccc(Cl)cc2)CC1,,,,-4.568636235841013,2.26528962586083,3.100198171834132,,,3.9
O=C(c1n[nH]cc1-c1ccn2nccc2n1)N1CCC[C@H](Oc2ccc(Cl)cc2)C1,,,,-3.5100415205751654,2.1075491297446862,2.931610406362962,,,2.8
O=C(c1n[nH]cc1-c1ccn2nccc2n1)N1CCC[C@@H](Oc2ccc(Cl)cc2)C1,,,,-3.5900668766687054,2.2550311633455515,3.2152937981865137,,,2.9
COc1ccc(-c2cc(C(=O)N3CCC[C@H](Oc4ccc(Cl)cc4)C3)[nH]n2)c(OC)c1,,,,-5.709965388637482,1.4281347940287887,2.414639146737009,,,4.1
COc1ccc(-c2cc(C(=O)N3CCC[C@@H](Oc4ccc(Cl)cc4)C3)[nH]n2)c(OC)c1,,,,-5.673664139071248,1.9795483747040952,2.482730700079943,,,4.1
COc1ccc(-c2cc(C(=O)N3CCC[C@H](Oc4cncc(Cl)c4)C3)[nH]n2)c(OC)c1,,,,-3.8068754016455375,2.238547887681328,2.637489729512511,,,3.4
COc1ccc(-c2cc(C(=O)N3CCC[C@@H](Oc4cncc(Cl)c4)C3)[nH]n2)c(OC)c1,,,,-3.75448733218585,2.344588742578714,2.551815822351016,,,3.4
O=C(c1n[nH]cc1-c1ccn2nccc2n1)N1CCN(c2cncc(Cl)c2)CC1,,,,-4.3851027839668655,1.94546858513182,2.759592308645975,,,1.8
O=C(c1n[nH]cc1-c1ccn2nccc2n1)N1CCN(CC(F)(F)F)CC1,,,,-3.649751981665837,1.2013971243204515,1.8506462351830664,,,1.1
COc1ccc(-c2cc(C(=O)N3CCN(c4cncc(Cl)c4)CC3)n[nH]2)c(OC)c1,,,,-5.924453038607469,1.7075701760979365,2.7038929536325447,,,3.7
O=C(c1n[nH]cc1-c1ccn2nccc2n1)N1CCN(c2ccc(Cl)cc2)CC1,,,,-4.853871964321762,1.60959440922522,2.2935835134961167,,,2.7
O=C(c1cc(-c2ccc3ocnc3c2)n[nH]1)N1CCC(Oc2ccc(Cl)cc2)CC1,,,,-7.073143291050307,0.6627578316815741,2.0056094453602804,,,4.5
O=C(c1cc(-c2ccc3ocnc3c2)n[nH]1)N1CCN(Cc2ccc(Cl)cc2)CC1,,,,-6.531652669587843,1.678518379040114,2.371621927176021,,,3.9
Cc1[nH]nc(C(=O)N2CCC(Oc3cncc(Cl)c3)CC2)c1C(F)(F)F,,,,-3.58838029403677,1.0086001717619175,2.1072099696478683,,,2.9
O=c1c2[nH]c3cc(OCC4CC4)ccc3c2ccn1CCCN1CCCCC1,,,,-4.209714835966758,1.3031960574204888,1.7505083948513462,-4.73118809626022,-0.0757207139381183,2.8
C#Cc1cccc2c(C(=O)N3CCN(c4ccc(CN5CC(OC)C5)cc4)CC3)cn(C)c12,3.032022274959193,3.922891563147852,,-5.511449283499556,1.534026106056135,3.369085920821508,-4.715343717211484,-0.1135092748275181,2.9
COC1CN(Cc2ccc(N3CCN(C(=O)c4cn(C)c5c(C#N)cccc45)CC3)cc2)C1,1.695911510437927,2.871116244587421,,-4.220403508742176,1.582063362911709,2.5725230978496376,-4.336676066371788,-0.3467874862246563,2.1
COc1ccnc2c(C(=O)N3C4CC3CN(c3ccc(N5CC(OC)C5)cc3)C4)cn(C)c12,,,,-4.242603971206976,1.9232440186302764,2.9239689648754714,,,2.5
Cn1cc(C(=O)N2C3CC2CN(c2ccc(C4(CO)COC4)cc2)C3)c2cccnc21,,,,-4.187086643357144,1.292256071356476,2.198106998873401,-4.841939206063395,0.5289167002776547,1.8
CN1C[C@@H](COc2nccc3c2[nH]c2cc(Cl)ccc23)CCC1=O,,,,-6.197226274708024,1.582063362911709,2.494432898726399,,,4.0
CN1C[C@H](COc2nccc3c2[nH]c2cc(Cl)ccc23)CCC1=O,,,,-6.000869458712629,1.734799829588847,2.3694014136966244,,,4.2
CC(C)N(CCn1ccc2c([nH]c3cc(F)ccc32)c1=O)C(C)C,,,,-4.818156412055227,1.6009728956867482,3.2951050728098084,,,3.1
CC(C)N(C)CCn1ccc2c([nH]c3cc(F)ccc32)c1=O,,,,-4.091514981121351,0.8450980400142568,2.3666097103924297,-4.511026475273492,-0.0409586076789063,2.6
CC(C)[N+](C)(C)CCn1ccc2c([nH]c3cc(F)ccc32)c1=O,,,,-4.114638779968488,0.3222192947339193,1.3263358609287514,,,-0.7
CN(CCN1CCCCC1)c1ccc(O)cc1-c1cc2cnccc2cn1,,,,-3.598599459218456,1.1702617153949575,2.423737249982329,,,0.8
CCC(C(N)=O)c1cccc(Nc2cccc(-c3cccnc3)n2)n1,2.04065551664468,2.771208313207202,,-4.703334809738469,0.9822712330395684,2.668944734457734,,,2.9
CN(c1cnn(CC(N)=O)c1)c1nccc(-c2cccc(F)c2)n1,,,,-4.432973633840939,1.285557309007774,2.386498965550653,,,2.3
CN(c1cnn(CC2CCNCC2)c1)c1nccc(-c2cccc(F)c2)n1,,,,-3.5917600346881504,0.0,2.327971623623011,,,1.1
CNc1ncc(-c2cn(C)c3ccc(OCCCN4CCCC4)cc23)cc1OC,,,,-3.690369832574101,0.2304489213782739,2.5171958979499744,,,1.6
C[C@H](N)COc1cccc(-c2ccc3c(c2)NC(=O)CC3)c1,,,,-3.51427857351842,0.0,1.934498451243568,,,1.0
C[C@@H](N)COc1cccc(-c2ccc3c(c2)NC(=O)CC3)c1,,,,-3.549750891680639,0.5563025007672873,2.1983821300082944,,,1.0
c1ncc2ccc(-c3ccc(OCCN4CCCCC4)cc3)cc2n1,,,,-3.630784142589857,1.7201593034059568,2.2121876044039577,,,2.3
FC1(F)CN(CCc2ccc(Nc3cccc(-c4cccnc4)n3)cc2)C1,,,,-5.11690664142431,2.020775488193558,3.110522372601323,,,3.7
c1cncc(-c2cccc(Nc3ccc(CCN4CCC4)cc3)n2)c1,,,,-3.5816987086802548,0.785329835010767,2.5444401373176926,-4.99225222199926,0.1760912590556812,1.3
NC(=O)Cc1cccc(Nc2cccc(-c3cncs3)n2)n1,,,,-5.443697499232713,1.0791812460476249,2.6103407114521566,-4.818156412055227,0.3344537511509309,2.0
NC(=O)Cc1cccc(Nc2cccc(-c3cncnc3)n2)n1,,,,-4.301029995663981,1.0374264979406236,2.216957207361097,-5.168770306132936,0.7201593034059569,1.3
NC(=O)Cc1cccc(Nc2cccc(-c3cccnc3Cl)n2)n1,1.3988415771719795,1.817783899364387,,-4.0726296369609765,0.6020599913279624,2.455606112581867,-4.8170150329964185,0.2329961103921538,2.0
NC(=O)Cc1cccc(Nc2cccc(-c3ccc(Cl)nc3)n2)n1,,,,-5.050609993355088,1.1398790864012365,2.0726174765452368,,,2.5
CNCCOc1ccc(-c2ccc3ncccc3c2)c(N)c1,,,,-3.576754126063192,2.1763806922432702,1.854913022307856,,,0.5
c1cc2ccc(-c3ccc(OCCNC4CCC4)cc3)cc2cn1,,,,-3.630784142589857,1.1139433523068367,3.014940349792937,,,2.8
c1cc2ccc(-c3ccc(OCCNC4COC4)cc3)cc2cn1,2.9235831658856037,4.184591440069878,,-3.540607512240769,1.0492180226701815,2.6697816152085365,-4.86359655186601,-0.1426675035687315,2.8
c1cc2ccc(-c3ccc(OCCNC4CCCCC4)cc3)cc2cn1,,,,-3.5686362358410126,,,,,3.1
NC(=O)C(F)(F)c1cccc(Nc2cccc(-c3cccnc3)n2)c1,,,,-4.3655227298392685,,,,,2.9
CNc1cc(OC)ncc1-c1cc(C(=O)N2CCC(Oc3ccc(Cl)cc3)CC2)on1,,,,-6.638272163982407,1.1789769472931697,2.082066934285113,,,4.1
CNc1cc(OC)ncc1-c1cc(C(=O)N2CCC(Oc3cncc(Cl)c3)CC2)on1,4.057395776090949,5.273401689865013,,-5.772113295386326,1.6020599913279625,2.4915017662373264,-5.787812395596042,0.1492191126553798,4.0
Clc1cncc(O[C@H]2[C@@H]3CC[C@H]2CN(Cc2n[nH]c4cccnc24)C3)c1,,,,-4.162411561764489,2.031408464251624,2.730701544281845,,,2.7
Clc1cncc(O[C@@H]2[C@@H]3CC[C@H]2CN(Cc2n[nH]c4cccnc24)C3)c1,4.119037174812478,3.5398280440277388,3.3776909339868166,-4.730487055782084,2.475816413031318,3.35110026003142,-4.600499338685389,-0.1426675035687315,3.5
COc1ccc(-c2cc(C(=O)N3CCC(Oc4ccc(Cl)cc4)CC3)on2)c(O)c1,,,,-7.721246399047171,2.5608626947274646,1.867467487859052,,,4.1
O=C(c1n[nH]cc1-c1ccc2ocnc2c1)N1CCN(Cc2cncc(Cl)c2)C2(CC2)C1,,,,-3.5590909179347823,1.8573324964312683,2.6500159524718385,,,2.0
O=C(c1n[nH]cc1-c1ccc2ocnc2c1)N1CCN(Cc2ccccc2)CC1,,,,-3.612610173661271,2.6716355966021297,3.4689968090596017,,,2.4
O=C(c1n[nH]cc1-c1ccc2ocnc2c1)N1CCC(Oc2cncc(Cl)c2)CC1,2.1428633681173324,3.2124469350360325,,-3.575118363368933,1.9493900066449128,2.897517129400525,-5.391473966422806,0.8122446968003693,2.5
O=C(c1[nH]ncc1-c1cc2ccccc2[nH]1)N1CCC(Oc2cncc(Cl)c2)CC1,5.806138481293727,6.906754778648553,,-4.3979400086720375,1.575187844927661,2.295786940251609,-6.267606240177032,0.4409090820652177,3.7
O=C(c1n[nH]cc1-c1ccn2nccc2n1)N1CCC[C@H](Oc2cncc(Cl)c2)C1,1.3249254147435987,1.505544748470224,,-3.5346171485515816,2.0629578340845103,2.889749775264037,-5.172630726946175,0.7481880270062004,1.8
O=C(c1n[nH]cc1-c1ccn2nccc2n1)N1CCC[C@@H](Oc2cncc(Cl)c2)C1,,,,-3.562249437179612,2.7780064614235083,3.4143883269310757,,,1.8
O=C(c1n[nH]cc1-c1ccn2nccc2n1)N1CCN(C2CC2)CC1,-1.5163474893680886,0.3507523090233431,,-3.515700160653214,0.5185139398778874,1.9537596917332287,-5.360513510731414,0.5774917998372253,0.8
Cc1[nH]nc(C(=O)N2CCN(c3ccc(Cl)cc3)CC2)c1-c1ccc2ncsc2c1,,,,-6.046723663332696,2.071882007306125,2.7307822756663893,,,3.4
COc1ccc(-c2cc(C(=O)N3CCC(OC4CCN(C5CC5)CC4)CC3)n[nH]2)c(OC)c1,,,,-3.5734887386354246,1.6866362692622934,3.278822168352688,,,2.6
COc1cncc(OC2CCN(C(=O)c3cc(-c4ccc(OC)cc4OC)[nH]n3)CC2)c1,,3.9281615064874296,,-4.226213555018807,1.6812412373755872,2.550839605065785,-5.329754146925876,0.292256071356476,3.4
COc1ccc(-c2cc(C(=O)N3CCC(Oc4cnc(C)nc4)CC3)n[nH]2)c(OC)c1,,,,-4.407823242604133,0.5563025007672873,2.02201573981772,,,2.6
COc1ccc2c(c1)[nH]c1c(C(N)=O)ccnc12,,,,-4.320572103387881,2.2664668954402414,3.4160910519425527,-4.424465781680135,0.0086001717619175,2.2
COc1ccc2c(c1)[nH]c1c(C(=O)NCCCN3CCCCC3)ccnc12,1.8574547284934495,3.4658390327951776,,-4.094204119632131,1.0043213737826426,1.823474229170301,-4.448794056252094,-0.0409586076789063,2.0
O=c1c2[nH]c3cc(F)ccc3c2ccn1CCCN1CC2(CCO2)C1,,,,-4.131355561605174,0.7634279935629372,1.7101173651118162,-4.441771578196675,-0.0315170514460648,2.2
CN1CCC[C@@H](Cn2nc3c(cc2=O)c2ccc(Cl)cc2n3C)C1,1.866045108611524,3.276107496098022,,-4.149966742310231,0.8692317197309762,1.944975908412048,-4.481486060122113,-0.1938200260161128,1.9
CN1CCC[C@@H](COc2cc3c4ccc(Cl)cc4n(C)c3nn2)C1,,,,-4.103473782510445,0.5314789170422551,2.285107029566812,-4.680685695909488,-0.3279021420642826,2.6
Cn1c2cc(Cl)ncc2c2ccn(CCCN3CCCCC3)c(=O)c21,1.1636758820151716,2.6257415536394864,,-4.1249387366083,1.0681858617461617,1.958085848521085,-4.48704892002751,-0.1549019599857432,1.6
CN1CCC[C@@H](Cn2ccc3c([nH]c4cc(C(F)(F)F)ncc43)c2=O)C1,0.3309890152066818,2.215130158667358,,-4.006123085058789,0.3424226808222063,1.0644579892269184,-4.666351243485299,0.3521825181113625,1.7
CN1CCC[C@@H](Cn2ccc3c([nH]c4cc(Cl)ncc43)c2=O)C1,,,,-4.11690664142431,0.0,1.354108439147401,-4.711080394338273,0.1789769472931694,1.4
COc1cc2[nH]c3c(=O)n(C[C@@H]4CCCN(C)C4)ccc3c2cn1,,,,-4.092588639225414,0.785329835010767,1.3180633349627615,-4.6763354643919,0.0492180226701816,1.1
CN1CCC(C(F)(F)c2ccc(Nc3cccc(-c4cccnc4)n3)cc2)CC1,,,,-4.367542707815276,1.981818607170664,3.1245368283012773,-6.180456064458132,0.1818435879447725,3.5
COc1cncc(-c2nn(C)c3ccc(OCCCN4CCCC4)cc23)n1,,,,-3.5850266520291822,0.9493900066449128,2.712312908681365,-5.158640529545145,0.1673173347481761,1.7
c1cc(OC2CNC2)cc(-c2ccc3ccncc3c2)c1,,,,-3.617982957425132,1.2013971243204515,2.403977963669355,-5.114073660198569,0.187520720836463,1.3
COc1cncc(-c2cn(C)c3cnc(OCCCN4CCCC4)cc23)c1,,,,-3.593459819566045,0.9912260756924948,2.482015576450712,-5.126679398184601,0.7664128471123994,1.1
CN(c1nccc(-c2cccc(F)c2)n1)c1ccnn1CC1CCNCC1,,,,-3.614393726401688,0.6020599913279624,2.665017825412473,-5.703334809738469,1.2350231594952237,0.2
CC(=O)N[C@H](C)COc1cccc(-c2ccc3c(c2)NC(=O)CC3)c1,,,,-3.605548319173784,1.209515014542631,3.2843179154306097,-4.984221243610959,0.5024271199844327,2.6
CC(=O)N[C@H](C)COc1ccc(-c2ccc3cnccc3c2)cc1,,,,-4.088309841246139,1.5634810853944108,2.669037800885156,-4.824778199656947,0.1205739312058498,3.3
CNCCOc1ccc(-c2ccc3cncnc3c2)cc1,,,,-3.578396073130169,2.535547279176668,2.414639146737009,-4.80771138743188,0.1003705451175629,0.5
CNCCc1ccc(Nc2cccc(-c3cccc(F)c3)n2)cc1,,,,-3.6439741428068775,2.6908160579809155,3.067851660512353,,,1.6
CNCCc1ccc(Nc2cccc(-c3cccnc3)n2)cc1,,,,-3.575118363368933,2.9800488450649567,3.061150780928549,-5.031517051446065,0.3765769570565119,0.7
CC(C)NCCOc1ccc(-c2ccc3ccncc3c2)cc1,2.1535495138335565,4.445082376002141,,-3.5734887386354246,0.380211241711606,3.0236639181977933,-4.997833938243493,0.0644579892269184,1.9
NC(=O)Cn1cc(Nc2cccc(-c3cccnc3)n2)cn1,,,,-3.5734887386354246,0.0,2.032215703297981,-5.490797477668897,1.0297894708318556,1.1
NC(=O)Cn1cccc(Nc2cccc(-c3cccnc3)n2)c1=O,,,,-4.892790030352131,1.0791812460476249,2.568319085095112,-5.152427340857888,0.670245853074124,1.3
CC(C)C(=O)Nc1cccc(Nc2cccc(-c3cccnc3)n2)n1,,,,-5.049148541111453,1.7234556720351857,2.9146075677710805,-4.83654044823001,-0.0268721464003013,3.4
O=C(Nc1cccc(Nc2cccc(-c3cccnc3)n2)n1)C1CCC1,,,,-5.782516055786094,2.550105999347593,3.4837584137882485,-5.075204004202088,-0.1938200260161128,3.6
CN1CCN(C(=O)Nc2cccc(Nc3cccc(-c4cccnc4)n3)n2)CC1,,,,-3.596879478824182,1.730782275666389,2.515476441382376,-5.213958789757446,0.5538830266438743,2.4
O=C(Nc1cccc(Nc2cccc(-c3cccnc3)n2)n1)N1CCOCC1,,,,-5.266000713461613,1.0253058652647702,2.116939646550756,-4.740406121114051,0.0755469613925307,2.4
O=C(Nc1cccc(Nc2cccc(-c3cccnc3)n2)n1)C1COC1,,,,-5.187086643357144,1.4393326938302626,2.625312450961674,-4.808548985535104,0.146128035678238,2.5
O=C(c1n[nH]cc1-c1ccccc1)N1CCN(C(c2cncc(Cl)c2)C(F)(F)F)CC1,,,,-3.628932137728264,2.847696020734165,3.0378645557743744,-5.083019952679618,0.1205739312058498,2.9
Cc1cnc2c(-c3cc(C(=O)N4CCC(Oc5ccc(Cl)cc5)CC4)[nH]n3)cnn2c1,,,,-6.692503962086787,0.7075701760979364,2.311541958401195,-5.798602875679548,-0.0555173278498313,3.8
Clc1ccc(Nc2n[nH]cc2-c2ccn3nccc3n2)cc1,,,,-7.376750709602099,1.943988875073772,2.028977705208778,-6.4089353929735005,-0.3279021420642826,4.4
COc1cc2ocnc2cc1-c1cc(C(=O)N2CCC(Oc3ccc(Cl)cc3)CC2)[nH]n1,5.5174528964647065,6.811344493733788,,-7.214670164989233,0.7634279935629372,2.218010042984363,-6.795880017344075,0.2455126678141498,4.1
COc1ccc(-n2cc(C(=O)N3CCC(Oc4ccc(Cl)cc4)CC3)nn2)c(O)c1,,,,-7.107905397309519,1.6665179805548809,1.8155777483242672,-7.522878745280337,-0.2924298239020636,4.3
O=C(c1n[nH]cc1-c1ccc2scnc2c1)N1CCC(OC2CCN(C3CC3)CC2)CC1,,,,-3.6108339156354674,1.6384892569546374,3.0250189722827594,-5.769551078621726,1.0948203803547998,1.5
O=C(c1n[nH]cc1C#Cc1cncs1)N1CCC(OC2CCN(C3CC3)CC2)CC1,0.4389130421757044,1.1363018100969002,,-3.586700235918748,1.7551122663950711,2.805908455074197,-5.188424994129407,0.651278013998144,1.5
O=C(c1n[nH]cc1-c1ccc(F)cc1)N1CCC(OC2CCN(C3CC3)CC2)CC1,,,,-3.519993057042849,1.3617278360175928,2.946845113960623,-4.9396799713117145,0.3031960574204888,1.9
CC(C)N1CCC(OC2CCN(C(=O)c3n[nH]cc3-c3ccc4ncsc4c3)CC2)CC1,,,,-3.527243550682788,0.568201724066995,1.72916478969277,-6.200659450546418,0.8221680793680175,-0.2
O=C(c1n[nH]cc1-c1ccc2ncsc2c1)N1CCC(OC2CCN(C3COC3)CC2)CC1,,,,-3.5734887386354246,0.785329835010767,2.3378584290410944,-5.801342913045578,0.8959747323590646,0.8
O=C(c1n[nH]cc1C(F)(F)F)N1CCC(Oc2ccc(Cl)cc2)CC1,3.663561646129645,5.468461908918764,,-5.152427340857888,0.5910646070264992,2.276921132065774,-5.4089353929735005,0.1303337684950061,3.5
Cc1[nH]nc(C(=O)N2CCC(OC3CCN(C4CC4)CC3)CC2)c1C(F)(F)F,,,,-3.542118103266008,0.1139433523068367,2.076640443670342,-5.031517051446065,0.414973347970818,1.6
CCOC1CCN(C(=O)c2cc(-c3ccc(OC)cc3OC)[nH]n2)CC1,,,,-3.600326278518962,0.7403626894942439,2.2935835134961167,-4.809388202186395,0.1522883443830564,2.5
N#Cc1ccc(OC2CCN(C(=O)c3n[nH]cc3-c3ccc4scnc4c3)CC2)cc1,,,,-4.0343280287798935,1.4756711883244296,2.0989896394011773,-5.991399828238082,1.4234097277330937,2.8
COc1ccccc1-c1cc(C(=O)N2CCC(OC3CCN(C4CC4)CC3)CC2)[nH]n1,,2.1165356660860764,,-3.578396073130169,1.5740312677277188,3.1052376007460225,-4.581698708680254,0.0043213737826425,2.4
COc1cc(F)ccc1-c1cc(C(=O)N2CCC(Oc3ccc(C#N)cc3)CC2)[nH]n1,,,,-7.267606240177032,0.7923916894982539,2.241048150671644,-6.4089353929735005,-0.0315170514460648,3.7
O=C(c1n[nH]c2cccnc12)N1CCN(Cc2ccc(Cl)c(F)c2)CC1,2.219647041392052,3.234167283278837,,-4.323306390375134,0.4913616938342727,1.8709888137605752,-4.656788409820253,0.1760912590556812,2.2
O=C(c1n[nH]cc1-c1ccc2nccn2n1)N1CCC(OC2CCN(C3CC3)CC2)CC1,,,,-3.543633966870957,0.3424226808222063,1.8656960599160703,-6.173925197299173,1.2704459080179626,0.9
NC(=O)Nc1nc(OCCN2CCCCC2)cnc1-c1ccccn1,,,,-4.078833949362261,2.216429830876251,2.602927712859189,-4.339229356472303,-0.1804560644581313,2.1
COCC1CN(Cc2ccc(N3C[C@@H](C)N(C(=O)c4cn(C)c5ncccc45)[C@@H](C)C3)cc2)C1,,,,-4.092588639225414,1.6551384348113822,1.3783979009481375,-4.47638358094563,-0.0506099933550872,1.7
Cc1cc2[nH]c3c(=O)n(CCCN4CCCCC4)ccc3c2s1,2.4154781433562365,3.643246066783236,,-4.087246696328677,1.6720978579357175,2.2081725266671217,-4.39848321634999,-0.3279021420642826,2.1
COc1ccc2c3cc(=O)n(C[C@@H]4CCCN(C)C4)nc3n(C)c2c1,0.4726044109457928,1.866045108611524,,-4.042871802323187,0.9242792860618816,1.8920946026904804,-4.414764936634224,-0.2218487496163564,1.3
COc1ccc2c3cc(OC[C@@H]4CCCN(C)C4)nnc3n(C)c2c1,1.4435254890118625,3.663561646129645,,-4.129596094720973,0.5440680443502757,2.1245042248342823,-4.729787145103757,-0.0268721464003013,2.0
Cn1c2cc(F)ncc2c2ccn(CCCN3CCCCC3)c(=O)c21,,,,-4.046723663332696,0.7923916894982539,2.3062105081677613,-4.676747899828313,0.0569048513364725,1.2
Cn1cc(Cn2ccc3c([nH]c4cc(Cl)ccc43)c2=O)ccc1=O,,,,-5.382999658879101,1.0569048513364727,2.36417563277062,-4.504455662453552,0.0606978403536116,3.0
Cn1c2ccc(OCCn3cnccc3=O)cc2c2ccn(CCCN3CCCCC3)c(=O)c21,,,,-4.056505484093898,1.5378190950732742,2.2657609167176105,-5.195179321278838,0.7604224834232121,1.3
Cn1c2ccc(OCCOc3ccncn3)cc2c2ccn(CCCN3CCCCC3)c(=O)c21,,,,-4.100179497572904,2.178113252314632,3.0735717283049246,-4.774174008538107,0.0043213737826425,2.2
Cn1c2ccc(OCCn3cc(C#N)cn3)cc2c2ccn(CCCN3CCCCC3)c(=O)c21,,,,-4.189767482004916,1.7371926427047373,2.7951149856303634,-4.714217726220605,0.1038037209559568,2.1
CN(c1cnn(CC(N)=O)c1)c1cccc(-c2cccc(S(C)(=O)=O)c2)n1,,,,-4.684029654543083,0.8864907251724818,1.823474229170301,-4.907981529247203,0.469822015978163,1.3
Cn1cc(-c2cncc(OCC(F)F)c2)c2cc(OCCCN3CCCC3)ccc21,,,,-3.54821356447571,1.14921911265538,3.1722817614550007,-5.31695296176115,0.4313637641589873,1.9
Cn1cc(CC#N)c2cc(OCCCN3CCCC3)ccc21,,,,-3.537602002101044,0.9294189257142929,2.587149498254344,-4.592439150513638,0.0374264979406236,0.5
COc1cncc(-n2cnc3ccc(OCCCN4CCCC4)cc32)c1,,,,-3.5654310959658013,0.0,2.073351702386901,-4.857297754262384,0.4031205211758178,0.7
CN1CCC(Cn2cc(N(C)c3nccc(-c4cccnc4)n3)cn2)CC1,,,,-3.5654310959658013,1.294466226161593,3.221022805204841,-4.830031826003108,0.3579348470004537,0.7
Nc1cc(OCCN2CCC(F)(F)CC2)ccc1-c1ccc2ccncc2c1,,,,-4.107905397309519,1.715167357848458,2.6597260952377915,-5.421360790031928,-0.0315170514460648,3.6
Cn1cc(-c2cncnc2)c2cc(OC3CNC3)ccc21,,,,-3.5466816599529625,0.0,2.023252459633712,-5.0726296369609765,0.5118833609788743,-0.2
NC(=O)Cc1cccc(Nc2cccc(-c3cnccn3)n2)n1,0.2859322907279935,1.6761947833959865,,-4.3223930472795065,1.4593924877592308,2.137037454789513,-4.536704390037998,0.0606978403536116,1.5
O=C(Cn1cccc(Nc2cccc(-c3cccnc3)n2)c1=O)N1CCC1,1.2482685789075287,1.3769455862683293,,-4.559090917934783,0.9030899869919436,2.295567099962479,-4.492954127572674,0.1139433523068367,1.6
O=C1NCc2ccc(Nc3cccc(-c4cccnc4)n3)cc21,,,,-5.103473782510445,1.911690158753861,2.7685641095135733,-4.780939667551139,0.2833012287035495,2.4
CN1CC(C(=O)Nc2cccc(Nc3cccc(-c4cccnc4)n3)n2)C1,,,,-3.603800652904264,1.4771212547196624,2.4614985267830187,-5.459670525209126,0.9425041061680808,1.6
O=C(Cc1cccc(Nc2cccc(-c3cccnc3)n2)n1)NC1CC(F)(F)C1,,,,-4.735182176990463,1.8948696567452523,3.0589571787773107,-4.584192272364457,-0.0555173278498313,2.8
O=C(Cc1cccc(Nc2cccc(-c3cccnc3)n2)n1)NC1COC1,,,,-3.987162775294828,0.7323937598229685,2.616580530085886,-4.771599641296995,0.4742162640762552,1.9
CN1CC(NC(=O)Cc2cccc(Nc3cccc(-c4cccnc4)n3)n2)C1,,,,-3.5287082889410613,0.0,2.4379090355394983,-6.455931955649724,1.78161178249315,0.9
O=C(Cc1cccc(Nc2cccc(-c3cccnc3)n2)n1)NC1CCOCC1,,,,-3.913640169325252,1.54282542695918,2.927473020995276,-4.693789491832239,0.290034611362518,2.0
CN1CCC(NC(=O)Cc2cccc(Nc3cccc(-c4cccnc4)n3)n2)CC1,,,,-3.5346171485515816,0.8260748027008264,2.6033609243483804,-6.552841968657781,1.850829959848531,1.1
CN1CCC(Cn2nccc2N(C)c2cccc(-c3cccc(F)c3)n2)CC1,,,,-3.55129368009492,1.5526682161121932,3.0390967104414504,-5.183758700008217,0.1003705451175629,2.3
CN1CCC(Cn2nccc2Nc2cccc(-c3cccc(F)c3)n2)CC1,,,,-3.5606673061697376,0.0,3.485409076322578,-5.392544976785332,0.3053513694466238,1.9
Cc1cn2nc(-c3c[nH]nc3C(=O)N3CCC(Oc4cncc(Cl)c4)CC3)cc2c(C)n1,,,,-4.585026652029182,2.404491617758686,3.5321681316937004,-5.806875401645539,1.3500540935790302,2.4
Cc1cn2nc(-c3c[nH]nc3C(=O)N3CCC(Oc4ccc(Cl)cc4)CC3)cc2c(C)n1,,,,-5.596879478824183,1.534026106056135,2.9701608430373136,-5.698970004336019,0.9385197251764918,3.4
O=C(c1n[nH]cc1-c1cnc2nccn2c1)N1CCC(Oc2cncc(Cl)c2)CC1,,,,-3.5466816599529625,1.4927603890268375,2.494154594018443,-5.732828271596986,0.8082109729242221,1.2
O=C(c1n[nH]c2cccnc12)N1CCN(C(c2cncc(Cl)c2)C(F)(F)F)CC1,,,,-3.5850266520291822,2.060320028688285,3.4938482527122763,-5.3851027839668655,0.9041743682841636,2.1
O=C(c1c(C2CC2)[nH]c2cccnc12)N1CCC(Oc2cncc(Cl)c2)CC1,,,,-3.55129368009492,2.023252459633712,3.3407612917626723,-5.311580177997289,0.9132839017604184,2.8
FC(F)(F)C(c1n[nH]c2cccnc12)N1CCC(Oc2cncc(Cl)c2)CC1,,,,-4.709965388637482,2.876448786878341,3.638998131547949,-4.886390848926972,0.0755469613925307,3.5
O=C(c1n[nH]cc1-c1ccc2ocnc2c1)N1CCC2(CC1)CCN2c1ccc(Cl)cc1,,,,-3.640164517660112,2.8370831508231857,3.4591058794872094,-5.510041520575165,0.380211241711606,3.1
Cc1ccc(CNc2cc(=O)[nH]c(-c3ccccc3)n2)cc1,,,,-5.146910470148135,1.403120521175818,2.8194781283621224,-4.799423073245152,-0.1366771398795441,3.5
Cc1ccc(CNc2cc(-c3ccccc3)[nH]c(=O)c2)cc1,,,,-5.267606240177032,1.2430380486862944,3.017450729510536,-4.849243560139691,-0.1870866433571444,3.5
Clc1cncc(CN2CCC(Nc3n[nH]cc3-c3ccc4ncsc4c3)CC2)c1,2.4154781433562365,3.455677314452938,,-3.5543957967264026,2.829946695941636,3.432215432518464,-4.875169850586141,-0.0861861476162833,2.6
COc1cc2ocnc2cc1-c1cc(C(=O)N2CCC(Oc3ccc(Cl)cc3)CC2)on1,,,,-7.086186147616283,0.3424226808222063,2.317018101048112,-6.958607314841775,-0.2365720064370627,3.9
CCc1ccc(OC2CCN(C(=O)c3cc(-c4ccc(OC)cc4OC)[nH]n3)CC2)cn1,,,,-4.97469413473523,2.1293675957229854,3.1059187402863726,-5.3788237182249645,0.2148438480476978,3.4
CCOC1CCN(C(=O)c2n[nH]cc2-c2ccc3ncsc3c2)CC1,1.265666373331276,0.9554006785231138,,-3.5228787452803374,1.6989700043360187,2.6672661193822744,-4.814457845145625,0.3617278360175928,1.6
CC(C)(O)COC1CCN(C(=O)c2n[nH]cc2-c2ccc3ncsc3c2)CC1,,,,-3.518557371497695,0.7558748556724915,2.071882007306125,-5.995678626217358,1.2911467617318857,1.2
COc1ccc(-c2cc(C(=O)N3CCC(OCC(C)(C)O)CC3)n[nH]2)c(OC)c1,,,,-3.5316526695878427,0.0791812460476248,2.4523998459114416,-4.810509686300633,0.3891660843645325,2.2
O=C(c1n[nH]cc1-c1ccc2ocnc2c1)N1CCC(OC2CCN(C3CC3)CC2)CC1,,,,-3.5016894462104,1.290034611362518,2.9280884596649708,-5.823908740944319,1.0595634179012676,1.2
Cn1cnc2ccc(-c3c[nH]nc3C(=O)N3CCC(Oc4ccc(C#N)cc4)CC3)cc21,,,,-3.5214335044061564,2.0895518828864543,0.0,-6.508638306165727,1.9292145037373936,1.9
COc1cc(F)ccc1-c1cc(C(=O)N2CCC(OC3CCN(C4CC4)CC3)CC2)[nH]n1,,,,-3.5316526695878427,1.7930916001765802,3.45178643552429,-4.852632892206214,0.2833012287035495,2.6
COc1ccc(-c2[nH]nc(C(=O)N3CCC(Oc4ccc(Cl)cc4)CC3)c2C)c(OC)c1,,,,-7.552841968657781,0.6720978579357175,2.1809855807867304,-6.920818753952375,0.6730209071288962,4.1
COc1cc(F)ccc1-c1cc(C(=O)N2CCC(Oc3cncc(Cl)c3)CC2)[nH]n1,,,,-5.818156412055227,0.8750612633917001,2.450249108319361,-5.552841968657781,0.1986570869544226,3.4
N#Cc1ccc(OC2CCN(C(=O)c3n[nH]c4cccnc34)CC2)cc1,,,,-5.021819483062586,0.0,0.6989700043360189,-5.798602875679548,1.4910814134231871,1.6
O=C(c1n[nH]c2cccnc12)N1CCC(OC2CCN(C3CC3)CC2)CC1,,,,-3.567030709125594,0.0,1.3324384599156054,-5.647817481888637,0.6785183790401139,0.6
O=C(c1n[nH]c2cccnc12)N1CCC(Oc2cncc(Br)c2)CC1,,,,-3.542118103266008,0.724275869600789,0.0,-5.488116639021126,1.0492180226701815,1.8
COc1cc2c(cn1)c1ccn(CCCN3CCCCC3)c(=O)c1n2C,0.584055317289261,2.2540580520993854,,-4.056505484093898,1.0293837776852095,1.5670263661590604,-4.470569645633014,0.1367205671564068,1.6
CN1CCC[C@@H](Cn2ccc3c([nH]c4cc(Cl)ccc43)c2=O)C1=O,,,,-4.552841968657781,1.4440447959180762,2.9733587998863977,-4.333294863880101,-0.1023729087095585,3.2
CN1CCC[C@H](Cn2ccc3c([nH]c4cc(Cl)ccc43)c2=O)C1=O,,,,-4.417936637088292,1.429752280002408,2.4861469968065726,-4.3658251282374,-0.0457574905606751,3.2
Cn1c2cc(F)ccc2c2ccn(CCNC[C@@H]3CCC(=O)N3)c(=O)c21,,,,-4.215382707367125,0.9731278535996988,1.7226339225338123,-4.692503962086787,0.2787536009528289,1.9
CCOc1cnc2c(c1)[nH]c1c(=O)n(CCCN3CCCCC3)ccc12,0.2614797000577565,2.189470883195954,,-4.105683937315561,0.7075701760979364,1.675778341674085,-4.496073195806489,0.1238516409670858,1.5
O=C1Cc2ccc(-n3cc(OCC4CNC4)cn3)cc2N1,,,,-3.583359492661719,0.0,1.0530784434834195,-5.935542010773082,0.3617278360175928,-1.1
C[C@H](c1ccc(Nc2cccc(-c3cccnc3)n2)cc1)C1CCN(C)CC1,,,,-3.570247719997592,1.434568904034199,3.0947854678195585,-5.308918507877031,0.2648178230095365,2.1
C[C@@H](c1ccc(Nc2cccc(-c3cccnc3)n2)cc1)C1CCN(C)CC1,,,,-3.5466816599529625,0.99563519459755,2.6833172619218826,-5.175223537524454,0.1583624920952496,2.0
COc1cncc(-c2nn(CCCN3CCCC3)c3ccc(O)cc23)c1,,,,-3.5816987086802548,1.0413926851582251,2.1947917577219247,-5.324221658325915,0.9689496809813426,1.1
CN(C)C(=O)c1cn(C)c2ccc(OCCCN3CCCC3)cc12,,,,-3.5734887386354246,0.0,2.3694014136966244,-5.507239610973163,0.9159272116971158,-0.3
CN1CCC(Cn2cc(Nc3cc(-c4cccnc4)ccn3)cn2)CC1,,,,-3.557520230935552,0.8512583487190752,2.40705081480425,-5.527243550682788,0.900913067737669,0.5
Cn1cc(-c2ccc(Cl)nc2)c2cc(OC3CNC3)ccc21,2.769405695679659,4.668397363819765,,-3.600326278518962,0.6127838567197355,2.1583624920952498,-5.3585258894959,0.4593924877592308,1.2
Cc1c(N)c(-c2ccc(OCCN3CCCCC3)cc2)cc2cnccc12,2.0805670342015703,3.374561795106484,2.8247744754103525,-3.567030709125594,1.469822015978163,2.2739267801005254,-5.97469413473523,0.3856062735983122,2.2
c1cncc(-c2cccc(Nc3cccc(-c4cn[nH]c4)n3)n2)c1,,,,-5.249491605148654,1.6803355134145632,3.387389826338729,-5.040481623027002,0.0043213737826425,3.4
Cc1cc(-c2cccc(Nc3cccc(-c4cccnc4)n3)n2)[nH]n1,,,,-5.454692883534176,1.550228353055094,2.54282542695918,-5.696803942579511,0.2095150145426309,3.7
CNCCOc1ccc(-c2ccc3ncncc3c2)c(N)c1,,,,-3.5316526695878427,1.9025467793139916,2.196176185039973,-4.900664722314042,0.1172712956557642,-0.5
c1cc2ccc(-c3ccc(OCCN(C4CC4)C4CC4)cc3)cc2cn1,,,,-6.490797477668897,1.6334684555795864,2.504742636271688,-7.096910013008056,0.541579243946581,4.5
CC(=O)Nc1ccnc(Nc2cccc(-c3cccnc3)n2)c1,,,,-4.382999658879101,2.1231980750319988,3.228836487527934,-4.854182285508172,0.3979400086720376,2.5
CC(=O)Nc1cncc(Nc2cccc(-c3cccnc3)n2)c1,,,,-4.616184634019569,1.845098040014257,3.1223469662550785,-5.903089986991944,1.568201724066995,2.5
CC(=O)Nc1cc(Nc2cccc(-c3cccnc3)n2)ccn1,,,,-4.196542884351586,1.9595183769729985,3.454173852177724,-4.85294232897164,0.3692158574101428,2.5
CC(=O)Nc1cccc(Nc2cccc(-c3cccc(F)c3)n2)n1,,,,-5.774690718274138,1.790988475088816,2.9819544444699737,-5.889410289700751,0.0086001717619175,3.8
CC(=O)Nc1cccc(Nc2cc(-c3cccc(F)c3)ccn2)n1,,,,-5.578396073130169,1.829946695941636,2.926959488380276,-5.97469413473523,0.1139433523068367,3.6
NC(=O)Cc1cc(Nc2cc(-c3cccnc3)ccn2)ccn1,,,,-3.5331323796458904,1.14921911265538,2.5930644316587177,-6.275724130399211,1.7978904830583489,1.2
NC(=O)Cc1cc(Nc2cc(-c3cccc(F)c3)ccn2)ccn1,2.483823812649168,4.321956486970856,,-4.906578314837765,0.8325089127062363,2.4353665066126613,-5.247183568811729,0.6785183790401139,2.6
O=C(O)Cc1cccc(Nc2cccc(-c3cccnc3)n2)n1,,,,-3.5590909179347823,0.8750612633917001,1.6866362692622934,-5.504455662453552,0.7067177823367587,-0.5
CN(c1cc(-c2cccnc2)ccn1)c1ccnn1CC1CCNCC1,,,,-3.58838029403677,0.0,2.906281155772153,-6.638272163982407,1.6302244107524322,-0.9
CN(c1cc(-c2cccc(F)c2)ccn1)c1ccnn1CC1CCNCC1,,,,-3.562249437179612,0.5563025007672873,2.457124626303409,-5.823908740944319,1.447778009294621,0.3
c1cncc(-c2ccnc(Nc3ccc(CN4CCCCC4)cc3)c2)c1,1.3431044283694784,2.9132999817053764,,-3.555955204081924,1.3926969532596658,3.2867258553538234,-4.8804142250382165,0.2455126678141498,1.6
c1cncc(-c2cccc(Nc3ccc(CN4CCCCC4)cc3)n2)c1,,,,-3.5287082889410613,1.2227164711475833,2.8558824300360355,-4.935542010773082,0.1673173347481761,2.1
c1cc2cc(n1)CCCOc1ccc(cc1)Nc1nccc(n1)OCC2,,,,-5.72584215073632,2.833848049531148,3.5233562066547925,-5.022276394711152,-0.4559319556497244,3.8
c1cc2cc(n1)CCCOc1ccc(cc1)Nc1ccnc(n1)OCC2,3.442277407405623,3.789829806794527,,-5.204119982655925,2.7117228918272347,3.5378820317420177,-4.628932137728264,-0.2924298239020636,3.5
CN1CCC(OC2CCN(C(=O)c3n[nH]cc3-c3ccc4ncsc4c3)CC2)CC1,-1.3925561223438665,0.0636214513049556,,-3.5466816599529625,0.7708520116421442,1.582063362911709,-5.85078088734462,0.4533183400470376,-0.3
O=C(c1n[nH]c2cccnc12)N1CCC(Oc2ccc(C3CC3)nc2)CC1,2.121757746414593,2.2321537703600325,,-3.616184634019569,0.414973347970818,1.7993405494535817,-4.927382523454764,0.3159703454569177,2.1
COc1cccc(-c2cc(C(=O)N3CCC(Oc4cncc(Cl)c4)CC3)n[nH]2)n1,,,,-6.073143291050307,1.230448921378274,2.506505032404872,-5.252588192113577,-0.00436480540245,3.6
Cc1[nH]nc(C(=O)N2CCC(Oc3cncc(Cl)c3)CC2)c1Cl,,,,-4.686132779630847,0.99563519459755,2.06781451116184,-4.731422028117157,-0.0915149811213502,2.7
O=C(c1n[nH]c2cccnc12)N1CCC(n2cnc3cc(Cl)ccc32)CC1,2.526809141442009,2.802300272676223,,-3.5331323796458904,0.9084850188786496,1.2174839442139065,-5.896196279044043,1.162564406523019,2.1
O=C(c1n[nH]c2ccccc12)N1CCC(Oc2cncc(C(F)(F)F)c2)CC1,3.2591354991539,4.022099655348768,,-4.438898616350944,0.8129133566428556,2.1439511164239637,-4.966576244513051,-0.2006594505464183,3.4
O=C(c1n[nH]c2cccnc12)N1CCC(Oc2cncc(C(F)(F)F)c2)CC1,1.4370666864933137,1.7695363324433442,,-3.552841968657781,0.6901960800285137,1.9273703630390235,-5.164309428507575,0.5740312677277188,2.1
O=C(c1n[nH]c2cc(-c3ncccn3)ccc12)N1CCC(OC2CCN(C3CC3)CC2)CC1,,,,-4.732828271596986,0.6127838567197355,2.931559567090805,-4.774690718274138,0.2121876044039577,2.2
O=C(c1n[nH]c2cc(-c3ccccn3)ccc12)N1CCC(Oc2ccc(Cl)cc2)CC1,,,,-7.167491087293763,0.7160033436347992,2.101059354908116,-7.397940008672037,0.3443922736851107,4.5
O=C(c1n[nH]c2cc(-c3ccccn3)ccc12)N1CCC(Oc2cncc(Cl)c2)CC1,4.498799058824351,5.179372942455389,,-6.027334407733889,1.6263403673750425,2.69284691927723,-5.610833915635467,0.437750562820388,3.8
O=C(c1n[nH]c2cc(-c3ccccn3)ccc12)N1CCC(OC2CCN(C3CC3)CC2)CC1,,,,-4.253365801062421,1.4409090820652175,3.3775612149177934,-4.974284616098659,0.2787536009528289,2.5
O=C(c1cccc2cn[nH]c12)N1CCC(Oc2ccc(Cl)cc2)CC1,,,,-5.497572880015567,0.6532125137753437,2.2116544005531824,-5.2839966563652006,0.0569048513364725,3.7
O=C(c1cccc2cn[nH]c12)N1CCC(Oc2cncc(Cl)c2)CC1,2.0805670342015703,2.865217793795446,,-4.364516253185088,1.252853030979893,2.6851144690465394,-4.775208043507319,0.0644579892269184,2.8
O=C(c1cccc2cn[nH]c12)N1CCC(OC2CCN(C3CC3)CC2)CC1,,,,-3.4989407377822483,1.0606978403536116,3.401934463592304,-4.583359492661719,-0.1487416512809247,1.5
O=C(c1cccc2[nH]ncc12)N1CCC(Oc2ccc(Cl)cc2)CC1,,,,-4.517126416391246,0.5185139398778874,2.113609151073028,-5.183758700008217,0.0530784434834196,3.5
O=C(c1cccc2[nH]ncc12)N1CCC(Oc2cncc(Cl)c2)CC1,2.121757746414593,2.6694548067996284,,-4.416801226031377,1.1205739312058498,2.2511513431753545,-4.79805693659835,0.143014800254095,2.5
O=C(c1cccc2[nH]ncc12)N1CCC(OC2CCN(C3CC3)CC2)CC1,,,,-3.5016894462104,0.6989700043360189,2.6722826247889206,-4.907279355315901,0.3344537511509309,1.3
O=C(c1ccc2[nH]ncc2c1)N1CCC(Oc2cncc(Cl)c2)CC1,,,,-5.0,1.1072099696478683,2.66661156841903,-4.798876102792621,0.3096301674258988,2.5
O=C(c1ccc2[nH]ncc2c1)N1CCC(OC2CCN(C3CC3)CC2)CC1,,,,-3.5331323796458904,0.9444826721501688,2.001300933020418,-4.871923987331285,0.2810333672477275,1.4
O=C(c1ccc2c(c1)CNC2)N1CCC(Oc2ccc(Cl)cc2)CC1,,,,-3.557520230935552,1.8898617212581883,1.6766936096248666,-5.123782159408358,0.3096301674258988,1.2
O=C(c1cccc2nc[nH]c12)N1CCC(Oc2cncc(Cl)c2)CC1,1.7905932883378723,2.4560121837882845,,-3.5361070110140926,1.3010299956639813,2.1179338350396413,-4.884056823060945,0.4533183400470376,2.0
O=C(c1cccc2nc[nH]c12)N1CCC(OC2CCN(C3CC3)CC2)CC1,-1.398841577171979,-0.1667855561975352,,-3.504455662453552,0.568201724066995,1.9469432706978251,-5.173277479831008,0.4132997640812518,1.3
O=C(c1cccc2cc[nH]c12)N1CCC(Oc2cncc(Cl)c2)CC1,,,,-4.673664139071248,2.0346284566253203,3.021478732257527,-4.997402019280091,-0.0555173278498313,3.3
O=C(c1cccc2cc[nH]c12)N1CCC(OC2CCN(C3CC3)CC2)CC1,,,,-3.537602002101044,1.434568904034199,2.89867034296553,-4.63320361671327,-0.1549019599857432,2.1
Cc1[nH]nc(C(=O)N2CCC(OC3CCN(C4CC4)CC3)CC2)c1Cl,,,,-3.537602002101044,0.146128035678238,2.365300748637988,-4.813326132500255,0.0492180226701816,1.4
CN1CCC[C@@H](Cn2ccc3c([nH]c4cc(F)ccc43)c2=O)C1=O,2.6827323931179192,3.1271781596874915,,-4.274088367704952,1.1398790864012365,2.475816413031318,-4.323306390375134,-0.1426675035687315,2.7
O=c1c2[nH]c3cccc(OC(F)(F)F)c3c2ccn1CCCN1CCCCC1,,,,-4.313363730737707,1.230448921378274,2.338854746252323,-4.820735535660974,-0.2441251443275086,3.4
Cn1c2cc(O)ncc2c2ccn(CCCN3CCCCC3)c(=O)c21,,,,-4.0301183562535,0.5563025007672873,1.7824726241662865,-5.860120913598763,0.2068258760318497,-0.4
c1ccc(CNc2nc(OCCN3CCCCC3)ccc2-c2ncccn2)cc1,,,,-4.324221658325915,2.5593080109070123,3.692132785740336,-4.761702932124607,-0.1366771398795441,3.8
O=c1c2[nH]c3cc(F)ccc3c2ccn1CCC1CCN1,1.807009031606088,4.112704993881303,,-4.032452023781138,0.7481880270062004,1.7671558660821804,-5.035740369803151,0.041392685158225,0.2
CN(c1cccc(-c2cccc(S(C)(=O)=O)c2)n1)c1ccn(CC(N)=O)n1,,,,-3.54821356447571,0.5563025007672873,1.4727564493172125,-4.604324214730064,0.1335389083702175,1.4
N#CCc1cccc(Nc2cccc(-c3cccnc3)n2)n1,,,,-5.46344155742847,1.4785664955938431,2.730701544281845,-4.597051170655595,-0.1611509092627447,2.7
O=C1NCCSc2c1sc1ccc(OC3CNC3)cc21,,,,-3.567030709125594,0.0,1.7589118923979734,-5.348721986001856,0.7275412570285564,0.3
C[C@@H](CN(C)C)NC(=O)Cc1cccc(Nc2cccc(-c3cccnc3)n2)n1,,,,-3.612610173661271,1.3010299956639813,2.5287881917748964,-5.504455662453552,1.028977705208778,1.2
COC[C@@H](C)NC(=O)Cc1cccc(Nc2cccc(-c3cccnc3)n2)n1,,,,-3.575118363368933,1.8195439355418688,3.0921238692442508,-4.506820879317485,0.041392685158225,2.4
NC(=O)Cc1cccc(Nc2cccc(-c3cnsc3)n2)n1,,,,-4.987162775294828,1.6294095991027189,3.109477300958736,-4.585026652029182,0.0755469613925307,1.9
NC(=O)Cc1cccc(Nc2cccc(-c3ccnnc3)n2)n1,,,,-3.98296666070122,1.0086001717619175,2.6436500382173294,-5.886056647693163,1.3898745583909855,1.1
CN1CCC(Cn2nccc2N(C)c2cccc(-c3cccnc3)n2)CC1,,,,-3.563837352959244,1.866287339084195,3.352394787974109,-4.805485658117533,0.3424226808222063,1.2
CN1CCC(Cn2nccc2Nc2cccc(-c3cccnc3)n2)CC1,,,,-3.557520230935552,1.3263358609287514,3.5276427877567538,-5.679853713888946,1.1169396465507555,0.8
CN(c1cccc(-c2cccnc2)n1)c1ccnn1CC1CCNCC1,,,,-3.586700235918748,0.7323937598229685,3.247776930697566,-6.026872146400302,1.4726101975960446,0.1
CN(c1cccc(-c2cccc(F)c2)n1)c1nccn1CC1CCNCC1,,,,-3.598599459218456,1.1931245983544616,1.88309335857569,-5.995678626217358,1.5087989654039051,0.5
NC(=O)Cc1cc(Nc2nccc(-c3cccnc3)n2)ccn1,,,,-3.557520230935552,1.3747483460101038,2.518382315545344,-5.238824186844269,0.7347998295888469,1.3
FC1(F)CN(CCc2ccc(Nc3ccn(-c4ccccn4)n3)cc2)C1,,,,-4.935542010773082,1.290034611362518,2.624591459126848,-5.069050968832477,-0.1938200260161128,3.6
Fc1cccc(-c2cccc(Nc3ccc(CN4CCCCC4)cc3)n2)c1,,,,-3.6020599913279625,0.505149978319906,2.346157302232008,-6.221848749616356,0.0043213737826425,3.5
Fc1cccc(-c2ccnc(Nc3ccc(CN4CCCCC4)cc3)c2)c1,3.623314765621057,6.318166992133376,,-3.649751981665837,1.0606978403536116,2.6916118742144164,-5.747146969020107,-0.0757207139381183,3.2
CC(=O)Nc1cccc(Nc2nccc(-c3cccnc3)n2)n1,,,,-4.906578314837765,1.510545010206612,2.5725230978496376,-4.46432619657425,-0.1804560644581313,2.4
CC(=O)Nc1cccc(Nc2cc(-c3cccnc3)ccn2)n1,1.5575394743064488,2.6131011078796345,,-4.543633966870957,1.5563025007672873,2.4727564493172123,-4.587371479455625,-0.0915149811213502,2.4
c1cc2ccc(-c3ccc(OCCN4CCOCC4)cc3)cc2cn1,3.0785682791331395,4.314250555062886,,-3.6439741428068775,1.3747483460101038,2.755951041004132,-4.941953769604718,-0.2518119729937995,3.3
CN1CCN(Cc2ccc(Nc3cccc(-c4cccc(F)c4)n3)cc2)CC1,3.999219550458301,6.724233001611589,,-3.5686362358410126,0.2041199826559248,2.692582562274909,-6.060480747381382,0.08278537031645,3.3
CN1CCN(Cc2ccc(Nc3cc(-c4cccc(F)c4)ccn3)cc2)CC1,2.965693764434763,5.840140328842314,,-3.598599459218456,1.1271047983648077,2.781324455666988,-5.978810700930062,0.143014800254095,3.1
c1cnc2ccc(-c3ccc(CCN4CCC4)cc3)cc2c1,,,,-3.600326278518962,0.8388490907372553,3.32935719413155,-4.5934598195660445,-0.0604807473813814,1.6
c1cnc2cc(-c3ccc(CCN4CCC4)cc3)ccc2c1,,,,-3.543633966870957,0.8750612633917001,2.4265112613645754,-4.864867348623225,0.041392685158225,1.7
O=C(c1n[nH]c2cccnc12)N1CCN([C@H](c2cncc(Cl)c2)C(F)(F)F)CC1,,,,-3.5287082889410613,2.1192558892779365,3.524071415934022,-5.3260580013659125,0.7972675408307164,2.2
O=C(c1n[nH]c2cccnc12)N1CCN([C@@H](c2cncc(Cl)c2)C(F)(F)F)CC1,,,,-3.552841968657781,1.9041743682841636,3.176207055478685,-5.116338564846383,0.6009728956867483,2.2
O=c1cc(-c2ccccc2)nc(NCc2cncc(Cl)c2)[nH]1,,,,-5.216811308924743,1.100370545117563,2.428944290035574,-5.348721986001856,0.5171958979499743,3.3
O=c1nc(-c2ccccc2)cc(NCc2cncc(Cl)c2)[nH]1,,,,-4.603800652904264,0.0,2.355834495884936,-6.167491087293763,1.5863622233078656,2.4
O=C(c1cc(-c2ccccc2F)[nH]n1)N1CCC(n2cnc3cc(Cl)ccc32)CC1,,,,-5.732828271596986,0.9590413923210936,1.8948696567452523,-5.575118363368933,0.2787536009528289,3.9
Cc1[nH]nc(C(=O)N2CCC(n3cnc4cc(Cl)ccc43)CC2)c1C(F)(F)F,,,,-5.00788851221305,0.9822712330395684,1.8369567370595503,-5.94692155651658,1.575764980536719,3.2
O=C(c1cccc2ccc(=O)[nH]c12)N1CCC(Oc2ccc(Cl)cc2)CC1,,,,-4.966576244513051,1.2787536009528289,2.194514341882467,-4.905528871358356,0.0969100130080564,3.2
O=C(c1cccc2ccc(=O)[nH]c12)N1CCC(Oc2cncc(Cl)c2)CC1,1.061619959822539,1.923246289478102,,-3.539102157243452,1.1818435879447726,2.247236549506764,-4.763714722551971,0.3138672203691534,2.2
O=C(c1n[nH]c2ccc(-c3ncccn3)cc12)N1CCC(Oc2ccc(Cl)cc2)CC1,,,,-7.42021640338319,0.3222192947339193,3.015108160645837,-7.301029995663981,0.1903316981702915,4.2
O=C(c1n[nH]c2ccc(-c3ncccn3)cc12)N1CCC(Oc2cncc(Cl)c2)CC1,,,,-5.87942606879415,1.60422605308447,3.090892625710363,-5.515700160653214,0.3961993470957364,3.5
O=C(c1n[nH]c2ccc(-c3ncccn3)cc12)N1CCC(OC2CCN(C3CC3)CC2)CC1,,,,-4.721246399047171,1.2648178230095364,3.084612020865251,-5.003926345514724,0.568201724066995,2.3
O=C(c1n[nH]c2cc(-c3ncccn3)ccc12)N1CCC(Oc2ccc(Cl)cc2)CC1,,,,-7.356547323513813,0.2041199826559248,2.141763230275788,-7.522878745280337,0.1818435879447725,4.2
O=C(c1n[nH]c2cc(-c3ncccn3)ccc12)N1CCC(Oc2cncc(Cl)c2)CC1,6.906754778648553,4.321956486970856,,-6.199282921717615,1.0253058652647702,2.210318519826232,-5.223298816011589,0.0969100130080564,3.6
O=C(c1cccc2ccc(=O)[nH]c12)N1CCC(OC2CCN(C3CC3)CC2)CC1,-1.2715034200231847,-0.5442477577071088,,-3.595166283380062,0.0,2.2174839442139063,-4.763462738511306,0.1139433523068367,1.3
COc1cncc(OC2CCN(C(=O)c3cc(-c4ccccc4OC)[nH]n3)CC2)c1,6.906754778648553,3.58074757409573,,-4.51427857351842,1.5118833609788744,2.794627444664508,-5.140261433802853,0.2455126678141498,3.3
COc1cncc(OC2CCN(C(=O)c3cc(-c4ccc(F)cc4OC)[nH]n3)CC2)c1,,,,-5.835647144215563,1.6148972160331343,2.672559627763276,-5.138465589140962,0.1846914308175988,3.5
COc1cncc(OC2CCN(C(=O)c3n[nH]c4ccccc34)CC2)c1,,,,-3.607303046740334,1.1760912590556811,2.250907699700856,-4.694218848745018,0.0334237554869497,2.8
COc1cncc(OC2CCN(C(=O)c3n[nH]c4cccnc34)CC2)c1,0.8568399175204071,0.5429569019487838,,-3.58838029403677,0.0,1.8518696007297664,-5.718966632752273,1.1169396465507555,1.7
COc1cnc2cc3c(=O)n(CCCN4CCCCC4)ccn3c2c1,-0.5884089424579801,1.0381868184664564,,-4.00436480540245,1.1760912590556811,1.678518379040114,-4.725149679983336,0.0863598306747482,0.8
CN1CCC[C@H](Cn2ccc3c([nH]c4cc(F)ccc43)c2=O)C1=O,2.843851742261271,3.528937181542891,,-4.102372908709558,1.0128372247051722,2.384532615494249,-4.383734594718292,0.0086001717619175,2.6
O=c1c2[nH]c3cc(O)ncc3c2ccn1CCCN1CCCCC1,,,,-4.008773924307505,0.8260748027008264,1.499687082618404,-6.721246399047171,-0.0757207139381183,-0.6
CCOc1cc2[nH]c3c(=O)n(C[C@@H]4CCCN(C)C4)ccc3c2cn1,-0.1643690687859365,2.474015292868072,,-4.002176919254275,0.8061799739838872,1.7101173651118162,-4.762205006726077,-0.0087739243075051,1.4
N#CCCc1cccc(Nc2cccc(-c3cccnc3)n2)n1,,,,-4.192464971931146,1.3096301674258988,2.7596678446896306,-4.7256112044496215,-0.1249387366082999,2.8
O=C1NCCSc2c1sc1ccc(OCC3CNC3)cc21,,,,-3.5243288116755704,0.0,1.8965262174895556,-6.327902142064283,1.319314304090512,-0.6
NC(=O)Cn1cnc(Nc2cccc(-c3cccnc3)n2)c1,,,,-3.515700160653214,1.3304137733491908,2.113609151073028,-6.200659450546418,1.3911116137028026,1.1
NC(=O)Cc1cccc(Nc2cccc(-c3ccns3)n2)n1,,,,-4.478861916295964,1.513217600067939,2.52750101098112,-4.642446280256919,-0.0409586076789063,2.3
NC(=O)Cc1cccc(Nc2cccc(-c3cccnc3)c2F)n1,,,,-4.036684488613889,0.0,2.017450729510536,-4.8623294627632445,-0.0177287669604316,2.0
NC(=O)CCc1cccc(Nc2cccc(-c3cccnc3)n2)n1,,,,-3.570247719997592,0.8260748027008264,2.4252080511386565,-5.325138859262188,0.5587085705331657,2.1
NC(=O)COc1cccc(Nc2cccc(-c3cccnc3)n2)n1,,,,-5.001740661576301,0.9242792860618816,2.351216345339342,-4.893469146177619,0.0086001717619175,2.4
CNC(=O)Cc1cc(Nc2nccc(-c3cccnc3)n2)ccn1,-0.1040938910426334,1.602732906471496,,-3.5543957967264026,1.3159703454569178,2.6415732531781755,-5.841637507904751,1.151982395457474,1.6
CNC(=O)Cc1cccc(Nc2nccc(-c3cccnc3)n2)n1,,,,-4.732828271596986,1.1072099696478683,2.1436392352745437,-4.901010360598823,0.1643528557844371,1.7
NC(=O)Cc1cccc(Nc2nccc(-c3cccc(F)c3)n2)c1,3.055048850710409,4.735694187378309,,-5.844663962534939,2.1749315935284423,3.2785935682411336,-4.9582126810282485,-0.3767507096020995,2.8
O=C1CCCN1CCOc1ccc(-c2ccc3ccncc3c2)cc1,3.7944672166765008,4.131819188398954,,-4.289036881004725,1.2227164711475833,2.52750101098112,-4.944239535312265,-0.1870866433571444,3.3
NC(=O)Cc1cccc(Nc2ccn(-c3ccccn3)n2)c1,,,,-3.542118103266008,1.6190933306267428,2.483729899000024,-4.850165303284215,-0.0555173278498313,2.1
NC(=O)Cc1cccc(Nc2ccn(-c3ccccn3)n2)n1,,,,-4.508638306165727,1.4727564493172125,2.734799829588847,-4.836838625022982,-0.0655015487564322,1.8
CNC(=O)Cc1cccc(Nc2cc(-c3cccnc3)ccn2)n1,,,,-4.199282921717615,1.2810333672477277,2.6259294927162946,-5.088842391260023,0.4683473304121572,1.9
c1cc2ccc(-c3ccc(CCN4CCC4)cc3)cc2cn1,1.1093075777848576,3.896934875544692,,-3.595166283380062,0.6720978579357175,3.079434510633744,-4.960982678002588,-0.1804560644581313,1.8
c1ncc2cc(-c3ccc(CCN4CCC4)cc3)ccc2n1,,,,-3.5654310959658013,0.8750612633917001,3.0518082943170914,-4.546375926408549,-0.1023729087095585,1.0
CN(c1cccc(CC(N)=O)c1)c1nccc(-c2cccnc2)n1,,,,-3.540607512240769,1.385606273598312,2.1473671077937864,-4.8338660296948905,0.146128035678238,1.7
CNC(=O)Cc1cccc(N(C)c2nccc(-c3cccnc3)n2)c1,,,,-3.5543957967264026,1.5987905067631152,2.570776368794748,-4.741362717275924,0.0755469613925307,2.1
CNC(=O)Cc1cccc(Nc2nccc(-c3cccnc3)n2)c1,1.489478597355121,1.583502602001597,,-3.5228787452803374,1.577491799837225,2.499412125672276,-4.976336081802207,0.3384564936046048,1.8
COc1cccnc1-c1cc(C(=O)N2CCC(Oc3cncc(Cl)c3)CC2)n[nH]1,6.906754778648553,3.3346931054039697,,-3.5917600346881504,0.99563519459755,2.64875021269802,-4.866780543267506,-0.1549019599857432,2.9
COc1ccc(-c2cc(C(=O)N3CCC(Oc4cncc(Cl)c4)CC3)n[nH]2)nc1,3.442277407405623,3.5471512942852343,,-5.568636235841013,1.390935107103379,2.2137832993353044,-4.818442226137214,-0.2839966563652008,3.1
COc1ccccc1-c1cc(C(=O)N2CCC(n3cnc4cc(Cl)ccc43)CC2)n[nH]1,,,,-5.066512712151295,1.1931245983544616,2.413634997198556,-5.716698771296451,0.0863598306747482,4.1
Cn1cnc2ccc(OC3CCN(C(=O)c4n[nH]c5cccnc45)CC3)cc21,,,,-3.5243288116755704,0.414973347970818,1.5634810853944108,-6.638272163982407,1.8334021292318583,1.5
Cc1[nH]nc(C(=O)N2CCC(Oc3ccc4ncn(C)c4c3)CC2)c1C(F)(F)F,,,,-3.54515513999149,0.8920946026904804,2.240049772112648,-5.804100347590766,1.255995726722402,2.3
Cc1[nH]nc(C(=O)N2CCC(Oc3ccc4ncn(C)c4c3)CC2)c1Cl,,,,-4.22767829327708,0.8633228601204559,1.9153998352122696,-5.7594507517174005,1.2474822606770544,2.1
O=C(c1ccc2ccc(=O)[nH]c2c1)N1CCC(Oc2ccc(Cl)cc2)CC1,,,,-5.163675884293248,0.146128035678238,1.6424645202421213,-4.9051796196452,-0.1023729087095585,3.2
O=C(c1ccc2ccc(=O)[nH]c2c1)N1CCC(OC2CCN(C3CC3)CC2)CC1,,,,-3.539102157243452,0.380211241711606,1.8247764624755456,-5.632644078973981,0.9294189257142929,1.1
O=C(c1ccc2ccc(=O)[nH]c2c1)N1CCC(Oc2cncc(Cl)c2)CC1,,,,-3.555955204081924,0.0,1.677606952720493,-5.226945306635738,0.7283537820212285,2.2
c1cnc2c(-c3ccc(OC4CCN(C5CC5)CC4)cc3)n[nH]c2c1,,,,-5.236572006437063,1.3364597338485296,2.5284024379536176,-4.793984123236656,-0.0555173278498313,3.2
O=C(c1[nH]ncc1-c1ccc2ncccc2c1)N1CCC(OC2CCN(C3CC3)CC2)CC1,,,,-3.543633966870957,1.6127838567197357,3.22750106497143,-5.72584215073632,1.1708482036433094,1.7
COc1cncc(OC2CCN(C(=O)c3n[nH]c(C)c3C(F)(F)F)CC2)c1,,,,-3.543633966870957,1.0334237554869496,2.989494312772709,-5.005243055412372,0.5010592622177514,2.3
COc1cncc(OC2CCN(C(=O)c3n[nH]c(C)c3Cl)CC2)c1,,,,-3.5361070110140926,0.9777236052888476,2.214578953570499,-4.896196279044043,0.414973347970818,2.2
Clc1cncc(CNc2cc(-c3ccccc3)nc(NC3CCOCC3)n2)c1,,,,-5.435333935747911,2.6485551556626707,3.503450193442012,-5.0034883278458215,-0.0655015487564322,3.9
Clc1cncc(CNc2cc(-c3ccccc3)nc(N3CCOCC3)n2)c1,,,,-5.308918507877031,2.698448538015329,3.4363057974508537,-5.723538195826756,0.1702617153949573,4.3
COC1(C)CN(Cc2ccc(N3CCN(C(=O)c4cn(C)c5ccccc45)C[C@H]3C)cn2)C1,,,,-4.104025267640935,2.090610707828407,2.60788374435699,-5.105683937315562,0.4031205211758178,2.0
COCC1CN(Cc2ccc(N3CCN(C(=O)c4cn(C)c5ccccc45)C[C@H]3C)cn2)C1,,,,-4.040005161671584,1.6374897295125106,1.615950051656401,-5.382999658879101,0.5809249756756193,1.4
O=C(NCCCN1CCCCC1)c1ccnc2c1[nH]c1cc(Cl)ncc12,0.7675930856935093,3.328688841162715,,-4.042871802323187,1.0334237554869496,1.0569048513364727,-5.054531414868181,0.08278537031645,1.4
CCOc1cc2c(cn1)c1ccn(CCCN3CCCCC3)c(=O)c1n2C,1.2773596777562222,3.5960287940262416,,-4.028724151261895,1.0755469613925308,1.7895807121644254,-4.796423225022028,-0.0506099933550872,1.8
Cn1cc(Cn2ccc3c4ccc(Cl)cc4n(C)c3c2=O)ccc1=O,,,,-5.488116639021126,1.591064607026499,2.545801757159276,-4.669789215428472,0.1205739312058498,3.2
O=C1NCCSc2c1sc1ccc(OCCN3CCCCC3)cc21,,,,-3.504455662453552,1.0492180226701815,3.5611491056953546,-4.491335636947057,0.0043213737826425,1.8
CN1CCN(CCCOc2ccc3sc4c(c3c2)SCCNC4=O)CC1,0.6991532046201568,1.9952741459029328,,-3.583359492661719,1.0644579892269184,2.7289216463728594,-4.775985188627136,0.250420002308894,1.7
c1cc2ccc(-c3ccc(OCCNC4CC4)cc3)cc2cn1,,,,-3.742321425130816,1.404833716619938,3.0800850850458694,-5.151195298948196,-0.1938200260161128,3.4
c1cncc(-c2cccc(Nc3cccc(C4CCNCC4)n3)n2)c1,,,,-3.511449283499556,1.359835482339888,2.755951041004132,-5.6595558851598815,1.243781916093795,0.8
NC(=O)Cc1cccc(Nc2nccc(-c3cccc(F)c3)n2)n1,,,,-6.801342913045578,1.9493900066449128,2.31260043926126,-5.838631997765025,0.0128372247051722,2.6
O=C1CCCCN1CCOc1ccc(-c2ccc3ccncc3c2)cc1,,,,-4.238072161579471,1.6618126855372612,2.62746827245971,-5.009661145212399,0.1105897102992489,3.7
NC(=O)Cc1ccc(Nc2ccn(-c3ccccn3)n2)nc1,,,,-4.716698771296451,1.021189299069938,2.3161800988934527,-5.029188389127483,0.0644579892269184,1.5
NC(=O)Cc1ccc(Nc2ccn(-c3ccccn3)n2)cc1,,,,-4.399027104313252,1.0969100130080565,2.394801777162711,-4.671620396561262,-0.2006594505464183,2.0
Fc1cccc(-c2ccnc(Nc3ccc(CN4CCN(C5CC5)CC4)cc3)n2)c1,,,,-5.268411234813262,1.8680563618230412,3.3972793788535927,-5.493494967595128,0.1522883443830564,3.8
CN1CCN(Cc2ccc(Nc3nccc(-c4cccc(F)c4)n3)cc2)CC1=O,3.442277407405623,4.436397453578424,,-4.342944147142896,1.3384564936046048,2.4097641042663462,-4.95703092660682,0.0644579892269184,3.2
CN1CCN(Cc2ccc(Nc3nccc(-c4cccc(F)c4)n3)cc2)C(=O)C1,3.178053830347945,4.039597383864643,,-4.747146969020107,2.116939646550756,3.2915242450080657,-4.8170150329964185,0.0530784434834196,3.1
c1cc(-c2ccc3cnncc3c2)ccc1CCN1CCC1,6.906754778648553,6.906754778648553,,-3.542118103266008,1.6138418218760693,2.243534101832062,-4.512861624522814,-0.0457574905606751,0.7
Fc1cccc(-c2ccnc(Nc3ccc(CCN4CCC4)cc3)n2)c1,,,,-3.537602002101044,0.5314789170422551,2.9045532629767727,-5.046723663332696,-0.0222763947111522,1.9
Fc1cccc(-c2ccnc(Nc3ccc(CCN4CCC4)cc3)c2)c1,3.055048850710409,5.806138481293727,,-3.570247719997592,1.0969100130080565,2.6485551556626707,-5.642065152999546,0.1702617153949573,2.1
CNC(=O)Cc1cccc(N(C)c2cc(-c3cccnc3)ccn2)n1,,,,-3.505845405981557,1.2253092817258628,2.318689269947746,-4.6048484084954575,0.1003705451175629,1.6
CN(c1cc(-c2cccnc2)ccn1)c1cccc(CC(N)=O)n1,0.1845217777035572,-0.0752354683417651,,-3.557520230935552,1.0334237554869496,1.9698816437465,-4.589054141312226,0.146128035678238,1.4
c1cc2ccc(-c3cnn(CCC4CNC4)c3)cc2cn1,,,,-3.5214335044061564,1.1789769472931697,2.533136288278639,-5.939302159646388,1.0338256939533104,-0.4
c1cc2ccc(-c3cnn(CCN4CCC4)c3)cc2cn1,1.1472048439049751,1.45652103905577,,-3.5316526695878427,1.1986570869544226,1.688419822002711,-4.573163546196492,0.0170333392987803,1.5
Nc1cc(OCCN2CCCCC2)ccc1-c1cc(-c2ccncc2)ccn1,1.1039527552994266,2.9808182984197704,,-3.5654310959658013,1.8555191556678,2.340245761567932,-4.771599641296995,0.0170333392987803,2.1
O=C(c1n[nH]c2ccccc12)N1CCC(O[C@H]2CN3CCC2CC3)CC1,-0.1362102048345489,-0.9232310660875976,,-3.5466816599529625,0.0,1.173186268412274,-5.823908740944319,0.9242792860618816,-0.1
Cc1ccc(COc2cc(-c3ccccc3)[nH]c(=O)c2)cc1,,,,-5.546681659952962,1.4471580313422192,2.9333354100776514,-5.903089986991944,-0.0809219076239261,3.9
COc1cncnc1-c1cc(C(=O)N2CCC(Oc3cncc(Cl)c3)CC2)n[nH]1,2.301485587660629,2.525350705151961,,-4.767003889607846,0.0,2.1455071714096627,-5.002613615602686,0.3031960574204888,2.4
O=C(c1n[nH]c2cnc(-c3ccccn3)cc12)N1CCC(OC2CCN(C3CC3)CC2)CC1,,,,-5.077793722560983,1.307496037913213,2.782902405974645,-5.4089353929735005,0.617000341120899,2.1
O=C(c1n[nH]c2cc(-c3ccccn3)cnc12)N1CCC(OC2CCN(C3CC3)CC2)CC1,,,,-4.176525770829699,0.3617278360175928,2.851380667965597,-5.607303046740334,0.8926510338773003,1.5
Cn1cnc2ccc(OC3CCN(C(=O)c4cc(-c5ccccc5F)[nH]n4)CC3)cc21,,,,-5.723538195826756,1.481442628502305,3.308329596317398,-5.113509274827519,0.3765769570565119,3.2
Oc1cc(C2CCN(C3CC3)CC2)ccc1-c1n[nH]c2cccnc12,,,,-4.835647144215563,1.802773725291976,3.0048800072406343,-5.134896025358872,0.0293837776852096,3.4
O=C(c1n[nH]c2ccccc12)N1[C@@H]2CC[C@H]1C[C@H](OC1CCN(C3CC3)CC1)C2,,,,-3.542118103266008,1.0413926851582251,2.5333907080175515,-4.661942124580244,0.1238516409670858,2.4
COc1ccccc1-c1cc(C(=O)N2[C@@H]3CC[C@H]2C[C@H](OC2CCN(C4CC4)CC2)C3)n[nH]1,,,,-3.5466816599529625,1.60959440922522,2.615529223637133,-4.780415473785745,-0.00436480540245,2.8
COc1ccc(Nc2cncc(N(CCc3ccncc3)C3CC3)n2)cc1,,,,-6.051587034221399,2.843544211945636,3.4492623553088864,-5.47755576649368,-0.1938200260161128,4.4
COc1ccc(Oc2nccc(N(CCc3ccncc3)C3CC3)n2)cc1,3.204412762840645,3.718294868090538,,-4.201349354554731,2.57611089412084,3.2797353674105016,-4.7775436633207535,-0.1674910872937636,3.4
CCc1cncc(OC2CCN(C(=O)c3n[nH]c4cccnc34)CC2)c1,,,,-3.549750891680639,1.021189299069938,2.355834495884936,-5.585026652029182,1.1972805581256194,1.9
O=C(c1n[nH]c2cccnc12)N1CC[C@@H](Oc2cncc(Cl)c2)C1,1.1747359841409104,1.0816177213975466,,-3.518557371497695,0.0,1.823474229170301,-5.2839966563652006,0.7481880270062004,1.5
O=C(c1n[nH]c2cccnc12)N1CC[C@H](Oc2cncc(Cl)c2)C1,2.0505185022105845,0.8861740487976596,,-3.609064892896621,0.0,1.9237619608287,-5.530177984021837,1.0941215958405617,1.6
O=C(c1n[nH]cc1-c1ccc2ncsc2c1)N1CCC(N2CCOCC2)CC1,,,,-3.5331323796458904,1.0606978403536116,2.300812794118117,-5.889410289700751,1.0362295440862943,0.6
O=C(NCCCN1CCCCC1)c1ccnc2c1[nH]c1cc(Cl)ccc12,,,,-4.1180450286604,1.5658478186735176,1.9138138523837167,-4.668775218979268,-0.2518119729937995,2.5
COc1ccc2c([nH]c3c(=O)n(CCCN4CCCCC4)ccc32)c1C(F)(F)F,3.663561646129645,5.2159416927103965,,-4.1180450286604,1.2041199826559248,2.467608105583633,-4.646660904688695,-0.1191864077192086,2.6
Cn1c2ccc(OCCn3cc(C#N)c(Cl)n3)cc2c2ccn(CCCN3CCCCC3)c(=O)c21,,,,-4.157390760389438,2.059563417901268,3.0727276895852653,-4.976747540366288,0.0899051114393979,2.6
Nc1nc(OCCN2CCCCC2)ccc1-c1ncccn1,,,,-4.104577453960593,2.1501421618485588,3.11743702528262,-4.454074670644157,-0.0506099933550872,1.4
O=C(O)c1ccnc2c1[nH]c1cc(Cl)ncc12,,,,-4.014124642691606,0.6532125137753437,1.3979400086720375,-6.958607314841775,2.0238283925348863,-0.7
COc1ccc(N2CCC(OC3CC3)CC2)cc1-c1n[nH]c2cccnc12,,,,-3.600326278518962,0.0,2.105169427999332,-4.390939450069913,-0.1249387366082999,2.7
O=C(c1n[nH]c2ccc(=O)[nH]c12)N1CCC(Oc2ccc(Cl)cc2)CC1,,,,-4.7447274948966935,0.0,1.292256071356476,-4.82102305270683,0.143014800254095,3.1
O=C(c1n[nH]c2ccc(Cl)nc12)N1CCC(Oc2ccc(Cl)cc2)CC1,,,,-6.0996328713435295,0.8129133566428556,1.75815462196739,-5.8996294548824375,0.0043213737826425,3.7
O=C(c1n[nH]c2cncnc12)N1CCC(OC2CCN(C3CC3)CC2)CC1,,,,-3.543633966870957,0.7403626894942439,1.7671558660821804,-5.928117992693875,0.5587085705331657,0.4
COc1cc(OC2CCN(C3CC3)CC2)ccc1-c1n[nH]c2cccnc12,,,,-3.552841968657781,1.089905111439398,2.3047058982127653,-4.542572307053516,0.0128372247051722,2.6
O=C(c1n[nH]c2ccccc12)N1[C@@H]2CC[C@H]1C[C@@H](OC1CCN(C3CC3)CC1)C2,,,,-4.218963061378868,1.8965262174895556,2.7734938922709707,-4.582694416755475,-0.1366771398795441,3.1
COc1ccccc1-c1cc(C(=O)N2[C@@H]3CC[C@H]2C[C@@H](OC2CCN(C4CC4)CC2)C3)n[nH]1,,,,-3.98296666070122,2.462996612028056,2.758306181725307,-4.739928612014925,-0.2365720064370627,3.5
COc1ccc(N(C)c2nccc(NCCc3ccncc3)n2)cc1,3.0094673019441425,3.459053791069341,,-3.542118103266008,2.255754786643044,3.326806774068438,-4.6221475809932455,-0.2676062401770314,3.1
C=Cc1cncc(OC2CCN(C(=O)c3n[nH]c4cccnc34)CC2)c1,,,,-3.570247719997592,0.8692317197309762,2.227629649571009,-5.591760034688151,1.0017337128090005,1.9
O=C(c1n[nH]c2cccnc12)N1CCC(Oc2cncc(C3CC3)c2)CC1,1.9550845253313536,1.95324458486792,,-3.578396073130169,0.785329835010767,2.300812794118117,-5.590066876668706,1.209515014542631,2.1
COc1cncc(C2CCN(Cc3n[nH]cc3-c3ccc4ncsc4c3)CC2)c1,,,,-3.567030709125594,2.041392685158225,3.02428037604708,-4.925183559354825,0.0170333392987803,3.2
c1nc2ccc(-c3c[nH]nc3CN3CCC(N4CCOCC4)CC3)cc2s1,,,,-3.5816987086802548,1.2201080880400552,3.258517559916453,-4.870954940112042,0.2278867046136735,1.5
CCc1cncc(C2CCN(Cc3n[nH]cc3-c3ccc4ncsc4c3)CC2)n1,,,,-3.555955204081924,2.452246574520437,3.3931714288368897,-4.637894680706227,0.041392685158225,3.1
O=C(c1n[nH]cc1C#Cc1ccccn1)N1CCC(OC2CCN(C3CC3)CC2)CC1,,,,-3.5316526695878427,1.4014005407815442,2.703978825008386,-5.424812155072339,0.9684829485539352,1.5
O=C(c1n[nH]cc1C#Cc1cncnc1)N1CCC(Oc2ccc(Cl)cc2)CC1,4.701489956993767,4.795387319784828,,-3.812479279163537,0.8260748027008264,1.582063362911709,-5.111820506081675,0.0681858617461616,3.2
COc1cc2ocnc2cc1-c1cc(C(=O)N2CCN(Cc3ccc(Cl)c(F)c3)CC2)[nH]n1,,,,-6.480172006224281,1.944482672150169,2.5972562829251418,-5.739928612014925,0.041392685158225,3.9
Cn1cc(C#Cc2cncs2)c(C(=O)N2CCN(Cc3cncc(Cl)c3)CC2)n1,,,,-3.5816987086802548,2.473924693416157,3.2709116394104814,-4.724919101543142,0.1958996524092337,1.8
CNc1cc(OC)ncc1-c1cc(C(=O)N2CCN(Cc3cncc(Cl)c3)CC2)on1,,,,-5.060980223551334,2.34908316877959,3.0057808999546523,-4.979224511806442,0.041392685158225,3.3
NC(=O)Cc1cccc(Nc2cncc(-c3cccnc3)n2)n1,,,,-4.181774106386045,1.235528446907549,2.4781334281005174,-5.739928612014925,1.3390537357091392,1.5
NC(=O)C(F)(F)c1cccc(Nc2nccc(-c3cccnc3)n2)c1,,,,-5.071604147743286,1.82020145948564,2.7302976620971497,-4.634137784597445,-0.00436480540245,2.4
Nc1ccc(OCCN2CCCCC2)cc1-c1cc(-c2cccnc2)ccn1,,,,-3.549750891680639,1.0606978403536116,2.731427587050948,-4.626720106722504,-0.1426675035687315,1.5
c1ncc2cc(-c3cnn(CCN4CCC4)c3)ccc2n1,,,,-3.539102157243452,1.260071387985075,2.801197834459149,-4.6048484084954575,-0.1674910872937636,0.6
c1ccc(-n2ccc(Nc3ccc(CCN4CCC4)cc3)n2)nc1,,,,-3.619788758288394,0.3424226808222063,2.829625353358049,-4.80271944187438,-0.0969100130080563,1.4
c1ccc(-n2ccc(Nc3ccc(CCCCN4CCCC4)cc3)n2)nc1,,,,-3.5734887386354246,0.7558748556724915,1.8260748027008264,-5.105130343254747,-0.1938200260161128,2.1
CN(c1cccc(CC(N)=O)n1)c1nccc(-c2cccc(F)c2)n1,,,,-4.034798298974088,1.513217600067939,2.302114376956201,-4.610656688747922,-0.2676062401770314,2.4
CNC(=O)Cc1cccc(Nc2cccc(-c3cccc(F)c3)n2)n1,3.663561646129645,5.334327804071064,,-4.728158393463501,1.4265112613645752,2.767823498007517,-4.993533957750769,-0.3467874862246563,3.4
FC1(F)CCN(Cc2ccc(Nc3cccc(-c4cccnc4)n3)nc2)CC1,3.8918202981106256,4.1913819459102255,,-5.0726296369609765,2.143327129992046,3.091315159697223,-5.148130399270234,-0.0604807473813814,3.7
c1cncc(-c2cccc(Nc3ccc(CN4CCCCC4)cn3)n2)c1,,,,-3.5654310959658013,1.3053513694466237,3.0865377837532075,-4.748848656824645,-0.0132282657337551,2.4
O=C1CCCCN1Cc1ccc(Nc2nccc(-c3cccc(F)c3)n2)cc1,,,,-5.673664139071248,2.064832219738574,3.1293998361358955,-5.400116927926312,0.1003705451175629,3.8
COCCNC(=O)c1cccc(-c2ccc3ccncc3c2)c1,,,,-3.5850266520291822,1.6180480967120927,2.943890048248473,-4.699404516110037,-0.0409586076789063,2.9
COCCC(=O)Nc1cccc(-c2ccc3ccncc3c2)c1,,,,-3.607303046740334,2.090258052931316,3.0345883537136245,-5.322393047279507,-0.1307682802690238,3.2
COCCC(=O)Nc1ccc(-c2ccc3ccncc3c2)cc1,,,,-4.129011186239425,1.952792443044092,2.665393350279712,-4.829444941478791,-0.0969100130080563,3.1
FC1(F)CN(CCOc2ccc(-c3ccc4ccncc4c3)cc2)C1,4.701489956993767,5.623214937925948,,-5.3655227298392685,1.3384564936046048,2.599773939146388,-5.303643611266668,-0.0457574905606751,3.9
FC1(F)CCN(CCOc2ccc(-c3ccc4ccncc4c3)cc2)C1,4.9548205149898585,6.163715726160894,,-5.536107011014093,1.5327543789924978,2.5444401373176926,-5.798602875679548,0.1492191126553798,4.1
NC(=O)Cn1ccc(Nc2cccc(-c3cccc(S(N)(=O)=O)c3)n2)n1,,,,-3.549750891680639,0.568201724066995,1.1139433523068367,-6.036212172654444,1.2060158767633449,0.7
CC[C@@H](C(N)=O)c1cccc(Nc2cccc(-c3cccnc3)n2)n1,2.6178251095094853,2.701243836423382,,-4.995678626217358,0.9395192526186184,2.6020599913279625,-4.737786294523583,0.0969100130080564,2.8
CC[C@H](C(N)=O)c1cccc(Nc2cccc(-c3cccnc3)n2)n1,,,,-4.995678626217358,1.173186268412274,2.7048366062114035,-4.699839463048647,0.0606978403536116,2.9
COc1c(F)ccc2cc3c(=O)n(CCCN4CCCCC4)ccn3c12,,,,-4.027797161620936,1.376576957056512,3.3561023781133987,-4.570086302236246,-0.1426675035687315,2.2
NC(=O)Nc1nc(OCCN2CCCCC2)ccc1-c1ncccn1,,,,-4.052076380168273,1.0334237554869496,2.847696020734165,-4.4780777551165,-0.0809219076239261,1.5
COc1c(Cl)ccc2cc3c(=O)n(CCCN4CCCCC4)ccn3c12,,,,-4.087246696328677,1.2430380486862944,2.9566005882131767,-4.61852390972497,-0.3010299956639812,2.6
COc1ccnc(-c2ccc(OCCN3CCCCC3)nc2NCc2ccccc2)n1,,,,-5.023191662661934,2.308564413561238,3.619677564667636,-5.73754891026957,0.0791812460476248,4.8
COc1ccc2c(c1)[nH]c1c(C(=O)O)ccnc12,,,,-4.0,0.6812412373755872,2.166133970305109,-5.892790030352131,1.3328422669943516,-0.6
CC(=O)N[C@@H](C)COc1ccc(N)c(-c2cc(-c3ccncc3)ccn2)c1,,,,-3.549750891680639,1.0253058652647702,2.527758752520972,-4.745935547085662,0.3324384599156053,1.8
C[C@H](N)COc1ccc([N+](=O)[O-])c(-c2cc(-c3ccncc3)ccn2)c1,,,,-3.586700235918748,0.8325089127062363,2.6035773681514667,-5.193141970481182,0.631443769013172,0.4
CC(=O)N[C@@H](C)COc1ccc([N+](=O)[O-])c(-c2cc(-c3ccncc3)ccn2)c1,,,,-3.552841968657781,1.0718820073061257,2.427972713608209,-4.972650392225243,0.6424645202421213,2.1
CC(=O)N[C@H](C)COc1ccc(N)c(-c2cc(-c3ccncc3)ccn2)c1,,,,-3.555955204081924,1.212187604403958,2.3727279408855955,-4.611011214875286,0.093421685162235,1.8
C[C@@H](N)COc1ccc([N+](=O)[O-])c(-c2cc(-c3ccncc3)ccn2)c1,,,,-3.5543957967264026,0.4313637641589873,2.686546899063006,-4.928854709548917,0.2966651902615311,0.5
CC(=O)N[C@H](C)COc1ccc([N+](=O)[O-])c(-c2cc(-c3ccncc3)ccn2)c1,,,,-3.5466816599529625,1.7331972651065697,2.698448538015329,-4.787546038959724,0.2600713879850748,2.1
Nc1ccc(OC2CNC2)cc1-c1cc(-c2ccncc2)ccn1,,,,-3.586700235918748,1.1038037209559568,2.6527296960692475,-5.497572880015567,0.761927838420529,-0.3
Nc1ccc(OCC2CNC2)cc1-c1cc(-c2ccncc2)ccn1,,,,-3.5257837359237447,0.8750612633917001,2.587935348636356,-6.1487416512809245,1.3459615418131412,-0.5
CC(=O)N[C@@H](C)COc1ccc2sc3c(c2c1)SCCNC3=O,,,,-4.590066876668706,0.0,1.7972675408307164,-5.192464971931146,0.7371926427047373,2.2
C[C@H](N)COc1ccc2sc3c(c2c1)SCCNC3=O,,,,-3.5228787452803374,0.0,1.545307116465824,-5.1605219526258015,0.4683473304121572,0.4
c1cncc(-c2cccc(Nc3cccc4cc(OC5CNC5)ccc34)n2)c1,,,,-3.847711655616944,0.6812412373755872,2.239799818447098,-5.882728704344236,0.3873898263387294,2.1
c1cncc(-c2cccc(Nc3cccc(CCN4CCC4)n3)n2)c1,,,,-3.5606673061697376,1.526339277389844,3.072543985643648,-4.778064400171995,0.146128035678238,1.1
c1cncc(-c2cccc(Nc3ccc(CCN4CCC4)cn3)n2)c1,,,,-3.537602002101044,0.8692317197309762,2.82210266864692,-4.598771832501887,-0.0555173278498313,1.4
O=C1NCCN1c1cccc(Nc2cccc(-c3cccnc3)n2)n1,,,,-5.175874166083451,1.421603926869831,2.6330642726914992,-4.608183076386752,-0.2365720064370627,3.0
O=C1CCCN1CCCOc1ccc(Nc2ccn(-c3ccccn3)n2)cc1,,,,-5.20342566678957,1.359835482339888,2.143327129992046,-4.648203693102976,-0.3010299956639812,3.0
CN(c1ccc(CCN2CCC2)cc1)c1nccc(-c2cccc(F)c2)n1,,,,-3.562249437179612,0.8692317197309762,2.762978490867743,-5.473660722610156,-0.0087739243075051,2.1
FC1(F)CN(CCn2cc(-c3ccc4ccncc4c3)cn2)C1,,,,-3.627087997029893,1.4593924877592308,2.72916478969277,-4.424004379796733,-0.1549019599857432,2.6
c1cc2ccc(-c3cnn(CCN4CCCCC4)c3)cc2cn1,,,,-3.580044251510242,1.9813655090785445,3.070665753453728,-4.8474059220725305,-0.3279021420642826,2.6
c1cc2ccc(-c3cnn(CCN4CCOCC4)c3)cc2cn1,,,,-3.540607512240769,1.3502480183341627,2.574494268285328,-4.456677099353088,-0.1249387366082999,1.4
c1ncc2cc(-c3cnn(CCC4CNC4)c3)ccc2n1,,,,-3.54515513999149,0.8129133566428556,2.4176377396522297,-5.8696662315049934,0.3424226808222063,-1.7
c1ncc2cc(-c3cnn(CCN4CCCCC4)c3)ccc2n1,,,,-3.578396073130169,1.24551266781415,2.877716800864977,-4.469160221383479,-0.1135092748275181,1.8
c1ncc2cc(-c3cnn(CCN4CCOCC4)c3)ccc2n1,,,,-3.557520230935552,1.1072099696478683,2.1319392952104246,-4.408267761048164,-0.1549019599857432,1.4
O=C(c1cc(-c2ncccc2F)[nH]n1)N1CCC(n2cnc3cc(Cl)ccc32)CC1,,,,-6.236572006437063,0.3010299956639812,1.5314789170422551,-5.148130399270234,0.0681858617461616,3.5
Oc1cc(OC2CCN(C3CC3)CC2)ccc1-c1n[nH]c2cccnc12,,,,-5.585026652029182,1.290034611362518,2.6600112212893308,-5.329754146925876,-0.0457574905606751,3.4
COc1ccc(Nc2ccnc(N(CCc3ccncc3)C3CC3)n2)cc1,,,,-3.539102157243452,2.455910240382743,3.3801207542684404,-5.00436480540245,0.0374264979406236,3.4
COc1ccc(Nc2cc(N(CCc3ccncc3)C3CC3)ccn2)cc1,,,,-3.549750891680639,2.137354111370733,3.329418220546588,-5.057991946977687,-0.0362121726544447,2.7
COc1ccc(Nc2cccc(N(CCc3ccncc3)C3CC3)n2)cc1,,,,-7.309803919971486,2.7589875468676195,3.292942423054936,-6.301029995663981,-0.0655015487564322,5.0
COc1ccc(N(C)c2nccc(N(CCc3ccncc3)C3CC3)n2)cc1,,,,-4.146910470148135,2.860397905127313,3.447483630119362,-5.030584087646019,-0.1366771398795441,3.9
Clc1ccc(N2CCN(Cc3n[nH]cc3-c3ccc4ncsc4c3)CC2)nc1,,,,-6.175874166083451,1.8325089127062364,2.6161603128475828,-5.444905551421681,-0.2676062401770314,4.3
Cc1[nH]nc(C(=O)N2CCC(OC3CCN(C4CC4)CC3)CC2)c1C#Cc1cncs1,,,,-3.5466816599529625,1.8506462351830664,3.014310480963307,-5.250263684430939,0.7678976160180907,1.8
O=C(c1n[nH]cc1C#Cc1ccccc1)N1CCC(OC2CCN(C3CC3)CC2)CC1,,,,-3.603800652904264,2.209783014848515,3.091807597001675,-4.772113295386326,-0.0222763947111522,2.7
O=C(c1n[nH]cc1C#Cc1cncnc1)N1CCC(OC2CCN(C3CC3)CC2)CC1,,,,-3.54821356447571,1.2041199826559248,2.5471591213274176,-5.518557371497695,0.7611758131557314,1.1
CCn1cc(C#Cc2cncs2)c(C(=O)N2CCC(Oc3cncc(Cl)c3)CC2)n1,,,,-4.555955204081924,1.5550944485783191,3.039414119176137,-4.773400094792643,-0.1674910872937636,3.1
Cn1cc(C#Cc2cncs2)c(C(=O)N2CCC(Oc3cncc(Cl)c3)CC2)n1,,,,-3.5686362358410126,1.5185139398778875,2.759516759462188,-4.751291264399082,-0.0177287669604316,2.6
Cn1ncc(C#Cc2cncs2)c1C(=O)N1CCC(Oc2cncc(Cl)c2)CC1,,,,-4.503070351926785,1.3996737214810382,2.0751818546186915,-4.785686102575601,-0.1426675035687315,3.1
CCn1cc(C#Cc2cncs2)c(C(=O)N2CCN(Cc3cncc(Cl)c3)CC2)n1,,,,-3.567030709125594,2.7849737099544005,3.446537167073644,-4.663540266151471,0.2121876044039577,2.3
COc1cncc(CN2CCN(C(=O)c3n[nH]cc3C#Cc3cncs3)CC2)c1,,,,-3.575118363368933,2.089905111439398,2.93444794894897,-5.767003889607846,1.22219604630172,1.5
O=C(c1n[nH]cc1C#Cc1cncs1)N1CCN(Cc2ccc(Cl)c(F)c2)CC1,,,,-5.215382707367125,2.822494985278751,2.93444794894897,-5.154281982033341,0.1818435879447725,3.3
O=C(c1n[nH]cc1C#Cc1cncs1)N1CCN(c2ccc(Cl)cc2)CC1,,,,-4.2403321553103694,2.04688519083771,2.86123561863404,-5.176525770829699,0.0718820073061253,3.3
O=C(c1n[nH]cc1C#Cc1cncs1)N1CCN(c2ccc(Cl)cn2)CC1,,,,-3.8068754016455375,1.8721562727482928,3.1948472196314444,-5.011441043121384,0.1760912590556812,3.0
O=C(c1n[nH]cc1-c1ccc2ncsc2c1)N1CCN(Cc2ccc(Cl)c(F)c2)CC1,,,,-5.285670240254767,2.1550322287909704,2.5620548296563785,-5.202040356262804,0.3201462861110539,3.2
CN1CCC(N2CCN(C(=O)c3n[nH]cc3-c3ccc4ncsc4c3)CC2)CC1,,,,-3.5243288116755704,0.0,0.4471580313422192,-6.4089353929735005,0.220108088040055,-0.7
C[C@H](N)COc1ccc2sc3c(c2c1)SCCN(C)C3=O,,,,-3.515700160653214,0.0,1.9222062774390165,-5.036212172654444,0.1846914308175988,0.3
c1cncc(-c2cccc(Nc3ccc(CCN4CCC4)nc3)n2)c1,,,,-3.580044251510242,0.3010299956639812,2.447468130949756,-5.482804102050026,0.92272545799326,1.1
FC1(F)CN(CCc2ccc(Nc3cccc(-c4cccnc4)n3)cn2)C1,,,,-4.208309350979882,2.061075323629792,3.389467327055369,-4.581532979053399,-0.2441251443275086,3.3
Fc1cccc(-c2cccc(Nc3cccc(CCN4CCC4)n3)n2)c1,,,,-3.6216020990518634,0.7634279935629372,2.477265995424853,-6.292429823902063,0.1398790864012364,2.5
Fc1cccc(-c2cccc(Nc3ccc(CCN4CCC4)cn3)n2)c1,,,,-3.596879478824182,0.6627578316815741,2.3988077302032647,-5.669586226650809,0.0128372247051722,2.5
NC(=O)Cc1cccc(Nc2ccnc(-c3cccnc3)n2)n1,,,,-4.0301183562535,0.7323937598229685,2.2773799746672547,-5.448550002027125,1.050379756261458,1.6
O=C(Cn1cccc(Nc2cccc(-c3cccnc3)n2)c1=O)N1CCCC1,,,,-4.208309350979882,1.0086001717619175,2.439332693830263,-4.659159450187668,0.041392685158225,2.2
CN(C)CCOc1ccc(-c2ccc3ccncc3c2)cc1,1.7583269607129426,6.906754778648553,,-3.575118363368933,2.180412632838324,3.390758528738717,-4.8407336689065055,-0.0969100130080563,2.5
FC1(F)CC(NCCOc2ccc(-c3ccc4ccncc4c3)cc2)C1,4.9548205149898585,5.355481690535997,,-5.58838029403677,1.5888317255942073,2.4720246977002813,-5.804100347590766,-0.0268721464003013,4.1
CN1CCN(CCOc2ccc(-c3ccc4ccncc4c3)cc2)CC1,2.1113349054557897,4.164484197855368,,-3.6020599913279625,1.4393326938302626,2.7946971268919985,-5.072116589669293,-0.0861861476162833,2.7
Cc1[nH]nc(C(=O)N2CCC(OC3CCN(C4CC4)CC3)CC2)c1C#Cc1cncn1C,,,,-3.4975728800155674,1.823474229170301,2.595936906269173,-6.431798275933005,1.5846703844643488,1.6
Cc1[nH]nc(C(=O)N2CCC(OC3CCN(C4CC4)CC3)CC2)c1C#Cc1cnccn1,,,,-3.5214335044061564,1.110589710299249,2.375297738217339,-5.7544873321858505,1.1357685145678222,1.3
Cn1cc(-c2ccc3ncsc3c2)c(C(=O)N2CCC(OC3CCN(C4CC4)CC3)CC2)n1,,,,-3.5686362358410126,1.413299764081252,2.3847117429382823,-4.941953769604718,0.4424797690644486,1.7
Cn1ncc(-c2ccc3ncsc3c2)c1C(=O)N1CCC(OC2CCN(C3CC3)CC2)CC1,,,,-3.517126416391246,1.7481880270062005,2.5825178836040625,-4.684869682816398,0.1492191126553798,2.0
CCn1ncc(C#Cc2cncs2)c1C(=O)N1CCC(Oc2cncc(Cl)c2)CC1,,,,-5.138465589140962,2.52270499273475,3.020816887028907,-4.984640244590786,-0.0969100130080563,3.5
Cn1ncc(C#Cc2cncs2)c1C(=O)N1CCN(Cc2cncc(Cl)c2)CC1,,,,-4.094204119632131,2.458033192496506,3.282327499238526,-4.667157733005649,-0.0604807473813814,2.3
CCn1ncc(C#Cc2cncs2)c1C(=O)N1CCN(Cc2cncc(Cl)c2)CC1,,,,-4.950781977329818,2.941312625360662,3.5567606809456107,-4.57577192930402,-0.1804560644581313,2.7
COc1cc2ocnc2cc1-c1cc(C(=O)N2CCN(c3ccc(Cl)cc3)CC2)[nH]n1,,,,-7.131943638176958,1.1931245983544616,2.575534218319864,-5.777283528852417,0.0453229787866574,4.0
COc1cc2ocnc2cc1-c1cc(C(=O)N2CCN(c3ccc(Cl)cn3)CC2)[nH]n1,,,,-7.080921907623926,1.2833012287035497,2.6553305580093407,-5.8297382846050425,-0.1366771398795441,3.4
O=C(c1n[nH]cc1C#Cc1cncs1)N1CCC(CN2CCOCC2)CC1,-1.1858610543828894,-4.858805152060563,,-3.6439741428068775,1.2479732663618066,2.299725153975637,-5.1095789811990855,0.4409090820652177,1.1
O=C(c1n[nH]cc1C#Cc1cncs1)N1CCC(CN2CCC(F)(F)CC2)CC1,1.5231373036116729,2.015356432474766,,-5.0996328713435295,2.1670217957902564,2.9360107957152097,-4.744004273277598,0.093421685162235,2.2
O=C(c1n[nH]cc1-c1ccc2ncsc2c1)N1CCN(CC2CCOCC2)CC1,-0.1161303378418814,-0.2419737847053474,,-3.5361070110140926,1.1583624920952498,2.2079035303860515,-5.563837352959244,0.8915374576725644,1.1
COc1cncc(CN2CCN(Cc3n[nH]c4cccnc34)CC2)c1,,,,-3.527243550682788,1.1986570869544226,2.8258802989361795,-5.496209316942819,0.8055008581584001,1.2
COc1ccc(C(F)(F)F)c2c1cc1c(=O)n(CCCN3CCCCC3)ccn12,,,,-4.150580586203101,1.469822015978163,2.693023067923694,-4.827105302247824,-0.1307682802690238,3.2
COc1c(Cl)ccc2c1[nH]c1c(=O)n(CCCN3CCCCC3)ccc12,4.119037174812478,5.595715597400622,,-4.150580586203101,0.8920946026904804,2.6942541120252783,-4.884722408604099,-0.1739251972991735,2.6
COc1c(Cl)ccc2c3cc[nH]c(=O)c3n(CCCN3CCCCC3)c12,,,,-4.114638779968488,1.5943925503754266,3.468790262099611,-4.822175028135319,-0.1804560644581313,2.3
Cn1ccc2c([nH]c3cc(OCCN4CCCCC4)ccc32)c1=O,1.5645131005259127,1.9523255680115128,,-4.09799710864927,1.130333768495006,2.9002578584377776,-4.465339424171556,-0.3665315444204134,1.8
COc1ccc(C(F)(F)F)c2[nH]c3c(=O)n(CCCN4CCCCC4)ccc3c12,,,,-4.149966742310231,1.212187604403958,3.109139643904016,-4.874193541860473,0.1398790864012364,3.1
COc1ccc(C(F)(F)F)c2c1c1cc[nH]c(=O)c1n2CCCN1CCCCC1,,,,-4.261219441515631,1.5658478186735176,3.0681116170273035,-5.038578905933552,0.0,3.2
COc1ccc2c(c1)[nH]c1c(C(=O)NCCCN3CCCCC3)ncnc12,,,,-4.101274818410507,0.8920946026904804,2.0633333589517497,-4.829444941478791,0.0644579892269184,1.8
O=c1c2[nH]c3ccsc3c2ncn1CCCN1CCCCC1,,,,-4.086716098239582,2.358886204405869,2.332842266994352,-4.6048484084954575,-0.1739251972991735,1.0
COc1c(F)ccc2c1[nH]c1c(=O)n(CCCN3CCCCC3)ccc12,,,,-4.078313524516398,1.0374264979406236,2.638089721984506,-4.599289363226768,-0.3279021420642826,2.1
COc1c(F)ccc2c3cc[nH]c(=O)c3n(CCCN3CCCCC3)c12,,,,-4.125518182300533,1.5843312243675307,3.456198964659237,-4.551602896542232,-0.3279021420642826,2.0
Cc1cc(-c2ccc(OCCN3CCCCC3)cc2)cc2cnccc12,3.944133480398922,5.355481690535997,,-3.6819366650372394,1.307496037913213,2.680698029697635,-5.838631997765025,0.1613680022349748,3.7
Cc1cc(-c2ccc(OCCN3CCCCC3)cc2)c2ccncc2c1,,,,-3.625251653989896,1.7664128471123994,2.534660575828444,-5.718966632752273,0.0606978403536116,3.6
CN1CCN(CCCOc2ccc3sc4c(c3c2)SCCN(C)C4=O)CC1,,,,-3.707743928643524,0.9444826721501688,2.52244423350632,-4.661145253747677,0.1238516409670858,1.7
CC(=O)N[C@@H](C)COc1ccc2sc3c(c2c1)SCCN(C)C3=O,,,,-4.221125527997261,0.8260748027008264,1.8573324964312683,-4.825358807339551,0.359835482339888,2.1
C[C@H](COc1ccc(-c2ccc3ccncc3c2)cc1)CC(N)=O,,,,-5.266000713461613,1.1238516409670858,3.093561757565289,-5.238072161579471,-0.00436480540245,3.4
C[C@@H](COc1ccc(-c2ccc3ccncc3c2)cc1)CC(N)=O,,,,-5.342944147142896,0.7558748556724915,2.670616886400325,-5.078313524516398,0.0606978403536116,3.5
COc1cc2cccc(Nc3cccc(-c4cccnc4)n3)c2cn1,,,,-5.950781977329818,1.765668554759014,3.0514226660890347,-5.304518323509803,0.1303337684950061,3.9
Fc1cc2ccncc2cc1-c1ccc(OCCN2CCCC2)cc1,,,,-3.701146923590293,0.7993405494535817,3.073168262265101,-4.9694002780340485,0.1205739312058498,2.6
COc1cc2ccncc2cc1-c1ccc(OCCN2CCCC2)cc1,,,,-3.6516951369518393,1.1072099696478683,2.73870130043471,-4.91829272990265,-0.1191864077192086,2.3
CN(c1cn(CC2CCNCC2)cn1)c1cccc(-c2cccc(F)c2)n1,,,,-3.742321425130816,0.0,1.8247764624755456,-5.528708288941061,0.6074550232146685,0.8
Fc1ccccc1-n1ccc(Nc2ccc(OCCCN3CCCC3)cc2)n1,,,,-3.6439741428068775,0.8633228601204559,2.071882007306125,-5.172630726946175,-0.1804560644581313,2.4
Fc1cccc(-n2ccc(Nc3ccc(OCCCN4CCCC4)cc3)n2)c1,3.178053830347945,5.741399338227514,,-3.712198270069774,0.4313637641589873,2.182129214052998,-5.36251027048749,-0.1870866433571444,2.5
c1cncc(-n2ccc(Nc3ccc(OCCCN4CCCC4)cc3)n2)c1,,,,-3.612610173661271,0.5910646070264992,2.0791812460476247,-4.604673606930649,-0.0809219076239261,1.3
C[C@@H](CN(C)C)NC(=O)c1nccc2ccc(-c3ccc(OCCN4CCCCC4)cc3)cc12,,,,-3.617982957425132,1.2201080880400552,1.8115750058705933,-5.931814138253839,0.2095150145426309,1.6
C[C@H](CN(C)C)NC(=O)c1nccc2ccc(-c3ccc(OCCN4CCCCC4)cc3)cc12,,,,-3.636388020107856,0.7634279935629372,1.9503648543761232,-5.804100347590766,0.3636119798921443,1.7
O=C(Cn1cccc(Nc2nccc(-c3cccnc3)n2)c1=O)N1CCC1,,,,-3.605548319173784,0.0,1.9304395947667,-4.766496239658865,0.2671717284030138,1.3
O=C(Cn1cccc(Nc2cc(-c3cccnc3)ccn2)c1=O)N1CCC1,,,,-3.6595558851598815,0.0,1.7781512503836436,-4.773915884024176,0.3242824552976926,1.5
O=C(Cn1cccc(Nc2cccc(-c3cccnc3)n2)c1=O)N1CCOCC1,,,,-5.557520230935552,0.4771212547196624,1.8686444383948255,-4.648977147415876,0.1931245983544616,1.6
CN1CCN(C(=O)Cn2cccc(Nc3cccc(-c4cccnc4)n3)c2=O)CC1,,,,-3.679853713888946,1.1789769472931697,2.350441856535061,-5.080921907623926,0.6304278750250238,1.5
Fc1cccc(-c2ccnc(Nc3ccc(CCN4CC(F)(F)C4)cc3)n2)c1,,,,-7.013228265733755,1.6138418218760693,2.8141809810401868,-7.522878745280337,-0.585026652029182,4.4
Fc1cccc(-c2ccnc(Nc3ccc(CCN4CC(F)(F)C4)cn3)n2)c1,,,,-6.1095789811990855,1.4885507165004443,2.6610550848533787,-5.366531544420414,-0.0555173278498313,3.8
CC(C)NCCOc1ccc(-c2cc3cnccc3cn2)cc1,,,,-3.619788758288394,0.414973347970818,3.18366835736002,-4.590912630552165,0.0334237554869497,1.3
c1ncc2cc(-c3ccc(OCCN4CCNCC4)cc3)ccc2n1,,,,-3.653647025549361,1.3324384599156054,2.535547279176668,-4.9657727392294495,0.2278867046136735,0.6
c1cc(-c2ccc3cnncc3c2)ccc1OCCN1CCNCC1,,,,-3.632644078973981,1.4983105537896004,1.8767949762007008,-5.30189945437661,0.6580113966571124,0.0
COc1ccc(-c2cc(NC3CCN(Cc4cncc(Cl)c4)CC3)n[nH]2)c(OC)c1,,,,-3.677780705266081,2.361538971269279,3.100232651964506,-4.96818772866963,-0.2291479883578558,3.2
O=C(c1n[nH]c2cnc(-c3ccccc3)nc12)N1CCC(OC2CCN(C3CC3)CC2)CC1,,,,-3.600326278518962,1.5987905067631152,2.7781512503836434,-4.90204892900585,0.2718416065364989,2.5
O=C(c1n[nH]c2cnc(-c3ccccc3)nc12)N1CCC(Oc2ccc(Cl)cc2)CC1,,,,-6.7447274948966935,0.0,1.5932860670204574,-7.301029995663981,0.3765769570565119,4.7
O=C(c1n[nH]c2cc(-c3ccccn3)cnc12)N1CCC(Oc2ccc(Cl)cc2)CC1,,,,-6.434152181326483,0.0,2.398460849608224,-6.769551078621726,0.250420002308894,3.9
O=C(c1n[nH]c2cc(-c3ccccn3)cnc12)N1CCC(Oc2cncc(Cl)c2)CC1,,,,-5.73754891026957,1.294466226161593,2.938919812244772,-5.464705879957229,0.9503648543761232,2.9
Clc1cncc(C2CCN(Cc3n[nH]cc3-c3ccc4ncsc4c3)CC2)c1,,,,-3.87942606879415,2.1760912590556813,3.234289446933935,-4.905878404159439,-0.0861861476162833,3.5
c1nc2ccc(-c3c[nH]nc3CN3CCC(c4cnnc(C5CC5)c4)CC3)cc2s1,,,,-3.5654310959658013,1.8959747323590648,2.770852011642144,-4.969805214643249,0.4608978427565479,2.8
Cc1[nH]nc(C(=O)N2CCC(OC3CCN(C4CC4)CC3)CC2)c1C#Cc1ccccn1,,,,-3.578396073130169,1.1430148002540952,2.467756051244033,-5.628932137728264,1.242292904982931,1.8
Cc1[nH]nc(C(=O)N2CCC(OC3CCN(C4CC4)CC3)CC2)c1C#Cc1cccnn1,,,,-3.540607512240769,0.4913616938342727,1.7774268223893113,-6.200659450546418,1.2683439139510646,1.2
COc1cc2ocnc2cc1-c1cc(C(=O)N2CCC(Oc3cncc(Cl)c3)CC2)[nH]n1,,,,-5.6307841425898575,1.3979400086720375,2.4923412532549745,-5.193141970481182,0.1553360374650618,3.4
COc1cncc(OC2CCN(C(=O)c3cc(-c4cc5ncoc5cc4OC)n[nH]3)CC2)c1,,,,-5.407823242604133,1.5786392099680724,2.651762447380111,-5.112382699664264,0.3222192947339193,2.9
COc1cc2ocnc2cc1-c1cc(C(=O)N2CCC(OC3CCN(C4CC4)CC3)CC2)[nH]n1,,,,-4.17134010346468,1.3364597338485296,2.569724949226159,-4.8996294548824375,0.414973347970818,2.2
CCC(=O)N1CCN(C(=O)c2n[nH]cc2-c2ccc3ncsc3c2)CC1,,,,-3.6216020990518634,0.568201724066995,1.1139433523068367,-5.752026733638194,0.7781512503836436,0.8
O=C(c1n[nH]cc1C#Cc1cncs1)N1CCN(CC2CCOCC2)CC1,,,,-3.557520230935552,1.209515014542631,2.2902572693945182,-5.00788851221305,0.3838153659804312,1.3
O=C(c1n[nH]cc1C#Cc1cncs1)N1CCC(CN2CCCCC2)CC1,,,,-3.6216020990518634,0.7481880270062004,1.9508514588885464,-5.29929628285498,0.5224442335063199,0.6
O=C(c1n[nH]cc1-c1ccc2ncsc2c1)N1CCC(OC2CCN(CC(F)(F)F)CC2)CC1,,,,-3.570247719997592,1.8959747323590648,3.21034527775002,-4.851705902565255,0.2576785748691845,2.3
O=C(c1n[nH]cc1-c1ccc2ncsc2c1)N1CCC(OC2CCN(CC(F)F)CC2)CC1,,,,-3.5850266520291822,1.6354837468149122,3.038818787373656,-4.96818772866963,0.2966651902615311,1.8
O=C(c1n[nH]cc1-c1ccc2ncsc2c1)N1CCC(OC2CCN(CCF)CC2)CC1,,,,-3.730487055782084,1.1238516409670858,2.450249108319361,-5.79317412396815,0.9410142437055696,1.2
O=C(c1n[nH]cc1-c1ccc2ncsc2c1)N1CCC(CN2CCCCC2)CC1,,,,-3.576754126063192,0.041392685158225,2.137037454789513,-5.7121982700697735,0.8234742291703011,0.5
Clc1ccc(N2CCN(Cc3n[nH]c4cccnc34)CC2)nc1,,,,-4.510041520575165,1.0569048513364727,3.452706226511029,-4.562407967746038,-0.1191864077192086,2.6
O=C(c1n[nH]c2cccc(Cl)c12)N1CCC(Oc2cncc(Cl)c2)CC1,,,4.394044296367315,-3.632644078973981,1.416640507338281,2.186673867499745,-5.067526235322847,0.0128372247051722,3.3
O=C(c1n[nH]c2ccc(Cl)cc12)N1CCC(Oc2cncc(Cl)c2)CC1,,,,-6.09799710864927,1.0086001717619175,2.092018470752797,-5.5003129173815966,-0.0915149811213502,3.9
O=C(c1n[nH]c2cc(Cl)ccc12)N1CCC(Oc2cncc(Cl)c2)CC1,,,,-5.903089986991944,1.0453229787866574,2.227629649571009,-5.230622673923862,-0.0809219076239261,3.8
O=C(c1n[nH]c2ccc(Cl)nc12)N1CCC(Oc2cncc(Cl)c2)CC1,,,,-5.114073660198569,0.0,2.0211892990699383,-5.133122185662502,0.5276299008713387,2.7
O=c1cc2cccc(Nc3cccc(-c4cccnc4)n3)c2c[nH]1,2.526809141442009,3.525331612085839,,-5.555955204081924,1.130333768495006,2.711975854351756,-4.815308569182402,0.1553360374650618,2.7
c1cnc2cc(-n3ccc(OCC4CNC4)n3)ccc2c1,,,,-3.623423042943488,0.3010299956639812,2.256236533205923,-4.949620243738543,0.3820170425748684,0.3
c1ccc(-n2cc(Nc3ccc(OCCCN4CCCC4)cc3)cn2)nc1,,,,-3.6757175447023074,1.276461804173244,1.9689496809813425,-4.707522406332216,0.0755469613925307,1.7
FC1(F)CN(CCc2ccc(Nc3ccn(-c4cccnc4)n3)cc2)C1,,,,-4.950781977329818,1.5211380837040362,3.0,-4.501138311007116,-0.0757207139381183,3.2
Fc1cccc(-n2ccc(Nc3ccc(CCN4CC(F)(F)C4)cc3)n2)c1,,,,-6.452225294612178,1.4471580313422192,2.52865964523499,-5.892790030352131,0.1205739312058498,4.3
c1cc2ccc(-c3ccc(CCCN4CCCCC4)cc3)cc2cn1,,,,-3.665546248849069,0.9030899869919436,2.8745977687032,-5.245651664288981,0.1367205671564068,2.9
C[C@@H](CN(C)C)NC(=O)c1nccc2ccc(-c3ccc(OCCN4CCC(F)(F)CC4)cc3)cc12,,,,-3.749579997691106,1.57978359661681,2.2065560440990297,-6.431798275933005,0.5943925503754267,3.2
C[C@H](CN(C)C)NC(=O)c1nccc2ccc(-c3ccc(OCCN4CCC(F)(F)CC4)cc3)cc12,,,,-3.7878123955960414,1.5809249756756194,2.289811839117621,-6.7447274948966935,0.7126497016272114,3.2
CN1CCC(C(F)(F)c2ccc(N(C)c3cccc(-c4cccnc4)n3)cc2)CC1,,,,-4.423658649794207,1.9758911364017928,3.320935195468595,-6.698970004336019,0.5820633629117087,3.7
CC(C)NCCOc1ccc(-c2ccc3ncncc3c2)cc1,,,,-3.6556077263148894,0.0,2.9085922388475693,-4.815024809301739,0.1172712956557642,1.4
c1cc2ccc(-c3ccc(OCCN4CCNCC4)cc3)nc2cn1,,,,-3.679853713888946,0.0,1.9647309210536292,-4.964970717797632,0.2576785748691845,0.7
CC(C)NCCOc1ccc(-c2ccc3ccncc3n2)cc1,,,,-3.714442690992226,0.0,2.517327882294373,-4.79317412396815,0.0755469613925307,1.4
c1cc2ncc(-c3ccc(OCCN4CCNCC4)cc3)cc2cn1,,,,-3.8068754016455375,0.255272505103306,2.03261876085072,-5.076755981369724,0.4668676203541095,0.6
c1cc2cnc(-c3ccc(OCCN4CCNCC4)cc3)cc2cn1,,,,-3.6458915608525992,0.0,2.3896975482063856,-4.900664722314042,0.2278867046136735,0.7
c1cc2ccc(-c3ccc(OCCN4CCC4)cc3)cc2cn1,,,,-3.6757175447023074,0.8388490907372553,3.3305152321703284,-4.985059650207064,0.0293837776852096,2.2
COC1CN(CCOc2ccc(-c3ccc4ccncc4c3)cc2)C1,,,,-4.249491605148654,1.0969100130080565,2.709778601848225,-5.092588639225414,0.1205739312058498,3.2
COC1(C)CN(CCOc2ccc(-c3ccc4ccncc4c3)cc2)C1,,,,-3.774690718274137,1.3617278360175928,2.40840957846843,-5.0101054362812265,0.0293837776852096,3.4
c1cc2ccc(-c3ccc(OCCN4CC5(CCO5)C4)cc3)cc2cn1,,,,-3.714442690992226,1.3242824552976926,2.64738297011462,-5.004803708402821,-0.1249387366082999,3.1
C[C@@H]1CN(CCOc2ccc(-c3ccc4ccncc4c3)cc2)C[C@H](C)O1,,,,-4.823908740944319,1.9561684304753637,2.7168377232995247,-5.265200170411153,0.0,4.1
c1ccc(-n2ccc(Nc3ccc(OCCCN4CCOCC4)cc3)n2)nc1,,,,-5.142667503568732,1.2648178230095364,2.249931756634195,-4.931443104927637,-0.1426675035687315,3.1
c1cc(-c2ccc3cnsc3c2)ccc1OCCN1CCOCC1,,,,-4.735182176990463,1.4199557484897578,2.6483600109809315,-5.134896025358872,-0.1870866433571444,3.6
Clc1cc(CN2CCOCC2)ccc1Nc1nccc(-c2ccnnc2)n1,,,,-3.694648630553376,0.9444826721501688,2.3725438007590705,-4.537751784645002,-0.0757207139381183,2.2
Cc1cc(-c2ccc3ccncc3c2)ccc1OCCN1CCOCC1,,,,-4.716698771296451,1.4927603890268375,2.976670880624811,-5.522878745280337,-0.0506099933550872,3.9
O=C(c1n[nH]c2ccc(-c3ccccn3)nc12)N1CCC(Oc2ccc(Cl)cc2)CC1,,,,-4.903089986991944,0.414973347970818,2.366236123718293,-6.161150909262744,0.5786392099680724,4.0
O=C(c1n[nH]c2cnc(-c3ccccc3)nc12)N1CCC(Oc2cncc(Cl)c2)CC1,,,,-4.698970004336019,1.0969100130080565,2.269045709657623,-5.866461091629782,0.5976951859255123,3.7
COc1ccc(Nc2nccc(N(CCCc3ccncc3)C3CC3)n2)cc1,,,,-5.465973893943865,2.7083359026822635,3.435732912484542,-5.563837352959244,0.0086001717619175,3.8
COc1ncc(Oc2cccc(N(CCc3ccncc3)C3CC3)c2)cn1,,,,-5.283162276700476,2.924020700474068,3.5381840008582675,-4.991399828238083,-0.1487416512809247,3.8
CN1[C@@H]2CC[C@H]1C[C@H](OC1CCN(C(=O)c3n[nH]cc3-c3ccc4ncsc4c3)CC1)C2,,,,-3.5243288116755704,0.1139433523068367,1.57978359661681,-6.508638306165727,0.534026106056135,-0.6
CN1[C@@H]2CC[C@H]1C[C@@H](OC1CCN(C(=O)c3n[nH]cc3-c3ccc4ncsc4c3)CC1)C2,,,,-3.54515513999149,0.0791812460476248,1.857935264719429,-6.3979400086720375,0.4608978427565479,-0.5
O=C(c1n[nH]cc1C#Cc1ncccn1)N1CCC(OC2CCN(C3CC3)CC2)CC1,,,,-3.5331323796458904,0.414973347970818,2.307923703611882,-6.096910013008056,1.2893659515200318,0.8
Cc1[nH]nc(C(=O)N2CCC(OC3CCN(C4CC4)CC3)CC2)c1C#Cc1cncnc1,,,,-3.5243288116755704,1.403120521175818,2.329397879361043,-5.336299074610352,0.7551122663950712,1.5
O=C(c1n[nH]cc1C#Cc1ncccn1)N1CCC(Oc2ccc(Cl)cc2)CC1,,,,-5.068033885271827,0.7781512503836436,2.149834696715785,-5.401209493236885,0.4065401804339551,3.0
COc1cc2ocnc2cc1-c1cc(C(=O)N2CCC(OC3CCN(C4CC4)CC3)CC2)n(C)n1,,,,-3.549750891680639,1.3673559210260189,2.148602654806093,-4.709742730605482,-0.0861861476162833,2.2
CCn1cc(-c2ccc3ncsc3c2)c(C(=O)N2CCC(OC3CCN(C4CC4)CC3)CC2)n1,,,,-3.527243550682788,1.6875289612146342,2.593618308129536,-4.9051796196452,0.220108088040055,1.9
CCn1ncc(-c2ccc3ncsc3c2)c1C(=O)N1CCC(OC2CCN(C3CC3)CC2)CC1,,,,-3.5543957967264026,2.0342272607705505,2.979457318097848,-4.681936665037238,0.0253058652647702,2.3
COc1cc2ocnc2cc1-c1cc(C(=O)N2CCC(OC3CCN(C)CC3)CC2)[nH]n1,,,,-3.543633966870957,0.0,0.0,-5.812479279163537,1.1589652603834102,0.5
Clc1cncc(O[C@H]2C[C@H]3CC[C@@H](C2)N3Cc2n[nH]c3cccnc23)c1,,,,-3.5686362358410126,1.0043213737826426,2.3422252293607904,-4.936291440608582,0.2600713879850748,2.3
Clc1cncc(O[C@@H]2C[C@H]3CC[C@@H](C2)N3Cc2n[nH]c3cccnc23)c1,,,,-4.425968732272281,1.436162647040756,3.032135046879901,-4.576426480267265,0.1702617153949573,2.3
COc1cncc(CN2CCN(C(=O)c3n[nH]c4cccnc34)CC2)c1,,,,-3.5466816599529625,0.0,2.4671639659690903,-5.97469413473523,1.2124539610402758,0.7
O=C(c1n[nH]c2cccnc12)N1CCN(c2ccc(Cl)cn2)CC1,,,,-4.735182176990463,0.0,1.8444771757456813,-4.975925012692573,0.5327543789924978,2.2
COc1cncc(OC2CCN(C(=O)c3n[nH]c4cc(-c5ccccn5)cnc34)CC2)c1,,,,-5.2343314452409855,1.5705429398818975,2.928856533581911,-6.045757490560675,1.5962671263955153,2.3
COc1cncc(OC2CCN(C(=O)c3cc(-c4ccn5nccc5c4)n[nH]3)CC2)c1,3.0094673019441425,3.0139415423009845,,-5.872895201635193,1.6424645202421213,2.322219294733919,-5.062983892535186,0.367355921026019,3.2
COc1cncc(OC2CCN(C(=O)c3cccc4[nH]cnc34)CC2)c1,,,,-3.539102157243452,1.0681858617461617,2.4217684012069243,-5.096367483915762,0.6020599913279624,1.8
O=C(c1cccc2[nH]cnc12)N1CCN(Cc2ccc(Cl)c(F)c2)CC1,,,,-3.508638306165728,1.290034611362518,2.2281436075977417,-4.573651426212493,-0.0457574905606751,2.8
O=C(c1n[nH]c2c(Cl)cccc12)N1CCC(Oc2cncc(Cl)c2)CC1,4.119037174812478,4.575115182227561,,-4.3851027839668655,1.1205739312058498,2.3113299523037933,-5.1938200260161125,-0.0362121726544447,4.0
O=C(c1n[nH]c2c(F)cccc12)N1CCC(Oc2cncc(Cl)c2)CC1,,,,-5.341988603342887,1.0453229787866574,2.17376882313665,-5.028724151261895,0.0128372247051722,3.6
COc1ccc(-c2cc(C(=O)N3CCC(OC4CCOCC4)CC3)[nH]n2)c(OC)c1,,,,-4.171984935776023,0.8864907251724818,2.563599728881531,-4.931443104927637,0.2380461031287954,2.4
COc1ccc(-c2cc(C(=O)N3CC[C@@H](Oc4ccc(F)cc4)C3)[nH]n2)c(OC)c1,,,,-6.173277479831008,1.5877109650189114,2.5056925074122,-6.173925197299173,0.0606978403536116,3.9
COc1ccc(-c2cc(C(=O)N3CC[C@H](Oc4ccc(F)cc4)C3)[nH]n2)c(OC)c1,,,,-5.728158393463501,2.1149444157125847,2.55303301620244,-6.2076083105017466,0.0,3.9
COc1ccc(-c2cc(C(=O)N3CC[C@H](Oc4ccccc4)C3)[nH]n2)c(OC)c1,,,,-6.189767482004916,2.2555137128195333,2.694429690957083,-5.649751981665837,0.1673173347481761,3.8
COc1ccc(-c2cc(C(=O)N3CC[C@@H](Oc4ccccc4)C3)[nH]n2)c(OC)c1,,,,-6.278189384787454,1.8709888137605752,2.5678494505731067,-5.97469413473523,0.0681858617461616,3.8
COc1ccc(-c2cc(C(=O)N3CC[C@@H](OC)C3)[nH]n2)c(OC)c1,,,,-3.5543957967264026,1.3263358609287514,2.160468531119037,-4.562090964460501,-0.0604807473813814,2.1
COc1ccc(-c2cc(C(=O)N3CC[C@H](OC)C3)[nH]n2)c(OC)c1,,,,-3.557520230935552,1.2041199826559248,2.3057811512549824,-4.565271458220242,-0.1426675035687315,2.1
COc1ccc(-c2cc(C(=O)N3CCC(Oc4ncccc4F)CC3)[nH]n2)c(OC)c1,,,,-6.2225731776106885,1.08278537031645,2.9380190974762104,-5.416801226031377,0.1072099696478683,3.8
Fc1cc(OCCN2CCCC2)ccc1-c1ccc2ccncc2c1,,,,-3.677780705266081,0.7323937598229685,2.930949031167523,-5.05700040663396,0.0453229787866574,3.0
NC(=O)Cc1cccc(Nc2nccc(-c3cccnc3Cl)n2)n1,,,,-4.675717544702307,0.7923916894982539,2.3991543339582164,-4.718512112059919,0.1958996524092337,1.5
NC(=O)Cc1cccc(Nc2nccc(-c3ccnnc3)n2)n1,,,,-5.17134010346468,0.0,2.479143247978613,-5.872895201635193,1.203304916138483,0.2
CNC(=O)Cc1cccc(Nc2nccc(-c3ccnnc3)n2)n1,,,,-4.924453038607469,0.0,2.048053173115609,-5.645891560852599,1.0920184707527971,0.7
CN(C)C(=O)Cn1cccc(Nc2cccc(-c3cccnc3)n2)c1=O,,,,-4.3979400086720375,0.9731278535996988,2.113943352306837,-4.608888386297197,0.0606978403536116,1.7
O=C(Cn1cccc(Nc2cccc(-c3cccnc3)n2)c1=O)N1CCC(F)(F)CC1,,,,-6.292429823902063,1.808210972924222,2.893817223967463,-4.985899678480379,-0.1549019599857432,2.8
O=C(Cn1cccc(Nc2cccc(-c3cccnc3)n2)c1=O)N1CC(F)(F)C1,,,,-5.835647144215563,1.4409090820652175,2.534787358629492,-4.859177819890689,-0.0915149811213502,2.3
Fc1cccc(-c2ccnc(Nc3ccc(CCN4CC(F)(F)C4)nc3)n2)c1,,,,-5.226213555018807,2.101403350555331,3.353858551860327,-5.075720713938118,0.0086001717619175,3.7
CC(=O)NCc1cccc(Nc2cccc(-c3cccnc3)n2)n1,,,,-3.679853713888946,0.9542425094393248,2.4075608494863627,-4.616723349592349,0.0681858617461616,2.3
c1cc2ccc(-c3ccc(OCCN4CC5(COC5)C4)cc3)cc2cn1,2.442347035369205,4.010596496307103,,-3.649751981665837,1.1205739312058498,2.418301291319745,-5.0835460514500745,0.1139433523068367,2.8
CC1(C)CN(CCOc2ccc(-c3ccc4ccncc4c3)cc2)CCO1,,,,-4.714442690992226,1.916453948549925,2.566201718854913,-5.673664139071248,0.0899051114393979,4.1
CC1(C)COCCN1CCOc1ccc(-c2ccc3ccncc3c2)cc1,,,,-4.790484985457369,1.9628426812012425,2.6015167836500104,-5.675717544702308,0.08278537031645,4.1
Cn1ncc2cc(-c3ccc(OCCN4CCOCC4)cc3)ccc21,,,,-4.6307841425898575,1.4756711883244296,2.460296326757476,-4.817870785947002,-0.1549019599857432,3.2
Cn1cc2cc(-c3ccc(OCCN4CCOCC4)cc3)ccc2n1,,,,-4.105130343254747,0.8808135922807914,2.1354506993455136,-4.6010189333418685,-0.1249387366082999,2.8
Cn1cc2ccc(-c3ccc(OCCN4CCOCC4)cc3)cc2n1,,,,-3.749579997691106,1.100370545117563,1.884228769632604,-4.750312572194699,-0.1249387366082999,2.8
Cn1cnc2cc(-c3ccc(OCCN4CCOCC4)cc3)ccc21,,,,-3.9430951486635273,0.6812412373755872,1.884795363948981,-4.717151397165355,-0.1023729087095585,2.6
Cn1cnc2ccc(-c3ccc(OCCN4CCOCC4)cc3)cc21,,,,-3.6458915608525992,0.6901960800285137,2.3684728384403617,-4.684239509334265,-0.1079053973095195,2.5
c1cc(-c2ccn3cncc3c2)ccc1OCCN1CCOCC1,,,,-3.6989700043360183,1.3463529744506386,2.4222614508136027,-4.758453519403451,0.0791812460476248,2.7
Cn1ncc2ccc(-c3ccc(OCCN4CCOCC4)cc3)cc21,,,,-3.9355420107730814,1.0128372247051722,3.043833654133147,-4.97469413473523,0.0899051114393979,3.2
Cc1c(N)c(-c2ccc(OCCN3CCOCC3)cc2)cc2cnccc12,2.164326873829161,2.8004474746814103,,-4.139063379299906,1.6541765418779606,2.530199698203082,-5.131943638176958,-0.0457574905606751,2.8
Fc1cc(-c2ccc3ccncc3c2)c(F)cc1OCCN1CCOCC1,3.999219550458301,4.625882042017915,,-4.481486060122113,1.5854607295085006,2.690196080028514,-5.133712660915805,0.08278537031645,3.7
Fc1cc(CN2CCOCC2)ccc1Nc1nccc(-c2ccnnc2)n1,,,,-3.6439741428068775,0.8864907251724818,2.4650852875574327,-4.438898616350944,-0.0969100130080563,1.8
Cc1cc(CN2CCOCC2)ccc1Nc1nccc(-c2ccnnc2)n1,,,,-3.6516951369518393,1.0,2.452859335795852,-4.534468443026451,-0.0087739243075051,1.4
COc1cc(CN2CCOCC2)ccc1Nc1nccc(-c2ccnnc2)n1,,,,-3.627087997029893,0.9912260756924948,2.2915908256580013,-4.681727919788373,0.2304489213782739,1.9
Cc1cc(Nc2nccc(-c3ccnnc3)n2)ccc1CN1CCOCC1,,,,-4.090979145788844,1.3673559210260189,2.447468130949756,-4.416008200801683,-0.0315170514460648,2.2
COc1cc(Nc2nccc(-c3ccnnc3)n2)ccc1CN1CCOCC1,,,,-3.6716203965612624,1.0569048513364727,2.887279634530023,-4.7920964696139485,0.3783979009481377,1.7
COc1cc(-c2ccc3ccncc3c2)ccc1OCCN1CCOCC1,,,,-4.245651664288981,1.4885507165004443,2.7075701760979363,-4.95703092660682,0.2068258760318497,3.0
Cc1cc(OCCN2CCOCC2)ccc1-c1ccc2ccncc2c1,,,,-3.958607314841775,1.4440447959180762,2.6732052817790453,-5.0695604052333,0.0293837776852096,3.7
O=C(c1n[nH]c2cncnc12)N1CCC(Oc2ccc(Cl)cc2)CC1,,,,-5.468521082957745,1.0334237554869496,2.137670537236755,-4.776244546342759,-0.00436480540245,2.5
O=C(c1n[nH]c2nc(-c3ccccc3)ncc12)N1CCC(Oc2cncc(Cl)c2)CC1,,,,-7.744727494896693,1.5943925503754266,2.0090257420869104,-6.455931955649724,-0.494850021680094,4.6
Clc1ccc(N2CCN(Cc3n[nH]cc3-c3ccc4ncsc4n3)CC2)nc1,,,,-4.055517327849832,2.006893707947901,2.902546779313991,-4.829444941478791,-0.1938200260161128,3.5
Clc1ccc(N2CCN(Cc3n[nH]cc3-c3ccc4ncsc4n3)CC2)cc1,,,,-5.400116927926312,1.857935264719429,2.668292710448221,-5.152427340857888,-0.0915149811213502,3.7
Cc1[nH]nc(C(=O)N2CCC(OC3CCN(C4CC4)CC3)CC2)c1C#Cc1ncccn1,,,,-3.623423042943488,0.7558748556724915,1.9084850188786495,-6.42021640338319,1.6269559514354477,1.2
O=C(c1cc(C#Cc2cncs2)n[nH]1)N1CCC(OC2CCN(C3CC3)CC2)CC1,,,,-3.679853713888946,1.5634810853944108,2.5599066250361124,-4.676954264518298,0.1172712956557642,2.3
Clc1cncc(OC2CCN(Cc3n[nH]c4cccnc34)C3(CC3)C2)c1,,,,-5.52432881167557,2.090258052931316,3.3154665234956533,-4.605723473232179,-0.0362121726544447,3.0
Cc1ccc2[nH]nc(C(=O)N3CCC(Oc4cncc(Cl)c4)CC3)c2n1,,,,-3.6595558851598815,0.0,1.9068735347220704,-5.319664486585437,0.9637878273455552,2.3
COc1cncc(OC2CCN(C(=O)c3cc(-c4cc5ncn(C)c5cc4OC)n[nH]3)CC2)c1,,,,-4.168130225719499,1.2174839442139065,2.421439390220049,-6.3979400086720375,1.9150831016512004,2.5
COc1cc2c(cc1-c1cc(C(=O)N3CCC(Oc4cncc(Cl)c4)CC3)[nH]n1)ncn2C,,,,-5.360513510731414,1.5289167002776547,2.549248556854056,-5.779891911959945,1.2833012287035497,3.1
COc1cncc(OC2CCN(C(=O)c3cc(-c4ccn5cncc5c4)n[nH]3)CC2)c1,,,,-5.226945306635738,1.414973347970818,2.375663613960885,-5.790484985457369,1.3636119798921444,2.8
O=C(c1cccc2[nH]cnc12)N1CCC(Oc2cncc(C(F)(F)F)c2)CC1,,,,-3.6757175447023074,1.0,2.0310042813635367,-4.806041021980813,0.3180633349627615,2.5
O=C(c1cccc2[nH]c(C3CC3)nc12)N1CCC(Oc2cncc(C(F)(F)F)c2)CC1,,,,-3.657577319177794,1.380211241711606,2.3592661646067485,-4.717604495257475,0.2764618041732441,3.3
COc1cccc2c(C(=O)N3CCC(Oc4cncc(Cl)c4)CC3)n[nH]c12,,,,-4.042392712939905,1.3010299956639813,2.5220528008688223,-4.87942606879415,-0.0555173278498313,3.5
O=C(c1cc(-c2ccccc2O)n[nH]1)N1CCC(Oc2ccc(Cl)cc2)CC1,,,,-7.61261017366127,0.8633228601204559,2.512684396217164,-6.721246399047171,0.3283796034387377,4.4
Cc1cc(C#N)cc2c3cc(OCCN4CCC(F)(F)CC4)ccc3n(C)c12,,,,-7.42021640338319,1.977723605288848,3.409848622021192,-7.221848749616356,0.5502283530550941,4.9
CNCCc1cccc(Nc2cccc(-c3cccnc3)n2)n1,,,,-3.552841968657781,2.3521825181113627,2.8003733548913496,-5.274905478918531,0.9365137424788932,0.4
O=C(Cn1cccc(Nc2cccc(-c3cccnc3)n2)c1=O)N1CCNCC1,,,,-3.609064892896621,0.0,1.8819549713396004,-6.638272163982407,1.6652056284346006,0.5
NC(=O)Cc1cccc(Nc2nccc(-c3cnccn3)n2)n1,,,,-4.896196279044043,1.3180633349627615,1.8959747323590648,-5.142064735280571,0.4533183400470376,1.3
CNC(=O)Cc1cccc(Nc2nccc(-c3cnccn3)n2)n1,,,,-5.384049948343599,1.380211241711606,2.2043913319193,-5.021363051615526,0.2671717284030138,1.6
O=C(NCc1cccc(Nc2cccc(-c3cccnc3)n2)n1)C1CCC1,,,,-5.150580586203101,1.7032913781186614,3.0746336182969043,-4.773142429711276,0.1072099696478683,3.3
O=c1cc(Nc2cccc(-c3cccc(F)c3)n2)ccn1CCN1CC(F)(F)C1,,,,-5.213248577854439,1.761927838420529,3.031691168625146,-5.058985756294431,0.2741578492636798,3.5
c1cc2ccc(-c3ccc(OCCC4OCCCO4)cc3)cc2cn1,,,,-5.609064892896621,1.1846914308175989,2.238297067875394,-5.337242168318426,0.0086001717619175,4.0
CS(=O)(=O)Nc1cccc(Nc2cccc(-c3cccnc3)n2)n1,,,,-4.844663962534939,1.2278867046136734,2.4768316285122607,-5.074687908500351,0.6190933306267428,2.1
c1cc(OCCN2CCCCC2)cc(-c2cc(-c3ccncc3)ccn2)c1,,,,-3.5734887386354246,1.4563660331290431,2.8138477542288545,-4.655607726314889,-0.0315170514460648,2.4
Cc1cc(-c2ccncc2)cc(-c2cccc(OCCN3CCCCC3)c2)c1N,,,,-3.576754126063192,1.9268567089496924,2.5596672783880576,-5.537602002101044,0.4281347940287888,3.1
c1cc2ccc(-c3ccc(OCCN4C5CCC4COC5)cc3)cc2cn1,,,,-4.6020599913279625,1.7323937598229686,2.575534218319864,-5.536107011014093,0.4099331233312945,3.6
C[C@H]1CN(CCOc2ccc(-c3ccc4ccncc4c3)cc2)CCO1,,,,-4.127843727251707,1.510545010206612,2.540579716504454,-5.146301788223826,0.1038037209559568,3.7
C[C@@H]1CN(CCOc2ccc(-c3ccc4ccncc4c3)cc2)CCO1,,,,-4.006563769502388,1.4983105537896004,2.5650209283452936,-5.29073003902417,0.173186268412274,3.8
c1cc(-c2ccc3cncn3c2)ccc1OCCN1CCOCC1,1.9459101490553128,2.529731462440225,,-3.649751981665837,1.155336037465062,2.4720246977002813,-4.815024809301739,0.0086001717619175,2.7
c1cc(-c2ccc3sncc3c2)ccc1OCCN1CCOCC1,,,,-4.653647025549361,1.724275869600789,2.760648619581356,-5.347753658996677,0.2671717284030138,3.5
Fc1cc(-c2ccc3ccncc3c2)ccc1OCCN1CCOCC1,,,,-4.217527375833714,1.4913616938342726,2.655042341331202,-4.931443104927637,-0.0315170514460648,3.4
Fc1c(OCCN2CCOCC2)ccc(-c2ccc3ccncc3c2)c1F,,,,-5.142667503568732,1.4014005407815442,2.7388598020722004,-5.332547047110047,0.1643528557844371,3.8
Fc1cc(-c2ccc3ccncc3c2)cc(F)c1OCCN1CCOCC1,,,,-3.872895201635192,1.5888317255942073,2.7641761323903307,-4.761201437286083,-0.2839966563652008,3.1
Fc1cc(OCCN2CCOCC2)ccc1-c1ccc2ccncc2c1,3.8918202981106256,4.545824507879147,,-4.041436116778033,1.3673559210260189,2.654465333520146,-5.021819483062586,-0.0222763947111522,3.7
Fc1cc(OCCN2CCOCC2)cc(F)c1-c1ccc2ccncc2c1,,,,-5.095825631715837,1.3443922736851108,2.7089305358066165,-5.493494967595128,0.4265112613645752,3.7
Fc1cc(Nc2nccc(-c3ccnnc3)n2)ccc1CN1CCOCC1,2.6995485558468904,1.5680118707798036,,-4.204119982655925,0.785329835010767,2.3211840273023143,-4.619426996933113,0.0681858617461616,2.0
Clc1cc(Nc2nccc(-c3ccnnc3)n2)ccc1CN1CCOCC1,2.8060150147989065,2.8060150147989065,,-4.638272163982407,1.6009728956867482,2.5928426831311,-4.572513890904214,-0.1804560644581313,2.6
Clc1cc(-c2ccc3ccncc3c2)ccc1OCCN1CCOCC1,,,,-5.29073003902417,1.615950051656401,2.689131197234498,-5.521433504406157,-0.0132282657337551,4.0
Clc1cc(OCCN2CCOCC2)ccc1-c1ccc2ccncc2c1,,,,-4.417936637088292,1.4771212547196624,2.625106575403468,-5.218244625347531,0.0086001717619175,3.9
COc1cc(OCCN2CCOCC2)ccc1-c1ccc2ccncc2c1,,,,-4.040481623027002,1.4487063199050798,2.4586378490256493,-4.983802646487561,0.0863598306747482,3.3
CN1CCC(N2CCN(C(=O)c3n[nH]cc3-c3ccc4ncsc4c3)CC2)C(F)C1,,,,-3.821023052706831,0.4313637641589873,0.0,-6.42021640338319,0.7708520116421442,-0.2
COc1ccc(-c2cc(C(=O)N3CCC(Oc4ccc(N(C)C)nc4)CC3)[nH]n2)c(OC)c1,,,,-5.404503778174426,2.139249217571607,3.100577302789596,-5.373659632624958,0.1303337684950061,3.7
COc1ccc(-c2c[nH]nc2C(=O)N2CCN(c3cncc(Cl)c3)CC2)c(OC)c1,,,,-6.400116927926312,2.482730700079943,3.377360898781113,-5.235077015350112,0.8475726591421122,2.4
COc1ccc(-c2cc(C(=O)N3CCC(Oc4ncccn4)CC3)[nH]n2)c(OC)c1,,,,-3.785156151952302,0.2041199826559248,2.375663613960885,-4.703334809738469,0.1271047983648076,2.5
COc1ccc(-c2cc(C(=O)N3CCC(Oc4cncc(Cl)n4)CC3)[nH]n2)c(OC)c1,,,,-7.267606240177032,1.5185139398778875,2.5144149205803688,-5.281498311132726,0.08278537031645,3.6
Cc1cccc2[nH]nc(C(=O)N3CCC(Oc4cncc(C5CC5)c4)CC3)c12,,,,-3.9208187539523753,1.7824726241662865,2.625723909525756,-4.999132278468773,0.2430380486862944,3.6
O=C(c1n[nH]c2c(F)cccc12)N1CCC(Oc2cncc(C3CC3)c2)CC1,,,,-5.537602002101044,1.3944516808262162,2.468790262099611,-5.029188389127483,0.0681858617461616,3.8
O=C(c1n[nH]c2cc(OC(F)(F)F)ccc12)N1CCC(Oc2cncc(C3CC3)c2)CC1,,,,-6.005682847330363,1.1846914308175989,2.34713478291002,-6.3872161432802645,0.8082109729242221,4.0
Clc1cncc(OC2CC3(C2)CN(Cc2n[nH]c4cccnc24)C3)c1,,,,-3.6757175447023074,1.0128372247051722,2.6324572921847245,-4.810229043653126,0.4065401804339551,1.9
O=C(c1n[nH]c2cccnc12)N1CC[C@]2(C1)C[C@@H](Oc1cncc(Cl)c1)C2,,,,-4.552841968657781,1.0043213737826426,2.230704313612569,-5.108462542327436,0.7015679850559274,2.3
O=C(c1n[nH]c2cccnc12)N1CC[C@]2(C1)C[C@H](Oc1cncc(Cl)c1)C2,2.863258522487603,2.749763645085093,,-4.657577319177793,1.2253092817258628,2.4340896384178907,-5.600326278518962,0.9074113607745862,2.4
Clc1cncc(O[C@H]2C[C@@]3(CCN(Cc4n[nH]c5cccnc45)C3)C2)c1,,,,-3.6516951369518393,1.8573324964312683,3.1923165047027373,-4.781727146428553,0.3364597338485295,2.4
Clc1cncc(O[C@H]2C[C@]3(CCN(Cc4n[nH]c5cccnc45)C3)C2)c1,,,,-3.619788758288394,1.4969296480732148,2.6816029987308685,-4.777283528852417,0.3364597338485295,2.0
Clc1cncc(O[C@H]2C[C@]3(CCN(Cc4n[nH]c5ccccc45)C3)C2)c1,,,,-3.653647025549361,1.6344772701607315,2.7218106152125467,-4.84955059053912,0.1038037209559568,3.0
Clc1cncc(O[C@H]2C[C@@]3(CCN(Cc4n[nH]c5ccccc45)C3)C2)c1,,,,-3.5816987086802548,1.82020145948564,2.788945727023748,-4.796423225022028,0.0334237554869497,3.3
O=C(c1cc(-c2ccn3nccc3c2)n[nH]1)N1CCC(Oc2cncc(Cl)c2)CC1,,,,-5.562249437179612,1.60959440922522,2.307282047033346,-5.296708621881339,0.437750562820388,3.5
O=C(c1cc(-c2ccn3cncc3c2)n[nH]1)N1CCC(Oc2cncc(Cl)c2)CC1,,,,-4.739928612014925,1.2988530764097066,2.4718781993072905,-5.462180904926726,0.8561244442423003,3.2
O=C(c1cc(-c2ccn3ccnc3c2)n[nH]1)N1CCC(Oc2cncc(Cl)c2)CC1,,,,-4.373659632624958,1.9867717342662448,2.926599653907028,-5.607303046740334,1.236033147117636,3.1
O=C(c1cc(C#Cc2cncs2)n[nH]1)N1CCC(Oc2cncc(Cl)c2)CC1,,,,-5.7544873321858505,1.2068258760318498,1.9304395947667,-5.2076083105017466,0.1760912590556812,3.4
O=C(c1n[nH]c2cccnc12)N1C[C@H]2CC[C@@H](C1)[C@@H]2Oc1cncc(Cl)c1,3.231428290939323,2.8342726661891757,2.6021527726798066,-4.853871964321762,0.8129133566428556,2.111598524880394,-5.053056729302175,0.4517864355242902,2.4
O=C(c1n[nH]c2cccnc12)N1C[C@H]2CC[C@@H](C1)[C@H]2Oc1cncc(Cl)c1,,,,-3.785156151952302,0.1760912590556812,2.021602716028242,-5.096367483915762,0.6839471307515121,2.2
CN(c1cccc(-c2cccnc2)n1)c1cccn(CC(=O)N2CCC2)c1=O,,,,-3.6757175447023074,1.3443922736851108,2.542451947375977,-5.236572006437063,0.6242820958356683,0.9
O=c1cc(Nc2cccc(-c3cccc(F)c3)n2)ccn1CCN1CCC1,,,,-3.707743928643524,0.6334684555795865,2.096562438374136,-5.3585258894959,0.9459607035775686,2.1
O=c1cc(Nc2nccc(-c3cccc(F)c3)n2)cnn1CCN1CC(F)(F)C1,,,,-5.251811972993799,2.052693941924968,3.120146006188112,-4.860120913598763,-0.0506099933550872,3.2
O=c1cc(Nc2nccc(-c3cccc(F)c3)n2)ccn1CCN1CC(F)(F)C1,,,,-3.6989700043360183,1.7671558660821804,2.823148059810694,-4.721475035262983,0.0569048513364725,3.0
Nc1c(-c2ccc(OCCN3CCCCC3)cc2)ccc2ccncc12,,,,-4.368556230986828,0.0,2.5621738633646483,-4.693574972449313,-0.1023729087095585,2.6
Nc1ccc(-c2ccncc2)cc1-c1cccc(OCCN2CCCCC2)c1,,,,-3.703334809738469,1.847572659142112,2.640779477344857,-4.924453038607469,0.0253058652647702,2.7
c1cc2ccc(-c3ccc(OCCN4C5COCC4C5)cc3)cc2cn1,,,,-4.3223930472795065,0.8633228601204559,2.6483600109809315,-4.758702612890007,-0.0809219076239261,3.0
c1cc2ccc(-c3ccc(OCCN4CC5CCC(C4)O5)cc3)cc2cn1,,,,-5.540607512240769,1.810232517995084,2.423245873936808,-5.2335871528876,-0.1739251972991735,4.0
F[C@H]1CCN(CCOc2ccc(-c3ccc4ccncc4c3)cc2)C1,3.944133480398922,4.845800966171399,,-4.761953896871205,1.403120521175818,3.2085219729314334,-4.90204892900585,-0.0915149811213502,3.5
F[C@@H]1CCN(CCOc2ccc(-c3ccc4ccncc4c3)cc2)C1,,,,-4.663540266151471,1.3364597338485296,3.14637613307539,-5.1180450286604,-0.1487416512809247,3.5
CO[C@H]1CCN(CCOc2ccc(-c3ccc4ccncc4c3)cc2)C1,3.178053830347945,4.233092511405525,,-3.785156151952302,1.24551266781415,2.6266482684740105,-5.080921907623926,-0.0409586076789063,3.0
CO[C@@H]1CCN(CCOc2ccc(-c3ccc4ccncc4c3)cc2)C1,,,,-3.712198270069774,1.1583624920952498,2.625003601014864,-4.844056982028163,-0.2291479883578558,3.0
CN1CCN(Cc2cccc(Nc3nccc(-c4cc(F)cc(N5CCOCC5)c4)n3)c2)CC1,,,,-5.029653123769907,1.741939077729199,3.028855809390444,-5.298432014944073,-0.4089353929735008,2.9
Fc1cc(-c2ccnc(Nc3cccc(CN4CCCCC4)c3)n2)cc(N2CCOCC2)c1,,,,-5.216096420727265,1.4265112613645752,3.0226757619537272,-5.72584215073632,0.1553360374650618,3.3
Fc1cc(-c2ccnc(Nc3ccc(CN4CCCCC4)cc3)n2)cc(N2CCOCC2)c1,3.584547216181675,5.492659877227333,,-5.187755303199631,1.714329759745233,3.041905639223649,-5.645891560852599,0.2787536009528289,3.0
CN1CCN(Cc2ccc(Nc3nccc(-c4cc(F)cc(N5CCOCC5)c4)n3)cc2)CC1,3.032022274959193,5.126885454306423,,-4.363512103646634,1.8825245379548805,3.407407901965182,-5.33161408331,-0.0604807473813814,2.9
c1cc(OCCN2CCOCC2)cc(-c2ccc3ccncc3c2)c1,,,,-4.570247719997592,1.7371926427047373,2.9120093755869783,-4.875495775165718,-0.0555173278498313,3.2
Clc1cc2ccncc2cc1-c1ccc(OCCN2CCCCC2)cc1,,,,-4.059981844992337,1.2479732663618066,2.899492196138132,-5.216811308924743,-0.2291479883578558,3.5
O=C(c1n[nH]c2ccc(-c3ccccn3)nc12)N1CCC(Oc2cncc(Cl)c2)CC1,,,,-5.345823458122039,1.665580991017953,2.8521749044203037,,,3.1
O=C(c1n[nH]c2cnc(-c3ccccn3)cc12)N1CCC(Oc2cncc(Cl)c2)CC1,,,,-5.769551078621726,1.4899584794248346,2.753046561626529,,,3.5
Clc1ccc(O[C@@H]2[C@@H]3CC[C@H]2CN(Cc2n[nH]c4cccnc24)C3)cn1,,,,-5.841637507904751,1.824125833916549,2.719993826367604,,,3.1
Clc1cncc(O[C@@H]2[C@@H]3CC[C@H]2CN(Cc2n[nH]c4c(Cl)ccnc24)C3)c1,5.5174528964647065,4.820281565605036,,-4.302770657240282,2.407390904470732,3.4177539344041343,-4.716925025264528,-0.2365720064370627,4.1
Cc1ccc2[nH]nc(CN3C[C@H]4CC[C@@H](C3)[C@@H]4Oc3cncc(Cl)c3)c2n1,4.820281565605036,4.087757256922575,,-4.777283528852417,2.710878617685173,3.4572913391285067,-4.653842697767992,-0.1549019599857432,3.7
COc1ccc(-c2cc(C(=O)N3CCC(OCC(N)=O)CC3)[nH]n2)c(OC)c1,,,,-3.542118103266008,0.1760912590556812,1.130333768495006,,,1.1
Clc1cncc(O[C@@H]2[C@@H]3CC[C@H]2CN(Cc2n[nH]c4nccnc24)C3)c1,,,,-5.6252516539898965,1.9175055095525464,2.834229902851677,-4.716925025264528,-0.0969100130080563,3.2
Clc1cncc(O[C@@H]2[C@@H]3CC[C@H]2CN(Cc2n[nH]c4cncnc24)C3)c1,,,,-4.647817481888637,2.228913405994688,3.0,-4.554707230574028,-0.1079053973095195,3.1
O=C(c1n[nH]c2cccnc12)N1CCC2(CC[C@@H](Oc3cncc(Cl)c3)C2)CC1,3.3167800398495717,3.81796785170251,,-5.120904120499928,1.7693773260761383,2.945813126587338,-5.041914151478915,0.5622928644564748,3.0
O=C(c1n[nH]c2cccnc12)N1CCC2(CC[C@H](Oc3cncc(Cl)c3)C2)CC1,3.1523190081791324,3.412729377935229,,-5.235077015350112,1.6201360549737576,2.751279103983342,-4.8458804744841535,0.3324384599156053,2.9
Clc1cncc(O[C@@H]2[C@@H]3CC[C@H]2CN(Cc2n[nH]c4ncncc24)C3)c1,,,,-5.747146969020107,1.7032913781186614,2.7046651854545294,-4.864231485432177,-0.1135092748275181,3.4
Clc1cncc(O[C@@H]2[C@@H]3CC[C@H]2CN(Cc2n[nH]c4ccc(-c5ccccn5)cc24)C3)c1,,,,-6.422508200162775,2.1522883443830563,3.1943755674822123,-6.508638306165727,0.2405492482825997,4.4
O=C(c1n[nH]cc1C#Cc1cncs1)N1C[C@H]2CC[C@@H](C1)[C@@H]2Oc1cncc(Cl)c1,5.293304824724491,4.636345803456547,4.436397453578424,-5.209714835966758,1.380211241711606,2.287801729930226,-4.966576244513051,0.1760912590556812,3.2
CN1CCC(OC2CCN(Cc3n[nH]cc3-c3ccc4ncsc4c3)CC2)CC1,1.6882964873464208,0.93061480770856,,-3.6345120151091,0.7993405494535817,2.1189257528257768,-5.638272163982407,0.9858753573083936,0.2
O=C(c1n[nH]c2ccccc12)N1C[C@H]2CC[C@@H](C1)[C@@H]2Oc1cncc(Cl)c1,5.109977737428537,5.045036720813594,,-5.208309350979882,1.3010299956639813,2.2624510897304293,-4.975514332300833,-0.1549019599857432,3.8
Clc1cncc(O[C@@H]2[C@@H]3CC[C@H]2CN(Cc2n[nH]c4ccccc24)C3)c1,,,,-5.462180904926726,1.6201360549737576,2.638988159343682,-5.580044251510242,-0.3372421683184259,4.2
Clc1cncc(O[C@@H]2[C@@H]3CC[C@H]2CN(Cc2[nH]ncc2-c2ccc4ncsc4c2)C3)c1,6.906754778648553,6.906754778648553,,-7.4089353929735005,1.714329759745233,2.419625360887743,-6.920818753952375,0.8169038393756602,4.4
O=C(c1[nH]ncc1-c1ccc2ncsc2c1)N1C[C@H]2CC[C@@H](C1)[C@@H]2Oc1cncc(Cl)c1,4.820281565605036,5.234734363600298,,-4.221125527997261,1.9057958803678683,2.1427022457376155,-5.139661993429006,0.3579348470004537,3.4
COc1ccc(-c2cc(C(=O)N3C[C@H]4CC[C@@H](C3)[C@@H]4Oc3cncc(Cl)c3)[nH]n2)c(OC)c1,,,,-6.555955204081924,0.9637878273455552,2.430558769522757,-5.943095148663527,0.2253092817258628,4.4
Cn1ccc2c([nH]c3c(CCN4CCCCC4)cccc32)c1=O,2.843851742261271,2.819113783881644,,-3.593459819566045,1.2380461031287957,1.975431808509263,-4.611543547299734,0.1789769472931694,1.7
CNCCc1cccc2c1[nH]c1c(=O)n(C)ccc12,1.7112627732596188,,,-3.571865205971211,1.0374264979406236,1.5092025223311027,-4.864867348623225,0.2405492482825997,-0.1
N#Cc1cc2c(cc1F)[nH]c1c(=O)n(CCCN3CCCCC3)ccc12,,,,-4.055024091587952,,,-5.089909454405932,0.290034611362518,2.1
CC1(C)C(=O)Nc2c(Nc3cccc(-c4cccnc4)n3)cccc21,,,,-4.647817481888637,1.7767011839884108,2.9161906599805376,-4.755722879198157,-0.0655015487564322,3.2
O=C1Nc2c(Nc3cccc(-c4cccnc4)n3)cccc2C12CC2,,,,-5.645891560852599,1.7427251313046983,2.9372168908627057,-4.8297382846050425,0.0718820073061253,3.3
NC(=O)Cc1cccc(Nc2nc(-c3cccnc3)ccc2F)n1,,,,-3.9706162223147903,1.4899584794248346,2.5841049703994527,-4.564792896759252,0.1398790864012364,2.0
Nc1ccc(OCCN2CCCCC2)cc1-c1cc(-c2ccnnc2)ccn1,,,,-3.5543957967264026,0.255272505103306,2.119585774961784,-5.139063379299906,0.6424645202421213,0.6
Nc1ccc(OCCN2CCCCC2)cc1-c1nccc(-c2ccncc2)n1,,,,-3.5543957967264026,1.3944516808262162,2.739967696759509,-4.666754301038037,-0.1023729087095585,1.7
O=C(NCc1cccc(Nc2cccc(-c3cccnc3)n2)n1)C1COC1,,,,-3.87942606879415,0.8061799739838872,2.286231854028553,-5.092051478387728,0.6106601630898799,2.0
O=C(NCc1cccc(Nc2cccc(-c3cccnc3)n2)n1)C1CC(F)(F)C1,,,,-5.075204004202088,1.7168377232995244,2.727297202803588,-4.74521031260279,-0.1079053973095195,3.2
O=C(Cn1cc(Nc2cccc(-c3cccnc3)n2)ccc1=O)N1CCC1,,,,-3.5466816599529625,0.8920946026904804,2.3925210899319325,-5.823908740944319,1.161966616364075,1.2
O=c1cc(Nc2cccc(-c3cccc(F)c3)n2)cnn1CCN1CC(F)(F)C1,,,,-5.423658649794207,2.151676230847048,3.357534654597579,-4.79997073344623,-0.0315170514460648,3.7
CN1CCC(Cn2ccc(Nc3cccc(-c4cccnc4)n3)cc2=O)CC1,,,,-3.5686362358410126,0.6720978579357175,2.5595475555804343,-6.431798275933005,0.7817553746524689,1.0
CN1CCC(Cn2ccc(Nc3cccc(-c4cccc(F)c4)n3)cc2=O)CC1,,,,-3.563837352959244,0.6627578316815741,1.884795363948981,-6.3872161432802645,1.7508939203821254,1.6
Clc1cc(-c2ccc(OCCN3CCCCC3)cc2)cc2cnccc12,4.701489956993767,6.375425581280188,,-3.8416375079047502,1.1931245983544616,2.610234175334389,-6.070581074285707,0.1303337684950061,3.9
Clc1cc(-c2ccc(OCCN3CCCCC3)cc2)c2ccncc2c1,3.5471512942852343,5.773248352537561,,-3.567030709125594,1.404833716619938,2.53655844257153,-5.958607314841775,0.404833716619938,3.8
COc1cc(-c2ccc(OCCN3CCCCC3)cc2)cc2cnccc12,3.3776909339868166,5.197492006055611,,-3.5850266520291822,1.678518379040114,2.591954555046736,-5.7544873321858505,0.3891660843645325,3.5
COc1cc(-c2ccc(OCCN3CCCCC3)cc2)c2ccncc2c1,,,,-3.552841968657781,1.4409090820652175,2.794627444664508,-5.261219441515631,0.1583624920952496,3.3
N#Cc1cc(-c2ccc(OCCN3CCCCC3)cc2)c2ccncc2c1,1.9187591599893623,3.2451931331855746,,-3.519993057042849,1.3783979009481375,2.785543369956593,-4.920818753952375,0.1303337684950061,2.6
N#Cc1cc(-c2ccc(OCCN3CCCCC3)cc2)cc2cnccc12,3.842009204807092,4.219000477166241,,-3.5654310959658013,1.2041199826559248,2.681693392004564,-5.27083521030723,0.2741578492636798,2.7
Cc1c(OCCN2CCCCC2)ccc(-c2ccc3ccncc3c2)c1N,1.45652103905577,2.8990610146448943,,-3.549750891680639,0.9294189257142929,2.418301291319745,-5.054531414868181,0.3074960379132129,2.5
c1cc2cc(N3CCC3)c(-c3ccc(OCCN4CCCCC4)cc3)cc2cn1,2.541494124417465,4.321956486970856,,-3.5850266520291822,1.8293037728310249,2.4650852875574327,-6.275724130399211,0.7395723444500919,3.3
CSc1cc2ccncc2cc1-c1ccc(OCCN2CCCCC2)cc1,,,,-4.019996628416254,1.5831987739686226,3.3327211642891275,-5.954677021213342,0.6106601630898799,3.4
Cc1c(N)c(-c2ccc(OCCN(C)C)cc2)cc2cnccc12,1.405150985208773,2.373704028313357,,-3.580044251510242,1.1931245983544616,2.6074550232146687,-5.534617148551582,0.4099331233312945,1.8
CN(CCOc1ccc(-c2ccc3ccncc3c2)cc1)C1COC1,3.5110306383048497,4.233092511405525,,-3.6458915608525992,1.5786392099680724,3.170672340315576,-4.806041021980813,-0.1611509092627447,2.7
CC(C)N(C)CCOc1ccc(-c2ccc3ccncc3c2)cc1,,,,-3.653647025549361,0.6334684555795865,3.297147471801269,-4.880084589742009,0.0043213737826425,2.6
CN(CCOc1ccc(-c2ccc3ccncc3c2)cc1)C1CCC1,,,,-3.5606673061697376,1.4099331233312946,3.3618033589256875,-5.218963061378868,0.0644579892269184,3.4
COc1cncc(OC2CCN(C(=O)c3n[nH]cc3-c3ccc4ncccc4c3)CC2)c1,,,,-3.5850266520291822,2.411451342137937,3.5017300508462204,,,2.4
CCOc1ccc2[nH]nc(CN3C[C@H]4CC[C@@H](C3)[C@@H]4Oc3cncc(Cl)c3)c2n1,,,,-4.549750891680639,2.63286204010023,3.201069231151306,-5.485452247339714,-0.0655015487564322,4.2
Cc1ccc(Cl)c2[nH]nc(CN3C[C@H]4CC[C@@H](C3)[C@@H]4Oc3cncc(Cl)c3)c12,,,,-6.6020599913279625,1.3783979009481375,2.34713478291002,-7.522878745280337,0.9294189257142929,4.9
Clc1cncc(O[C@H]2CCC3(C2)CN(Cc2n[nH]c4cccnc24)C3)c1,,,,-3.5466816599529625,1.3579348470004535,3.230704313612569,,,1.9
Clc1cncc(O[C@@H]2CCC3(C2)CN(Cc2n[nH]c4cccnc24)C3)c1,,,,-3.517126416391246,1.5092025223311027,2.791620482692814,,,2.0
O=C(c1n[nH]c2ccc(-c3ncccn3)cc12)N1C[C@H]2CC[C@@H](C1)[C@@H]2Oc1cncc(Cl)c1,,,,-5.832682665251824,1.187520720836463,3.072286669509892,,,3.9
Clc1cncc(O[C@@H]2[C@@H]3CC[C@H]2CN(Cc2n[nH]cc2C#Cc2cncs2)C3)c1,,,,-6.555955204081924,1.8318697742805017,2.719248398447946,-5.476253533188435,-0.1739251972991735,4.4
COc1ccc(-c2cc(C(=O)N3C[C@H]4CC[C@@H](C3)[C@@H]4Oc3cncc(Cl)c3)[nH]n2)nc1,,,,-5.301029995663981,1.3747483460101038,2.3494717992143856,-5.032452023781138,-0.1023729087095585,3.5
COc1cccnc1-c1cc(C(=O)N2C[C@H]3CC[C@@H](C2)[C@@H]3Oc2cncc(Cl)c2)[nH]n1,,,,-4.077793722560983,1.260071387985075,2.5696079675468244,-5.080398976215889,0.0899051114393979,3.5
COc1ccc(-c2cc(C(=O)N3CCC(Oc4ncc(Cl)cn4)CC3)[nH]n2)c(OC)c1,,,,-5.595166283380062,1.260071387985075,2.638888424705076,,,3.3
Clc1cncc(OC2CCN(Cc3n[nH]c4ccc(-c5ccccn5)nc34)CC2)c1,,,,-4.835647144215563,2.673297439759636,3.3664229572259727,,,3.3
CNCCCOc1cccc2c1[nH]c1c(=O)n(C)ccc12,1.97362554890186,,,-3.575118363368933,0.9395192526186184,1.809559714635268,-5.005682847330363,0.359835482339888,0.1
N#Cc1cc(Cl)c2[nH]c3c(=O)n(CCCN4CCCCC4)ccc3c2c1,,,,-3.567030709125594,,,-4.934047019686131,0.2741578492636798,2.3
COC[C@H](C)NC(=O)c1cccc(-c2cc(C)c3ccncc3c2)c1,,,,-3.9318141382538383,2.087781417809542,3.2303211689190783,-4.727694155597914,-0.1549019599857432,3.6
FC1(F)CN(CCOc2ccc(-c3cc4cnccc4cc3Cl)cc2)C1,,,,-5.73754891026957,1.4885507165004443,2.7912694809102683,-5.661543506395395,0.1072099696478683,4.2
O=C1COc2ccc(-c3cccc(OCCN4CCCCC4)n3)cc2N1,,,,-3.6615435063953954,1.0170333392987805,2.9297253783780044,-4.772884917410875,0.0086001717619175,2.3
CC(=O)N[C@@H](C)COc1cccc(-c2ccc3c(c2)NC(=O)CO3)c1,,,,-4.809668301829708,1.2068258760318498,1.9885589568786155,-4.915781313260761,0.173186268412274,2.8
C[C@H](N)COc1cccc(-c2ccc3c(c2)NC(=O)CO3)c1,,,,-3.657577319177794,0.041392685158225,1.8627275283179747,-5.022733787572707,0.0644579892269184,1.0
O=C1COCCN1CCOc1ccc(-c2ccc3ccncc3c2)cc1,,,,-4.609064892896621,1.3159703454569178,2.5621738633646483,-4.774949303861951,-0.2006594505464183,3.0
O=C1OCCN1CCOc1ccc(-c2ccc3ccncc3c2)cc1,,,,-4.705533773838408,1.1613680022349748,2.6036855496147,-4.803547458296611,-0.1135092748275181,3.0
Cc1cc2ccncc2cc1-c1ccc(OCCN2CCCCC2)cc1,,,,-3.684029654543082,1.390935107103379,2.7532765701844184,-5.161150909262744,-0.0655015487564322,3.5
Cc1ccc2cnccc2c1-c1ccc(OCCN2CCCCC2)cc1,,,,-3.642065152999546,1.7201593034059568,2.9215304135012423,-5.086186147616283,-0.0222763947111522,3.6
Nc1cc(-c2ccc(OCCN3CCCCC3)cc2)cc2cnccc12,,,,-3.6716203965612624,0.6627578316815741,2.4776999283321306,-5.064996848546345,-0.0506099933550872,2.5
CN(CCOc1ccc(-c2ccc3ccncc3c2)cc1)C1CC(F)(F)C1,,,,-5.939302159646388,1.8401060944567575,3.2881373948820665,-5.795880017344075,0.0253058652647702,4.2
Cc1nccc2ccc(-c3ccc(OCCN4CCCCC4)cc3)cc12,,,,-4.243363891754152,0.7160033436347992,2.6769678142947586,-5.273272790973428,0.021189299069938,3.3
Cc1c(-c2ccc(OCCN3CCCCC3)cc2)ccc2ccncc12,,,,-3.5734887386354246,1.3384564936046048,3.255754786643044,-5.100726812682396,0.0334237554869497,3.5
CN1CC(COc2ccc(-c3ccc4ccncc4c3)cc2)C1,,,,-3.638272163982408,2.092369699629121,3.100405011565889,-5.039053804266168,0.0253058652647702,1.7
CN1CCC(COc2ccc(-c3ccc4ccncc4c3)cc2)CC1,,,,-3.6675615400843946,1.8733206018153987,3.0757293997408985,-5.605548319173784,0.2430380486862944,2.6
CN1CCC(Oc2ccc(-c3ccc4ccncc4c3)cc2)CC1,,,,-3.6819366650372394,2.472171146692363,3.3898745583909853,-5.406713932979542,0.3180633349627615,2.6
c1cc2ccc(-c3ccc(OC4CCNCC4)cc3)cc2cn1,,,,-4.29073003902417,2.510276844417355,2.746400644491561,-5.590066876668706,0.2966651902615311,1.5
c1cc2ccc(-c3ccc(O[C@H]4CCNC4)cc3)cc2cn1,,,,-3.657577319177794,2.8066547239918607,3.109477300958736,-5.216096420727265,0.0606978403536116,1.5
c1cc2ccc(-c3ccc(O[C@@H]4CCNC4)cc3)cc2cn1,,,,-3.684029654543082,2.8898617212581885,3.453944862340669,-5.095825631715837,0.250420002308894,1.5
CN1CC[C@H](Oc2ccc(-c3ccc4ccncc4c3)cc2)C1,,,,-3.657577319177794,2.8867726430544383,3.2863441764090844,-4.938170692705301,0.0791812460476248,2.5
CN1CC[C@@H](Oc2ccc(-c3ccc4ccncc4c3)cc2)C1,,,,-3.6716203965612624,2.938569756221061,3.4428402249638834,-5.291579099865287,0.2600713879850748,2.6
Cn1ncc2cc(-c3ccc(OCCN4CCCCC4)cc3)ccc21,,,,-4.391473966422806,1.2966651902615312,2.1535099893008374,-4.83654044823001,0.1398790864012364,2.9
FC(F)(F)c1ccnc2c(CN3C[C@H]4CC[C@@H](C3)[C@@H]4Oc3cncc(Cl)c3)n[nH]c12,,,,-5.931814138253839,2.490520309363349,3.4419149759298477,-5.177178354696896,-0.1135092748275181,4.2
Cc1ccnc2c(CN3C[C@H]4CC[C@@H](C3)[C@@H]4Oc3cncc(Cl)c3)n[nH]c12,,,,-4.348721986001856,2.561935763313781,3.547971508147236,-4.648977147415876,-0.1191864077192086,3.4
Fc1ccc2[nH]nc(CN3C[C@H]4CC[C@@H](C3)[C@@H]4Oc3cncc(Cl)c3)c2n1,,,,-5.404503778174426,2.397070549959409,3.306317781104432,-4.986320302708807,-0.1549019599857432,3.7
O=S(=O)(c1n[nH]c2cccnc12)N1C[C@H]2CC[C@@H](C1)[C@@H]2Oc1cncc(Cl)c1,,,,-5.655607726314889,1.9237619608287,2.7466341989375787,,,2.7
Cc1ccc(F)c2[nH]nc(CN3C[C@H]4CC[C@@H](C3)[C@@H]4Oc3cncc(Cl)c3)c12,,,,-7.0655015487564325,1.3996737214810382,2.286231854028553,-7.522878745280337,0.6618126855372612,4.6
COc1cc2c(cn1)-c1cc(C(=O)N3C[C@H]4CC[C@@H](C3)[C@@H]4Oc3cncc(Cl)c3)nn1CN2C,,,,-6.173277479831008,1.9813655090785445,2.435525851498655,,,3.7
CNc1cc(OC)ncc1-c1cc(C(=O)N2CCC(Oc3cncc(Cl)c3)CC2)[nH]n1,,,,-3.5543957967264026,2.460747541844197,3.2009872191631663,,,3.1
COc1ccc(-c2cc(CN3CCC(Oc4cncc(Cl)c4)CC3)n[nH]2)nc1,,,,-3.539102157243452,2.0770043267933502,3.334815512506212,,,2.9
COc1cccnc1-c1cc(CN2C[C@H]3CC[C@@H](C2)[C@@H]3Oc2cncc(Cl)c2)[nH]n1,,,,-5.313363730737707,2.309204179670408,3.3578014905028684,-5.044793462458058,-0.0362121726544447,3.5
COc1cccnc1-c1cc(CN2CCC(Oc3cncc(Cl)c3)CC2)[nH]n1,,,,-3.552841968657781,2.069668096911596,3.366161367804191,,,2.5
Cc1cccc2[nH]nc(CN3CCC(Oc4cncc(C5CC5)c4)CC3)c12,,,,-5.363512103646634,1.808885867359812,2.8949802909279687,,,3.8
Cc1cccc2[nH]nc(CN3CCC(Oc4cncc(Cl)c4)CC3)c12,,,,-5.2225731776106885,1.561101383649056,2.8555191556678,,,3.4
Clc1cncc(OC2CCN(Cc3n[nH]c4cnc(-c5ccccn5)cc34)CC2)c1,,,,-5.749579997691106,2.3594560201209864,3.356064119338595,,,3.4
Clc1cncc(O[C@@H]2[C@@H]3CC[C@H]2CN(Cc2n[nH]c4ccc(-c5ccccn5)nc24)C3)c1,,,,-5.866461091629782,2.5358002908248976,3.446304113951924,-5.910094888560602,0.3242824552976926,4.1
O=C(c1n[nH]c2cc(Cl)ccc12)N1C[C@H]2CC[C@@H](C1)[C@@H]2Oc1cncc(Cl)c1,6.906754778648553,6.375425581280188,6.455108425880461,-6.393618634889395,1.2329961103921538,2.378942698613437,-5.950781977329818,0.1846914308175988,4.1
O=C(c1n[nH]c2cccc(Cl)c12)N1C[C@H]2CC[C@@H](C1)[C@@H]2Oc1cncc(Cl)c1,5.293304824724491,5.875331934468235,,-4.108462542327436,1.6599162000698502,2.337459261290656,-5.474955192963154,0.2648178230095365,3.7
Cc1cc(-c2cccc(OC3CNC3)c2)cc2cnccc12,,,,-3.5850266520291822,0.8573324964312685,2.364926033789976,-5.319664486585437,0.2855573090077737,2.0
Cc1cc(-c2cccc(C(=O)NC[C@H](C)O)c2)cc2cnccc12,,,,-3.5850266520291822,1.5932860670204574,3.0711452904510828,-4.779368980551908,0.2600713879850748,3.1
Cc1cc(-c2cccc(C(=O)NC[C@H](C)O)c2)c2ccncc2c1,,,,-3.603800652904264,1.6414741105040995,2.737431200514582,-4.923359556329658,0.4313637641589873,3.0
C[C@@H](CN(C)C)NC(=O)c1nccc2ccc(-c3cccc(OCCCN4CCN(C)CC4)c3)cc12,,,,-3.627087997029893,1.380211241711606,2.101059354908116,-6.236572006437063,0.8426092396105621,1.3
C[C@H](CN(C)C)NC(=O)c1nccc2ccc(-c3cccc(OCCCN4CCN(C)CC4)c3)cc12,,,,-3.8181564120552274,1.235528446907549,2.091315159697223,-5.950781977329818,0.1038037209559568,1.4
CNCCOc1ccc(-c2cc(C)c3ccncc3c2)cc1,,,,-3.576754126063192,1.6242820958356683,2.480725378988488,-5.3979400086720375,0.173186268412274,2.0
Cc1cc(-c2ccc(OCCN3CCCCC3)cc2)cc2ncccc12,,,,-3.598599459218456,1.08278537031645,3.382575319649486,-5.275724130399211,0.0606978403536116,3.5
NC(=O)Cn1cc(Nc2cccc(-c3cccnc3)n2)ccc1=O,,,,-3.962573502059376,0.4623979978989561,2.238297067875394,-6.721246399047171,1.6527296960692477,0.5
Clc1c(-c2ccc(OCCN3CCCCC3)cn2)ccc2ccncc12,,,,-3.583359492661719,1.0128372247051722,2.5371892262436444,-4.667965722972482,0.0718820073061253,2.7
CCc1c(N)c(-c2ccc(OCCN3CCCCC3)cc2)cc2cnccc12,2.7339416150349525,3.7669460785578113,,-3.54515513999149,1.4593924877592308,2.173186268412274,-5.619788758288394,0.2095150145426309,2.9
Nc1c(-c2ccc(OCCN3CCCCC3)cc2)cc2cnccc2c1C1CC1,3.0785682791331395,4.131819188398954,,-3.609064892896621,1.60959440922522,2.020361282647708,-5.844663962534939,0.4456042032735975,3.0
CCc1cc(-c2ccc(OCCN3CCCCC3)cc2)cc2cnccc12,4.820281565605036,6.212606095751518,,-3.653647025549361,1.4502491083193612,2.603469159733838,-5.841637507904751,0.1105897102992489,4.1
CC(C)c1cc(-c2ccc(OCCN3CCCCC3)cc2)cc2cnccc12,5.806138481293727,6.811344493733788,,-3.9546770212133424,1.724275869600789,2.500785172917456,-6.301029995663981,0.2833012287035495,4.1
Cc1cc2ccc(-c3ccc(OCCN4CCCCC4)cc3)cc2cn1,,,,-3.555955204081924,0.5440680443502757,2.0895518828864543,-5.570247719997592,0.250420002308894,3.5
Clc1cc2ccc(-c3ccc(OCCN4CCCCC4)cc3)cc2cn1,,,,-5.213958789757446,0.7923916894982539,2.1332194567324945,-5.978810700930062,0.1139433523068367,3.8
Cc1c(N)c(-c2ccc(O[C@@H](C)CN3CCCCC3)cc2)cc2cnccc12,,,,-3.54515513999149,1.787460474518415,2.4893959217271293,-5.379863945026242,-0.0969100130080563,2.8
Cc1c(N)c(-c2ccc(O[C@H](C)CN3CCCCC3)cc2)cc2cnccc12,,,,-3.6216020990518634,1.6848453616444126,2.5996647787884166,-5.79317412396815,0.2966651902615311,2.7
CN1CC(Oc2ccc(-c3ccc4ccncc4c3)cc2)C1,,,,-3.5900668766687054,1.0791812460476249,2.8189513116401725,-4.8201610719768135,-0.1135092748275181,2.6
Clc1cncc(O[C@@H]2C[C@H]3CC[C@@H]2CN3Cc2n[nH]c3cccnc23)c1,,,,-3.54515513999149,1.307496037913213,2.799064719351008,-4.99225222199926,0.6954816764901974,1.9
Clc1cncc(O[C@H]2C[C@@H]3CC[C@H]2CN3Cc2n[nH]c3cccnc23)c1,,,,-3.5466816599529625,1.5224442335063195,2.7832602328729488,-5.054039296422431,0.7379873263334308,1.9
Clc1cncc(O[C@@H]2[C@@H]3CC[C@H]2CN(Cc2n[nH]c4ccnnc24)C3)c1,,,,-5.527243550682788,2.280805928393667,3.114110356531892,,,3.0
Cc1cccc2[nH]nc(CN3CC[C@]4(C3)C[C@@H](Oc3cncc(Cl)c3)C4)c12,,,,-3.665546248849069,1.8481891169913989,3.077149794716969,,,3.8
Cc1cccc2[nH]nc(CN3CC[C@]4(C3)C[C@H](Oc3cncc(Cl)c3)C4)c12,,,,-4.013228265733755,1.8524799936368563,3.114777731971562,,,4.1
O=C(c1n[nH]c2ccccc12)N1C[C@H]2CC[C@@H](C1)[C@H]2Oc1ccc(Cl)cc1,,,,-7.072116589669293,0.0,2.077731179652392,,,4.3
Clc1ccc(O[C@H]2[C@@H]3CC[C@H]2CN(Cc2n[nH]c4ccccc24)C3)cc1,,,,-5.585026652029182,1.354108439147401,2.941610802153634,,,4.2
CNc1cc(OC)ncc1-c1cc(CN2CCC(Oc3cncc(Cl)c3)CC2)[nH]n1,,,,-3.5734887386354246,2.7299742856995555,3.4271289189525853,,,3.3
COc1ccc(-c2cc(CN3C[C@H]4CC[C@@H](C3)[C@@H]4Oc3cncc(Cl)c3)[nH]n2)nc1,,,,-4.452225294612178,2.11293997608408,3.095901279225877,-5.3260580013659125,0.3201462861110539,4.1
O=C(c1n[nH]c2cccnc12)N1C[C@@H]2CC[C@H]1C[C@@H]2Oc1cncc(Cl)c1,2.121757746414593,1.823620571297039,,-3.785156151952302,1.292256071356476,2.3157604906657347,-5.521433504406157,1.2079035303860517,2.1
Clc1cncc(Oc2ccnc(Nc3n[nH]c4cccnc34)c2)c1,,,,-5.023650020996727,1.5717088318086876,1.833784374656479,-4.859177819890689,0.0899051114393979,3.1
O=C(c1n[nH]c2cccnc12)N1C[C@H]2C[C@@H](C1)[C@H]2Oc1cncc(Cl)c1,,,,-3.5590909179347823,0.5314789170422551,2.35314654621398,-5.105130343254747,0.7860412102425542,1.9
Clc1cncc(O[C@H]2C[C@@H]3C[C@H]2CN3Cc2n[nH]c3cccnc23)c1,,,,-3.530177984021837,1.155336037465062,2.4987239707479048,,,2.1
O=C(c1n[nH]c2cccnc12)N1C[C@@H]2C[C@H]1C[C@@H]2Oc1cncc(Cl)c1,,,,-4.575118363368933,0.0,2.0153597554092144,-5.074172425375258,0.7427251313046983,2.2
O=C(c1n[nH]c2cccnc12)N1CCC2(CC1)Cc1ccccc1O2,,,,-5.23210238398191,0.0,2.318063334962761,,,2.4
Clc1cncc(O[C@@H]2[C@@H]3CC[C@H]2CN(Cc2n[nH]c4cccc(Cl)c24)C3)c1,,,,-7.0,1.6739419986340878,2.436639631692661,,,4.8
Cc1cccc2[nH]nc(CN3C[C@H]4CC[C@@H](C3)[C@@H]4Oc3cncc(Cl)c3)c12,,,,-6.882728704344236,1.462397997898956,2.3428173146357327,-6.853871964321762,0.4653828514484183,4.9
Clc1cncc(O[C@@H]2[C@@H]3CC[C@H]2CN(Cc2cccc4cn[nH]c24)C3)c1,,,,-6.8297382846050425,1.9273703630390235,3.092650478356795,,,4.6
Clc1cncc(O[C@@H]2[C@@H]3CC[C@H]2CN(Cc2cccc4cccnc24)C3)c1,,,,-4.8297382846050425,2.020775488193558,3.239274447023257,,,4.0
Clc1cncc(O[C@@H]2[C@@H]3CC[C@H]2CN(Cc2cccc4cnccc24)C3)c1,,,,-7.698970004336019,2.2081725266671217,2.885191540606848,,,5.0
Clc1cncc(O[C@@H]2[C@@H]3CC[C@H]2CN(Cc2nccc4ccccc24)C3)c1,,,,-6.756961951313706,2.2931414834509307,3.359209191764298,,,5.0
COC1CN(Cc2ccc(N3CCN(C(=O)c4cn(C)c5cc(-c6ccnc(C)c6)ccc45)CC3)cc2)C1,4.4107760479598666,,,-3.636388020107856,1.255272505103306,1.6963563887333322,-5.490797477668897,0.4471580313422192,2.6
COc1cc(-c2ccc3c(C(=O)N4CCN(c5ccc(CN6CC(OC)C6)cc5)CC4)cn(C)c3c2)ccn1,4.9548205149898585,,,-5.568636235841013,1.2430380486862944,1.9138138523837167,-5.335358024443875,0.2648178230095365,2.9
Cn1ccc2c([nH]c3c(C#CCC4CNC4)c(F)ccc32)c1=O,3.663561646129645,,,-3.595166283380062,0.2304489213782739,1.7788744720027396,-4.962972120244225,0.093421685162235,0.6
Cn1ccc2c([nH]c3c(C#CC4CNC4)c(F)ccc32)c1=O,3.346803309596356,4.858805152060567,,-3.6020599913279625,0.3424226808222063,1.3961993470957363,-5.226945306635738,0.5502283530550941,0.9
N#Cc1c(F)ccc2c1[nH]c1c(=O)n(CCCN3CCCCC3)ccc12,1.59986846141795,2.333329327727931,,-3.612610173661271,0.3617278360175928,1.6148972160331343,-4.93218548883816,0.1238516409670858,1.4
CC(=O)N[C@@H](C)COc1cccc(-c2cc(C)c3ccncc3c2)c1,,,,-4.414539270491499,1.657055852857104,2.865103974641128,-4.997402019280091,-0.0315170514460648,3.9
CN1CCN(c2cccc(Nc3cccc(-c4cccnc4)n3)n2)C1=O,,,,-5.835647144215563,1.8506462351830664,2.601190532615333,-4.96738123914928,-0.2006594505464183,3.3
Cc1cc(-c2ccc(OCCN3CCCCC3)cc2)cc2cncnc12,,,,-3.580044251510242,1.4409090820652175,3.103666913746792,-4.995248844408999,0.1789769472931694,2.9
CNc1c(-c2ccc(OCCN3CCCCC3)cc2)cc2cnccc2c1C,2.666159259393051,3.851782925050793,,-3.630784142589857,1.9722028383790644,2.3326404103874627,-5.823908740944319,0.4871383754771864,3.2
CSc1c(Cl)cc2cnccc2c1-c1ccc(OCCN2CCCCC2)cc1,,,,-5.276544327964814,1.7126497016272113,2.7905666251460763,-6.1938200260161125,0.6693168805661122,4.0
Oc1ccc(-c2nc3ccn(CCN4CCCCC4)cc-3n2)cc1,,,,-3.657577319177794,0.0,1.3424226808222062,-6.013228265733755,1.131297796597623,1.4
COc1ccc(-c2nc3ccn(CCN4CCCCC4)cc-3n2)cc1,,,,-3.567030709125594,1.5831987739686226,1.505149978319906,-4.904830648568245,0.3180633349627615,2.3
c1cc2cc(-c3ccc(OCCN4CCCCC4)cc3)[nH]c2cn1,,,,-3.563837352959244,1.089905111439398,2.016197353512439,-5.510041520575165,0.2253092817258628,2.0
Nc1cnccc1C#Cc1ccc(OCCN2CCCCC2)cc1,,,,-3.562249437179612,1.287801729930226,2.326335860928751,-4.823619307756729,0.1038037209559568,2.4
Cc1c(N)c(-c2ccc(OCC3OCCO3)cc2)cc2cnccc12,,,,-4.598599459218456,,2.4360035356698964,,,3.0
Cc1c(N)c(-c2cc(F)c(OCCN3CCOCC3)cc2F)cc2cnccc12,3.2591354991539,2.8323666039548216,,-4.769551078621726,1.920123326290724,2.6240757311456826,-5.285670240254767,0.1986570869544226,2.8
Cn1cc2cc(-c3ccc(OCCN4CCOCC4)cc3)c(N)cc2n1,,,,-3.5606673061697376,0.4471580313422192,1.4014005407815442,-4.477425367308824,0.0170333392987803,1.7
Cn1cc2cc(-c3ccc(OCCN4CCCCC4)cc3)c(N)cc2n1,,,,-3.580044251510242,0.6232492903979004,1.54282542695918,-4.5787252087896535,0.0681858617461616,1.5
Cc1cc(C)c2[nH]nc(CN3C[C@H]4CC[C@@H](C3)[C@@H]4Oc3cncc(Cl)c3)c2n1,,,,-5.701146923590294,2.573103783163991,3.548733277598153,,,3.9
Clc1cncc(O[C@H]2[C@@H]3CN(Cc4n[nH]c5cccnc45)C[C@@H]32)c1,,,,-3.552841968657781,2.1734776434529945,3.465709936418241,-4.5486741915104805,0.0043213737826425,3.0
Clc1cncc(O[C@@H]2[C@@H]3CN(Cc4n[nH]c5cccnc45)C[C@@H]32)c1,,,,-3.586700235918748,2.2143138974244,3.488719889189165,-4.602929450040591,0.0128372247051722,3.0
Clc1cncc(O[C@H]2C[C@H]3C[C@@H]2CN3Cc2n[nH]c3cccnc23)c1,,,,-3.518557371497695,1.287801729930226,2.479863113023098,-4.718512112059919,0.380211241711606,2.0
Clc1cncc(O[C@@H]2C[C@@H]3C[C@H]2CN3Cc2n[nH]c3cccnc23)c1,,,,-3.4881166390211256,1.2648178230095364,2.5496162395190853,-4.594141600682363,0.1303337684950061,2.0
O=C(c1n[nH]c2cccnc12)N1CCC2(CCc3ccccc3O2)CC1,,,,-4.047691990337875,1.404833716619938,2.667733052533267,-4.678194516142461,0.0453229787866574,2.7
Fc1cccnc1O[C@H]1[C@@H]2CC[C@H]1CN(Cc1n[nH]c3cccnc13)C2,,,,-3.847711655616944,2.093421685162235,2.8852481077813863,,,2.3
Cc1cccnc1O[C@H]1[C@@H]2CC[C@H]1CN(Cc1n[nH]c3cccnc13)C2,,,,-4.120904120499927,2.545430829465351,3.481528618895993,,,2.6
O=C(c1n[nH]c2cccc(F)c12)N1C[C@H]2CC[C@@H](C1)[C@@H]2Oc1cncc(Cl)c1,,,,-5.381951903287908,1.9138138523837167,2.8901414600645774,,,3.4
COc1ccc2[nH]nc(C(=O)N3C[C@H]4CC[C@@H](C3)[C@@H]4Oc3cncc(Cl)c3)c2c1,,,,-5.024108863598207,1.4313637641589874,2.133538908370217,,,3.9
COc1ccc2[nH]nc(CN3C[C@H]4CC[C@@H](C3)[C@@H]4Oc3cncc(Cl)c3)c2c1,,,,-5.327902142064283,1.8149131812750736,2.5232260419657013,,,4.3
O=C(c1n[nH]c2ccc(F)cc12)N1C[C@H]2CC[C@@H](C1)[C@@H]2Oc1cncc(Cl)c1,,,,-5.913640169325252,1.1789769472931697,2.098643725817057,,,3.9
Fc1ccc2[nH]nc(CN3C[C@H]4CC[C@@H](C3)[C@@H]4Oc3cncc(Cl)c3)c2c1,,,,-6.411168274405793,1.675778341674085,2.6262376851469003,,,4.4
Cc1ccc2[nH]nc(C(=O)N3C[C@H]4CC[C@@H](C3)[C@@H]4Oc3cncc(Cl)c3)c2c1,,,,-5.525783735923745,1.9768083373380665,2.4668676203541096,,,3.8
Cc1ccc2[nH]nc(CN3C[C@H]4CC[C@@H](C3)[C@@H]4Oc3cncc(Cl)c3)c2c1,,,,-6.345823458122039,1.833147111912785,2.728272597895017,,,4.0
O=C(c1n[nH]c2ccc(Cl)cc12)N1C[C@H]2CC[C@@H](C1)[C@@H]2Oc1cncc(Cl)c1,,,,-6.230622673923862,1.2430380486862944,2.22219604630172,,,4.3
Clc1cncc(O[C@@H]2[C@@H]3CC[C@H]2CN(Cc2n[nH]c4ccc(Cl)cc24)C3)c1,,,,-6.853871964321762,1.640481436970422,2.502563669107364,,,4.4
Fc1ccc2c(CN3C[C@H]4CC[C@@H](C3)[C@@H]4Oc3cncc(Cl)c3)n[nH]c2c1,,,,-6.381951903287908,1.534026106056135,2.673941998634088,,,4.4
O=C(c1n[nH]c2cc(F)ccc12)N1C[C@H]2CC[C@@H](C1)[C@@H]2Oc1cncc(Cl)c1,,,,-5.473660722610156,1.3242824552976926,2.3163897510731952,,,4.0
N#Cc1ccc2[nH]nc(C(=O)N3C[C@H]4CC[C@@H](C3)[C@@H]4Oc3cncc(Cl)c3)c2c1,,,,-5.752026733638194,1.416640507338281,2.055378331375,,,3.7
N#Cc1ccc2[nH]nc(CN3C[C@H]4CC[C@@H](C3)[C@@H]4Oc3cncc(Cl)c3)c2c1,,,,-6.238824186844268,2.2092468487533736,2.973404974410061,,,4.3
O=C(c1n[nH]c2c(Cl)cccc12)N1C[C@H]2CC[C@@H](C1)[C@@H]2Oc1cncc(Cl)c1,,,,-5.130181792020672,1.290034611362518,2.6225248624035684,,,4.1
Clc1cncc(O[C@@H]2[C@@H]3CC[C@H]2CN(Cc2n[nH]c4cnccc24)C3)c1,,,,-5.371611069949688,1.9800033715837464,3.057171441547266,,,4.0
Cc1cccc2c(C(=O)N3C[C@H]4CC[C@@H](C3)[C@@H]4Oc3cncc(Cl)c3)n[nH]c12,,,,-6.314258261397736,1.5809249756756194,2.3630475945210936,,,4.0
Cc1cccc2[nH]nc(C(=O)N3C[C@H]4CC[C@@H](C3)[C@@H]4Oc3cncc(Cl)c3)c12,,,,-4.032452023781138,1.7596678446896306,2.548512256341036,,,3.8
Cc1cc(Cl)cc2c(CN3C[C@H]4CC[C@@H](C3)[C@@H]4Oc3cncc(Cl)c3)n[nH]c12,,,,-7.075720713938118,1.6294095991027189,2.448551739201578,,,4.4
N#Cc1ccc2c(CN3C[C@H]4CC[C@@H](C3)[C@@H]4Oc3cncc(Cl)c3)n[nH]c2c1,,,,-7.42021640338319,1.836324115706752,2.805024844429805,,,4.3
Cc1c(CN2C[C@H]3CC[C@@H](C2)[C@@H]3Oc2cncc(Cl)c2)[nH]c2ccccc12,,,,-7.958607314841775,1.9375178920173464,2.7350397050337207,,,4.8
Clc1cncc(O[C@@H]2[C@@H]3CC[C@H]2CN(Cc2cc4ccccc4[nH]2)C3)c1,,,,-5.619788758288394,1.8567288903828827,2.6866362692622934,,,4.4
Cc1ccc2c(c1)cc(CN1C[C@H]3CC[C@@H](C1)[C@@H]3Oc1cncc(Cl)c1)n2C,,,,-7.853871964321762,1.2576785748691846,2.3165993020938607,,,5.0
Clc1cncc(O[C@@H]2[C@@H]3CC[C@H]2CN(Cc2cn4cccnc4n2)C3)c1,,,,-4.501689446210399,1.9390197764486663,3.2306277117106323,,,2.9
Clc1cncc(O[C@@H]2[C@@H]3CC[C@H]2CN(Cc2ccc4cc[nH]c4c2)C3)c1,,,,-6.692503962086787,1.795184589682424,3.4173720348523213,,,4.1
Clc1cncc(O[C@@H]2[C@@H]3CC[C@H]2CN(Cc2ccc4[nH]ccc4c2)C3)c1,,,,-6.341988603342887,2.024074987307426,3.2890981990566166,,,4.1
Clc1cncc(O[C@@H]2[C@@H]3CC[C@H]2CN(Cc2ccc4cn[nH]c4c2)C3)c1,,,,-6.537602002101044,1.7058637122839193,2.710963118995276,,,4.4
Clc1cncc(O[C@@H]2[C@@H]3CC[C@H]2CN(Cc2ccc4[nH]ncc4c2)C3)c1,,,,-6.100179497572904,1.7323937598229686,2.94423584379348,,,4.1
Clc1cncc(O[C@@H]2[C@@H]3CC[C@H]2CN(Cc2cccc4cc[nH]c24)C3)c1,,,,-7.0,2.0860037056183818,3.032175376961363,,,4.7
Clc1cncc(O[C@@H]2[C@@H]3CC[C@H]2CN(Cc2ccnc4ccccc24)C3)c1,,,,-8.0,1.9052560487484516,2.7290027092721902,,,4.6
Clc1cncc(O[C@@H]2[C@@H]3CC[C@H]2CN(Cc2cccc4nccnc24)C3)c1,,,,-6.133712660915805,2.521530341278711,3.3648697986669625,,,4.1
Clc1cncc(O[C@@H]2[C@@H]3CC[C@H]2CN(Cc2cccc4cncnc24)C3)c1,,,,-5.175223537524454,2.4111144185509046,3.400917723075448,,,4.0
Clc1cncc(O[C@@H]2[C@@H]3CC[C@H]2CN(Cc2cccc4ccncc24)C3)c1,,,,-7.050609993355088,2.8490506905695123,3.4354302515829653,,,4.4
COc1cc(-c2ccc3c(c2)c2ncn(CCCN4CCCCC4)c(=O)c2n3C)ccn1,3.1523190081791324,5.377088362929419,,-3.614393726401688,1.255272505103306,1.5976951859255124,-5.496209316942819,0.1367205671564068,2.5
COCCNC(=O)c1ccc(-c2cc(C)c3ccncc3c2)cc1,,,,-4.735182176990463,1.6434526764861874,2.6628522332647964,-4.744245213356956,-0.0705810742857072,3.3
COCCNC(=O)c1ccc(-c2cc(C)cc3cnccc23)cc1,,,,-3.607303046740334,1.3364597338485296,2.409425868671444,-4.756713853916554,-0.0268721464003013,3.2
CC(=O)N[C@H](C)CCOc1cccc(-c2cc(C)c3ccncc3c2)c1,,,,-4.823908740944319,2.020775488193558,2.983400738180538,-5.018634490921456,0.0293837776852096,3.8
c1cnc2ccc(-n3ccc(OCC4CNC4)n3)cc2c1,-0.9002457416908086,1.5820878129069278,,-3.530177984021837,0.0,2.0629578340845103,-5.102922996790579,0.4941545940184428,-0.5
COc1cc2cnccc2c(-c2ccc(OCCN3CCCCC3)cc2)c1N,,,,-3.5346171485515816,0.9493900066449128,1.938519725176492,-5.910094888560602,0.4014005407815441,2.4
CSc1c(-c2ccc(OCCN3CCCCC3)cc2)cc2cnccc2c1Cl,4.701489956993767,6.811344493733788,,-4.172630726946175,1.6222140229662954,3.041471640613747,-6.769551078621726,0.5105450102066121,4.2
CC(C)Oc1cc(-c2ccc(OCCN3CCCCC3)cc2)c2ccncc2c1,,,,-3.640164517660112,1.8247764624755456,2.4245549766067134,-6.292429823902063,0.4281347940287888,4.2
c1cc(OCCN2CCCCC2)cc(-c2nc3ccncc3[nH]2)c1,,,,-3.519993057042849,1.2787536009528289,2.4423229557455746,-5.812479279163537,1.2817149700272958,2.0
Nc1cnccc1C#Cc1cccc(OCCN2CCCCC2)c1,,,,-3.5590909179347823,1.5237464668115646,3.034347658446848,-4.901010360598823,0.0755469613925307,2.5
c1cc2c(-c3ccc(OCCN4CCCCC4)cc3)c[nH]c2cn1,,,,-3.542118103266008,0.9395192526186184,1.7363965022766426,-5.530177984021837,0.2764618041732441,2.2
Cc1c(N)c(-c2ccc(OCCN3CCC(F)CC3)cc2)cc2cnccc12,,,,-3.54821356447571,1.9350031514536548,2.4686426683915115,-6.086186147616283,0.2600713879850748,3.3
COC1CCN(CCOc2ccc(-c3cc4cnccc4c(C)c3N)cc2)CC1,,,,-3.5850266520291822,1.9036325160842376,2.273464272621346,-5.856985199745905,0.2695129442179163,2.7
Cc1c(N)c(-c2cc(F)c(OCCN3CCCCC3)cc2F)cc2cnccc12,3.1271781596874915,3.349852334137058,,-3.576754126063192,1.8273692730538251,2.2949069106051923,-5.823908740944319,0.1903316981702915,3.0
Cn1ncc2cc(-c3ccc(OCCN4CCOCC4)cc3)c(N)cc21,,,,-4.707743928643524,0.7781512503836436,1.848804701051804,-4.595850750790305,-0.1191864077192086,2.3
Cn1ncc2cc(-c3ccc(OCCN4CCCCC4)cc3)c(N)cc21,,,,-3.571865205971211,0.6812412373755872,1.745855195173729,-4.650916831220409,-0.0177287669604316,2.1
Cc1c(N)c(-c2ccc(OCCN3CCCC(C)(C)C3)cc2)cc2cnccc12,,,,-3.7166987712964494,2.2062860444124324,2.550228353055094,-6.2441251443275085,0.0681858617461616,3.6
Cc1c(N)c(-c2ccc(OCCN3CC4(COC4)C3)cc2)cc2cnccc12,2.483823812649168,2.686075938515226,,-3.519993057042849,1.4727564493172125,2.24699069924155,-5.701146923590294,0.404833716619938,2.2
Clc1cc2c(cn1)cnn2-c1ccc(OCCN2CCCCC2)cc1,,,,-3.562249437179612,0.6127838567197355,2.640282629696681,-4.686343653381969,0.0170333392987803,2.4
Cc1cc2c(cn1)cnn2-c1ccc(OCCN2CCCCC2)cc1,,,,-3.527243550682788,1.1430148002540952,2.7294887691795613,-4.835349784065703,-0.0315170514460648,2.1
c1cc2c(cn1)cnn2-c1ccc(OCCN2CCCCC2)cc1,,,,-3.5287082889410613,1.4742162640762553,3.0028569260611206,-4.773657912836369,0.0863598306747482,1.9
COCCNC(=O)c1ccc(-c2cc3cnccc3c(C)c2N)cc1,,,,-3.549750891680639,0.8573324964312685,2.3550682063488506,-4.770062314092066,0.2430380486862944,2.4
Cc1c(N)c(-c2ccc(C(=O)NCCN(C)C)cc2)cc2cnccc12,,,,-3.51427857351842,1.334453751150931,1.9474337218870508,-5.655607726314889,0.9885589568786156,1.4
Cc1c(N)c(-c2ccc(C(=O)N(C)CCN(C)C)cc2)cc2cnccc12,,,,-3.552841968657781,1.6693168805661125,2.4276483711869328,-5.481486060122113,0.69810054562339,1.5
COCC(=O)Nc1ccc(-c2cc3cnccc3c(C)c2N)cc1,,,,-4.391473966422806,1.734799829588847,3.0687422929329817,-4.793713955587568,0.0043213737826425,2.5
O=C(c1n[nH]c2cccnc12)N1C[C@H]2C[C@@H]1C[C@@H]2Oc1cncc(Cl)c1,2.6827323931179192,2.2587193589440244,,-3.617982957425132,0.0,2.2778383330020477,,,2.2
c1ccc2c(c1)CCC1(CCN(Cc3n[nH]c4cccnc34)CC1)O2,,,,-3.5900668766687054,2.0211892990699383,3.54318615217934,,,2.7
c1ccc2c(c1)CC1(CCN(Cc3n[nH]c4cccnc34)CC1)O2,,,,-3.609064892896621,1.606381365110605,3.1158766642684443,,,2.6
Fc1cccc2[nH]nc(CN3C[C@H]4CC[C@@H](C3)[C@@H]4Oc3cncc(Cl)c3)c12,,,,-5.764471553092451,1.9469432706978251,3.0582741466859518,,,4.1
O=C(c1n[nH]c2cnccc12)N1C[C@H]2CC[C@@H](C1)[C@@H]2Oc1cncc(Cl)c1,,,,-5.006563769502388,1.5658478186735176,2.578409970331236,-4.738737131207507,0.0569048513364725,3.1
Cc1cccc2c(CN3C[C@H]4CC[C@@H](C3)[C@@H]4Oc3cncc(Cl)c3)n[nH]c12,,,,-6.698970004336019,1.506505032404872,2.29269900304393,,,4.5
O=C(c1n[nH]c2cc(Cl)cnc12)N1C[C@H]2CC[C@@H](C1)[C@@H]2Oc1cncc(Cl)c1,,,,-5.832682665251824,1.60959440922522,2.6884198220027105,-5.084072788302884,0.2227164711475832,3.3
COc1ccc2c(C(=O)N3C[C@H]4CC[C@@H](C3)[C@@H]4Oc3cncc(Cl)c3)n[nH]c2c1,5.5174528964647065,5.334327804071064,,-5.832682665251824,1.2648178230095364,2.1749315935284423,-5.279840696594043,0.0253058652647702,3.8
Cc1ccc2c(C(=O)N3C[C@H]4CC[C@@H](C3)[C@@H]4Oc3cncc(Cl)c3)n[nH]c2c1,5.806138481293727,5.680574054225168,,-5.671620396561262,1.4913616938342726,2.592398846115564,-5.367542707815276,-0.00436480540245,4.0
Clc1cncc(O[C@@H]2[C@@H]3CC[C@H]2CN(Cc2cn4ccccc4n2)C3)c1,,,,-4.174573882232177,2.269979676645324,3.337339439388419,,,3.6
O=C(c1n[nH]c2cccnc12)N1C[C@@H]2C[C@H]1C[C@H]2Oc1cncc(Cl)c1,,,,-3.5590909179347823,0.5440680443502757,2.029789470831856,,,2.2
COc1ccc(-c2ccc3c(c2)c2ncn(CCCN4CCCCC4)c(=O)c2n3C)cn1,3.0094673019441425,5.253883086341872,,-4.79317412396815,1.2430380486862944,1.7075701760979365,-5.47755576649368,0.1398790864012364,2.6
COC1CN(Cc2ccc(N3CCN(C(=O)c4cn(C)c5cc(Nc6cc(C(F)(F)F)no6)ccc45)CC3)cc2)C1,4.119037174812478,4.845800966171399,,-3.9281179926938745,1.1643528557844371,1.7489628612561614,-5.7447274948966935,0.8830933585756899,2.8
C[C@H](c1n[nH]c2cccnc12)N1C[C@H]2CC[C@@H](C1)[C@@H]2Oc1cncc(Cl)c1,,,,-4.47755576649368,2.63558426631123,3.448257884196469,-4.8344589232776265,-0.1191864077192086,3.9
C[C@@H](c1n[nH]c2cccnc12)N1C[C@H]2CC[C@@H](C1)[C@@H]2Oc1cncc(Cl)c1,,,,-4.438898616350944,2.740046724051494,3.373867870327068,-4.802443786846464,-0.0969100130080563,3.8
Cc1ccc2c(CN3C[C@H]4CC[C@@H](C3)[C@@H]4Oc3cncc(Cl)c3)n[nH]c2c1,,,,-6.31069114087638,1.6730209071288962,2.783045572114693,,,4.4
COc1cccc2c(CN3C[C@H]4CC[C@@H](C3)[C@@H]4Oc3cncc(Cl)c3)n[nH]c12,,,,-6.493494967595128,1.645422269349092,2.8988348380682742,,,4.7
Clc1cncc(O[C@@H]2[C@@H]3CC[C@H]2CN(Cc2n[nH]c4cnc(Cl)cc24)C3)c1,,,,-5.703334809738469,1.8260748027008264,2.4470028984661623,,,4.3
Fc1cc(Cl)cc2[nH]nc(CN3C[C@H]4CC[C@@H](C3)[C@@H]4Oc3cncc(Cl)c3)c12,,,,-6.920818753952375,1.4955443375464486,2.699404081815337,,,4.4
COc1cc(C)c2[nH]nc(CN3C[C@H]4CC[C@@H](C3)[C@@H]4Oc3cncc(Cl)c3)c2c1,,,,-6.6777807052660805,1.54282542695918,1.8987251815894932,,,4.3
N#Cc1cccc2[nH]nc(CN3C[C@H]4CC[C@@H](C3)[C@@H]4Oc3cncc(Cl)c3)c12,,,,-6.563837352959244,2.2008504980910777,3.10595276923698,-6.346787486224656,0.367355921026019,4.6
Clc1cncc(O[C@@H]2[C@@H]3CC[C@H]2CN(Cc2cc4ccccc4s2)C3)c1,,,,-8.0,1.3996737214810382,2.2174839442139063,,,4.8
Clc1cncc(O[C@@H]2[C@@H]3CC[C@H]2CN(Cc2nc4ccccc4[nH]2)C3)c1,,,,-5.359518563029578,2.045714058940868,3.085540306036948,-4.897909474488164,-0.1487416512809247,3.9
Clc1cncc(O[C@@H]2[C@@H]3CC[C@H]2CN(Cc2cn4ccncc4n2)C3)c1,,,,-4.147520006363144,2.0017337128090005,3.054919327123814,,,3.0
Clc1cncc(O[C@@H]2[C@@H]3CC[C@H]2CN(Cc2cc4ccccn4n2)C3)c1,,,,-5.444905551421681,2.216957207361097,3.158814646724226,-5.124360062995832,0.0,4.1
Clc1cncc(O[C@@H]2[C@@H]3CC[C@H]2CN(Cc2c[nH]c4cccnc24)C3)c1,,,,-3.54821356447571,2.0569048513364727,3.5192371614969837,-4.807153884811158,0.0791812460476248,3.0
Clc1cncc(O[C@@H]2[C@@H]3CC[C@H]2CN(Cc2cnc4cn[nH]c4c2)C3)c1,,,,-5.578396073130169,1.9698816437465,2.926753905189737,,,3.9
Clc1cncc(O[C@@H]2[C@@H]3CC[C@H]2CN(Cc2ccc4ncccc4n2)C3)c1,,,,-4.91721462968355,1.8762178405916423,2.9215824403934163,,,4.2
Clc1cncc(O[C@@H]2[C@@H]3CC[C@H]2CN(Cc2cncc4cccnc24)C3)c1,,,,-4.856985199745905,2.504878459410216,3.488705793981793,,,3.8
Cn1c2ccc(OCCN3CCCCC3)cc2c2c(C(N)=O)ncnc21,0.3474538157516981,1.304551521130056,,-3.630784142589857,0.2787536009528289,2.6989700043360187,-4.835647144215563,0.2227164711475832,1.1
CC(=O)NCCOc1ccc(-c2cc(C)c3ccncc3c2)cc1,,,,-5.55129368009492,1.3944516808262162,2.818291890799996,-4.799423073245152,0.1818435879447725,3.4
Cc1cc(-c2ccc(OCCN3CCNCC3)cc2)c2ccncc2c1,,,,-3.493494967595128,0.9684829485539352,2.1264561134318045,-5.448550002027125,0.6180480967120927,1.9
Nc1c(-c2ccc(OCCN3CCCCC3)cn2)ccc2ccncc12,,,,-3.5686362358410126,0.3424226808222063,2.4412236742426123,-4.992679047077256,0.1613680022349748,2.4
Nc1ccc(-c2ccc(OCCN3CCCCC3)cn2)c2ccncc12,,,,-3.5606673061697376,0.0,2.606488850442648,-4.837435593476981,0.0899051114393979,1.8
Fc1c(-c2ccc(OCCN3CCCCC3)cc2)cc2cnccc2c1Cl,,,,-4.437707135543525,0.8260748027008264,2.636788689034375,-6.552841968657781,0.2355284469075489,4.0
Cc1c(N)c(-c2ccc(OC[C@H](C)N3CCCCC3)cc2)cc2cnccc12,,,,-3.519993057042849,1.7972675408307164,2.3525683861793087,-5.876148359032914,0.5465426634781311,2.6
Cc1c(N)c(-c2ccc(OC[C@@H](C)N3CCCCC3)cc2)cc2cnccc12,,,,-3.489454989793388,1.7664128471123994,2.2785249647370174,-6.1487416512809245,0.3692158574101428,2.5
Cn1c(-c2cccc(OCCN3CCCCC3)c2)nc2cnccc21,,,,-3.567030709125594,0.6720978579357175,2.64738297011462,-4.7657358756212105,0.2695129442179163,1.3
c1cc2nc(-c3ccc(OCCN4CCCCC4)cc3)[nH]c2cn1,,,,-3.503070351926785,0.2041199826559248,1.7730546933642626,-5.332547047110047,0.7664128471123994,1.7
Cn1c(-c2ccc(OCCN3CCCCC3)cc2)nc2cnccc21,,,,-3.5228787452803374,0.0,1.877946951629188,-4.855737226238009,0.1583624920952496,1.2
Cc1c(N)c(-c2ccc(OCCN3CC4CC4C3)cc2)cc2cnccc12,2.8247744754103525,3.8227320568272183,,-3.6020599913279625,1.5092025223311027,2.316808752053022,-6.130768280269024,0.3617278360175928,3.0
Cc1c(N)c(-c2ccc(OCCN3CCOCC3(C)C)cc2)cc2cnccc12,,,,-3.703334809738469,2.5280163411892014,2.7441364524012477,-5.94692155651658,0.2278867046136735,3.1
COCCN(C)C(=O)c1ccc(-c2cc3cnccc3c(C)c2N)cc1,,,,-3.578396073130169,1.649334858712142,2.8228869478341507,-4.598944274228156,0.0969100130080564,2.2
CNCCN(C)C(=O)c1ccc(-c2cc3cnccc3c(C)c2N)cc1,,,,-3.576754126063192,0.9294189257142929,2.0354297381845483,-5.767003889607846,0.7505083948513462,0.5
Cc1c(N)c(-c2ccc(NC(=O)CN(C)C)cc2)cc2cnccc12,,,,-3.5590909179347823,1.2278867046136734,2.6414741105041,-5.638272163982407,0.2278867046136735,2.3
Cc1c(N)c(-c2ccc(NC(=O)C3CCN(C)CC3)cc2)cc2cnccc12,,,,-3.684029654543082,1.3364597338485296,1.82865989653532,-5.460923901207224,0.4668676203541095,1.5
CN1CCN(Cc2ccc(Nc3nccc(-c4cc(F)cc(N5CCOCC5)c4)n3)cc2F)CC1,,,,-4.207608310501746,1.9929950984313416,3.3978183891895823,-6.376750709602099,0.3891660843645325,3.4
CN1CCN(Cc2ccc(Nc3nccc(-c4cccc(N5CCOCC5)c4)n3)cc2F)CC1,,,,-3.6020599913279625,1.9763499790032732,3.356675855658637,-5.528708288941061,0.0606978403536116,3.0
C#Cc1cc(-c2ccc(OCCN3CCCCC3)cc2)cc2cnccc12,5.5174528964647065,6.163715726160894,,-4.110698297493689,1.3783979009481375,2.6400837313731205,-6.494850021680094,0.3710678622717362,3.9
C#Cc1cc(-c2ccc(OCCN3CCCCC3)cc2)c2ccncc2c1,3.748992436113632,5.468461908918764,,-3.882728704344236,1.4941545940184429,2.3925210899319325,-5.8696662315049934,0.290034611362518,3.8
COCCNC(=O)c1ccc(-c2ccc3cncn3c2)cc1,,,,-3.543633966870957,0.6232492903979004,2.219060332448861,-4.555486793665957,-0.00436480540245,2.1
CN1CCC(O[C@@H]2[C@@H]3CC[C@H]2CN(C(=O)c2n[nH]cc2-c2ccc4ncsc4c2)C3)CC1,,,,-3.54515513999149,0.0,2.173186268412274,-6.376750709602099,1.3191060593097763,0.5
Clc1cncc(O[C@@H]2[C@@H]3CCC[C@H]2CN(Cc2n[nH]c4cccnc24)C3)c1,,,,-5.812479279163537,2.675961549642169,3.493095406643273,-5.168130225719499,-0.2839966563652008,4.1
Clc1cncc(O[C@@H]2[C@@H]3CC[C@H]2CN(Cc2n[nH]c4cc(-c5ccccn5)cnc24)C3)c1,,,,-6.536107011014093,2.520483532740792,3.0072782473342445,,,4.2
Cc1cccc2[nH]nc(CN3C[C@H]4CC[C@@H](C3)[C@@H]4Oc3cncc(C4CC4)c3)c12,,,,-6.749579997691106,1.3242824552976926,2.501606922418829,,,4.5
N#Cc1cncc(O[C@@H]2[C@@H]3CC[C@H]2CN(Cc2n[nH]c4cccnc24)C3)c1,,,,-4.2644011003018205,2.2329961103921536,3.22716656673143,,,2.6
Fc1cncc(O[C@@H]2[C@@H]3CC[C@H]2CN(Cc2n[nH]c4cccnc24)C3)c1,,,,-4.537602002101044,2.2187979981117376,3.445168133327569,,,3.0
Clc1cncc(O[C@@H]2[C@@H]3CC[C@H]2CN(Cc2n[nH]c4cccnc24)C3)n1,,,,-4.869666231504994,2.90655051910145,3.5659186217846006,,,3.4
Cc1cncc(O[C@@H]2[C@@H]3CC[C@H]2CN(Cc2n[nH]c4cccnc24)C3)n1,,,,-3.580044251510242,2.93028664724552,3.4840292109404567,,,2.9
Clc1cncc(O[C@@H]2[C@@H]3CC[C@H]2CN(Cc2n[nH]c4ccncc24)C3)c1,,,,-5.392544976785332,2.252610340567373,3.3140990632952843,-4.91829272990265,-0.2218487496163564,3.9
COc1ccc2c(CN3C[C@H]4CC[C@@H](C3)[C@@H]4Oc3cncc(Cl)c3)n[nH]c2c1,,,,-6.79317412396815,1.481442628502305,2.6050894618815805,,,4.5
COc1cccc2c(C(=O)N3C[C@H]4CC[C@@H](C3)[C@@H]4Oc3cncc(Cl)c3)n[nH]c12,,,,-5.653647025549361,1.4082399653118496,2.6306312440205,,,3.9
Cc1cc(F)c2c(C(=O)N3C[C@H]4CC[C@@H](C3)[C@@H]4Oc3cncc(Cl)c3)n[nH]c2c1,,,,-5.323306390375134,2.0519239160461065,3.023540521554854,-5.356547323513812,-0.1611509092627447,4.0
Cc1cc(F)c2c(CN3C[C@H]4CC[C@@H](C3)[C@@H]4Oc3cncc(Cl)c3)n[nH]c2c1,,,,-7.0,1.730782275666389,3.101368963249252,-6.619788758288394,0.220108088040055,3.2
Fc1cc(Cl)c2c(CN3C[C@H]4CC[C@@H](C3)[C@@H]4Oc3cncc(Cl)c3)n[nH]c2c1,,,,-7.036212172654444,1.3443922736851108,2.379668034033654,,,4.5
COc1cc(C)c2[nH]nc(C(=O)N3C[C@H]4CC[C@@H](C3)[C@@H]4Oc3cncc(Cl)c3)c2c1,,,,-4.732828271596986,1.4183012913197457,2.0515383905153275,-5.345823458122039,-0.2218487496163564,4.2
Cc1ccc(Cl)c2c(C(=O)N3C[C@H]4CC[C@@H](C3)[C@@H]4Oc3cncc(Cl)c3)n[nH]c12,,,,-4.728158393463501,1.606381365110605,2.2821687783046416,,,4.1
N#Cc1cccc2[nH]nc(C(=O)N3C[C@H]4CC[C@@H](C3)[C@@H]4Oc3cncc(Cl)c3)c12,,,,-4.382999658879101,1.7363965022766426,2.6983615660551097,-5.1487416512809245,0.3692158574101428,3.0
Clc1cncc(O[C@@H]2[C@@H]3CC[C@H]2CN(Cc2n[nH]c4c(Cl)nccc24)C3)c1,,,,-6.497572880015567,1.7860412102425542,2.7697464671794534,,,4.4
Clc1cncc(O[C@@H]2[C@@H]3CC[C@H]2CN(Cc2cc4ccccc4o2)C3)c1,,,,-7.387216143280264,1.7701152947871015,2.5496162395190853,,,4.8
Clc1cncc(O[C@@H]2[C@@H]3CC[C@H]2CN(Cc2nc4ccccc4s2)C3)c1,,,,-6.958607314841775,1.4409090820652175,2.2730012720637376,,,4.3
Clc1cncc(O[C@@H]2[C@@H]3CC[C@H]2CN(Cc2nc4ccccc4o2)C3)c1,,,,-5.782516055786094,2.031408464251624,2.8191489428071344,,,4.4
Clc1cncc(O[C@@H]2[C@@H]3CC[C@H]2CN(Cc2c[nH]c4ccccc24)C3)c1,,,,-5.282329496997738,2.036628895362161,3.082749476727281,,,3.9
Clc1cncc(O[C@@H]2[C@@H]3CC[C@H]2CN(Cc2cnn4cccnc24)C3)c1,,,,-3.5734887386354246,2.399327532158679,3.3848728944929207,-4.551448260798422,-0.1549019599857432,2.9
Clc1cncc(O[C@@H]2[C@@H]3CC[C@H]2CN(Cc2cc4cccn4cn2)C3)c1,,,,-5.2343314452409855,2.166726055580052,3.150510832907968,,,4.2
Clc1cncc(O[C@@H]2[C@@H]3CC[C@H]2CN(Cc2cccc4ocnc24)C3)c1,,,,-5.812479279163537,2.3643633546157306,3.2581581933407944,,,4.2
Clc1cncc(O[C@@H]2[C@@H]3CC[C@H]2CN(Cc2ccc4ncncc4c2)C3)c1,,,,-5.531652669587842,2.2314695904306814,3.213384924916388,,,4.1
O=c1ccnc2c(CN3C[C@H]4CC[C@@H](C3)[C@@H]4Oc3cncc(Cl)c3)cccn12,,,,-5.522878745280337,2.193958978019187,3.035709837827862,,,3.6
Cc1cc(-c2ccc(OCCN3CCCCC3)cc2N)cc2cnccc12,,,,-3.515700160653214,1.167317334748176,2.4350476413399647,-5.00436480540245,0.146128035678238,2.7
Cc1cc(-c2ccc(OCCNC(C)C)cc2)cc2cnccc12,3.3776909339868166,5.399167726727963,,-3.609064892896621,0.6334684555795865,2.587598729721245,-5.346787486224656,0.0530784434834196,2.7
CC(=O)NCCOc1ccc(-c2cc(C)cc3cnccc23)cc1,,,,-3.8416375079047502,1.4265112613645752,2.5021538928713607,-4.832682665251824,-0.00436480540245,3.6
COc1c(-c2ccc(OCCN3CCCCC3)cc2)cc2cnccc2c1C,,,,-3.567030709125594,1.836324115706752,2.7370335313338776,-5.6307841425898575,0.3201462861110539,3.6
COc1c(C)cc2cnccc2c1-c1ccc(OCCN2CCCCC2)cc1,,,,-3.595166283380062,1.714329759745233,2.671172842715084,-5.505845405981558,0.3242824552976926,3.5
COc1c(-c2ccc(OCCN3CCCCC3)cc2)cc2cnccc2c1Cl,4.119037174812478,5.875331934468235,,-3.8096683018297086,1.7474118078864234,2.76618969331016,-5.886056647693163,0.3159703454569177,3.8
CC(C)Oc1cc(-c2ccc(OCCN3CCCCC3)cc2)cc2cnccc12,,,,-3.924453038607469,1.4065401804339552,2.220631019448092,-6.795880017344075,0.5587085705331657,4.2
c1cc(OCCN2CCCCC2)cc(-c2cc3ccncc3[nH]2)c1,,,,-3.779891911959945,1.1702617153949575,2.020775488193558,-5.950781977329818,0.4232458739368078,2.4
Cn1c(-c2ccc(OCCN3CCCCC3)cc2)nc2ccncc21,,,,-3.586700235918748,1.0,2.15259407792747,-4.756713853916554,0.0606978403536116,1.4
Cc1c(N)c(-c2ccc(OCCN3CCC[C@H](F)C3)cc2)cc2cnccc12,,,,-3.863279432843593,1.8887409606828929,2.515741416669365,-5.943095148663527,0.2944662261615929,3.2
Cc1c(N)c(-c2ccc(OCCN3CCC[C@@H](F)C3)cc2)cc2cnccc12,,,,-3.863279432843593,2.104145550554008,2.57978359661681,-5.87942606879415,0.1931245983544616,3.2
Cc1c(N)c(-c2ccc(OCCN3CCOCC3)cc2)cc2cnn(C)c12,,,,-3.5606673061697376,1.3483048630481609,2.431363764158988,-4.674279141980588,-0.0555173278498313,2.6
Cc1c(N)c(-c2ccc(OCCN3CCOCC3)cc2)cc2cn(C)nc12,,,,-3.562249437179612,0.1139433523068367,1.7641761323903309,-4.427593132441944,-0.1307682802690238,1.9
Cc1c(N)c(-c2ccc(OCCN3CCCCC3)cc2)cc2cnn(C)c12,,,,-3.5850266520291822,0.6812412373755872,1.6138418218760693,-4.634512015109101,-0.0757207139381183,2.4
Cc1c(N)c(-c2ccc(OCCN3CCCCC3)cc2)cc2cn(C)nc12,,,,-3.5466816599529625,0.0,1.2013971243204515,-4.555955204081924,-0.1023729087095585,1.6
Cc1c(N)c(-c2ccc(CCCN3CCCCC3)cc2)cc2cnccc12,,,,-3.5850266520291822,1.2648178230095364,2.38147609027503,-5.7447274948966935,0.220108088040055,2.3
Cc1c(N)c(-c2ccc(NC(=O)C3CCNCC3)cc2)cc2cnccc12,,,,-3.688246138944246,0.4771212547196624,2.144574207609616,-6.080921907623926,-0.0132282657337551,0.2
NC(=O)Cc1cccc(Nc2nccc(-c3cncc(F)c3)n2)c1,,,,-4.632644078973981,2.110252917353403,2.429429264381788,-4.749092300299144,0.1931245983544616,1.9
NC(=O)Cc1cccc(Nc2nccc(-c3ccc(F)nc3)n2)c1,,,,-4.381951903287908,1.9813655090785445,3.1878026387184195,-4.744245213356956,0.093421685162235,2.0
NC(=O)Cc1cccc(Nc2nccc(-c3cccnc3F)n2)c1,,,,-4.4156687756324695,1.8943160626844384,3.150080686233493,-5.020451625295905,0.4814426285023049,2.0
Fc1cc(Nc2nccc(-c3ccnnc3)n2)c(F)cc1CN1CCOCC1,,,,-4.399027104313252,0.99563519459755,2.345569756056392,-4.912573542963715,0.3222192947339193,2.0
Fc1c(CN2CCOCC2)ccc(Nc2nccc(-c3ccnnc3)n2)c1F,,,,-3.542118103266008,0.9030899869919436,2.160168292958512,-4.4780777551165,-0.2757241303992109,1.9
Cc1c(N)c(-c2ccc(OCCN(C)CC(F)(F)F)cc2)cc2cnccc12,,,,-4.85078088734462,2.0310042813635367,2.4212747912103465,-6.0655015487564325,0.5998830720736879,4.0
Cc1c(N)c(-c2ccc(OCCN3CC(F)C3)cc2)cc2cnccc12,,,,-3.5606673061697376,1.711807229041191,2.8057047044338645,-6.301029995663981,0.4941545940184428,2.9
Cc1c(N)c(-c2ccc(OC3CN(C(C)(C)C)C3)cc2)cc2cnccc12,,,,-3.4975728800155674,1.3926969532596658,2.208710019906401,-6.236572006437063,0.6683859166900001,2.9
Cc1c(N)c(-c2ccc(OCCN3CCCCCC3)cc2)cc2cnccc12,,,,-3.5590909179347823,1.6354837468149122,2.27207378750001,-6.522878745280337,0.795184589682424,2.7
Cc1c(N)c(-c2ccc(OCCN(C)C(C)C)cc2)cc2cnccc12,,,,-3.5917600346881504,0.9637878273455552,2.344981413927258,-6.086186147616283,0.5954962218255742,2.1
Cc1cc(C#N)cc(-c2ccc(OCCN3CCCCC3)cc2)c1N,,,,-3.575118363368933,1.276461804173244,2.0770043267933502,-5.112945621949043,0.2695129442179163,2.7
c1cnc2c(CN3C[C@H]4CC[C@@H](C3)[C@@H]4Oc3cncc(C4CC4)c3)n[nH]c2c1,,,,-4.7447274948966935,2.3827372657613304,3.3861956561205666,,,3.7
CN1CCC(O[C@@H]2[C@@H]3CC[C@H]2CN(Cc2n[nH]cc2-c2ccc4ncsc4c2)C3)CC1,,,,-3.571865205971211,1.4668676203541096,2.9354568807116097,,,2.4
O=C(c1n[nH]c2cccnc12)N1C[C@H]2CCC[C@@H](C1)[C@@H]2Oc1cncc(Cl)c1,,,,-4.191114132640188,1.1398790864012365,2.6904618932461783,,,2.9
FC(F)(F)c1cncc(O[C@@H]2[C@@H]3CC[C@H]2CN(Cc2n[nH]c4cccnc24)C3)c1,,,,-4.87942606879415,2.8120438979302267,3.438668900686737,,,3.8
FC(F)(F)c1ncccc1O[C@@H]1[C@@H]2CC[C@H]1CN(Cc1n[nH]c3cccnc13)C2,,,,-5.018181392829336,2.1280760126687155,3.2805328444513826,,,3.6
N#Cc1ncccc1O[C@@H]1[C@@H]2CC[C@H]1CN(Cc1n[nH]c3cccnc13)C2,,,,-4.97061622231479,1.7218106152125463,2.9279346817411795,,,2.6
c1cnc2c(CN3C[C@H]4CC[C@@H](C3)[C@@H]4Oc3cncc(C4CC4)n3)n[nH]c2c1,,,,-4.954677021213342,2.9968617684906733,3.5974648171576877,,,3.7
COc1cncc(O[C@@H]2[C@@H]3CC[C@H]2CN(Cc2n[nH]c4cccnc24)C3)n1,,,,-4.590066876668706,2.944334591970782,3.540742296330543,,,3.2
Clc1ncc(O[C@@H]2[C@@H]3CC[C@H]2CN(Cc2n[nH]c4cccnc24)C3)cn1,,,,-5.0301183562535,1.5390760987927767,2.287801729930226,,,2.7
Cc1ncc(O[C@@H]2[C@@H]3CC[C@H]2CN(Cc2n[nH]c4cccnc24)C3)cn1,,,,-3.5606673061697376,1.0644579892269184,2.008600171761917,,,2.3
Cc1cc(Cl)cc2c(C(=O)N3C[C@H]4CC[C@@H](C3)[C@@H]4Oc3cncc(Cl)c3)n[nH]c12,,,,-6.920818753952375,1.0086001717619175,2.065206128054312,,,4.4
O=C(c1n[nH]c2cc(Cl)cc(F)c12)N1C[C@H]2CC[C@@H](C1)[C@@H]2Oc1cncc(Cl)c1,,,,-5.681936665037238,1.9618954736678504,2.7813963051967905,,,4.2
O=C(c1n[nH]c2cc(F)cc(Cl)c12)N1C[C@H]2CC[C@@H](C1)[C@@H]2Oc1cncc(Cl)c1,,,,-5.474955192963154,1.615950051656401,2.3703280077795106,,,4.0
Cc1ccc(Cl)c2c(CN3C[C@H]4CC[C@@H](C3)[C@@H]4Oc3cncc(Cl)c3)n[nH]c12,,,,-7.167491087293763,1.6364878963533651,2.335858911319818,,,4.9
NC(=O)c1ccc2[nH]nc(C(=O)N3C[C@H]4CC[C@@H](C3)[C@@H]4Oc3cncc(Cl)c3)c2c1,,,,-5.714442690992226,0.9444826721501688,2.317018101048112,,,2.7
NC(=O)c1ccc2[nH]nc(CN3C[C@H]4CC[C@@H](C3)[C@@H]4Oc3cncc(Cl)c3)c2c1,,,,-4.640164517660112,2.2814878879400813,3.384675923359566,,,3.5
Clc1cncc(O[C@@H]2[C@@H]3CC[C@H]2CN(Cc2cc4c(Cl)cccc4s2)C3)c1,,,,-7.585026652029182,0.6232492903979004,1.7831886910752577,,,5.2
Clc1cncc(O[C@@H]2[C@@H]3CC[C@H]2CN(Cc2cn4ncccc4n2)C3)c1,,,,-4.647817481888637,2.1728946977521764,3.079145053332749,,,3.4
O=C(c1cc2ccccc2[nH]c1=O)N1C[C@H]2CC[C@@H](C1)[C@@H]2Oc1cncc(Cl)c1,,,,-4.806875401645539,0.919078092376074,2.768860000842957,,,2.9
Cc1nc(-c2ccc3c(c2)c2ncn(CCCN4CCCCC4)c(=O)c2n3C)c[nH]1,0.601502590648827,2.6257415536394864,,-3.5654310959658013,0.7403626894942439,0.8512583487190752,-6.6777807052660805,1.9311017456326387,1.2
Cn1c2ccc(-c3ccncn3)cc2c2ncn(CCCN3CCCCC3)c(=O)c21,1.2026732589838505,1.9689659253552387,,-3.5917600346881504,1.089905111439398,1.8188854145940097,-5.032920265855503,0.0969100130080564,1.2
CN1CCC[C@@H](Cn2ccc3c([nH]c4nc(C5CC5)ccc43)c2=O)C1,1.1858610543828894,2.7912287905876094,,-3.598599459218456,0.3617278360175928,1.4727564493172125,-4.783570169123749,0.0755469613925307,1.6
O=C(c1n[nH]c2ccccc12)N1C[C@H]2CC[C@@H](C1)[C@@H]2Oc1ccc(Cl)cc1,,,,-6.747146969020107,0.0,2.1024337056813365,,,4.5
Clc1ccc(O[C@@H]2[C@@H]3CC[C@H]2CN(Cc2n[nH]c4ccccc24)C3)cc1,,,,-7.087777943467585,1.100370545117563,2.35237549500052,,,4.3
Fc1cccnc1O[C@@H]1[C@@H]2CC[C@H]1CN(Cc1n[nH]c3cccnc13)C2,,,,-5.068033885271827,2.198931869932209,3.554549726837737,,,3.2
Cc1cccnc1O[C@@H]1[C@@H]2CC[C@H]1CN(Cc1n[nH]c3cccnc13)C2,,,,-5.174573882232177,2.2739267801005254,3.5351928150546965,,,3.6
Cc1cc(-c2ccc(OCCN3CCNCC3)cc2)cc2cnccc12,3.3167800398495717,5.334327804071064,,-3.6020599913279625,1.0453229787866574,2.352953911710088,-5.684029654543083,0.424881636631067,1.9
Cc1c(F)c(-c2ccc(OCCN3CCCCC3)cc2)cc2cnccc12,,,,-3.580044251510242,1.021189299069938,2.8055008581584,-5.939302159646388,0.2648178230095365,3.7
Cc1c(N(C)C)c(-c2ccc(OCCN3CCCCC3)cc2)cc2cnccc12,4.4107760479598666,6.263999585520139,,-4.924453038607469,1.8987251815894932,2.3592661646067485,-7.096910013008056,0.920123326290724,4.2
Cn1c(-c2cccc(OCCN3CCCCC3)c2)nc2ccncc21,,,,-3.583359492661719,1.3521825181113625,2.785258633357701,-4.851705902565255,0.1789769472931694,1.5
Cc1c(N)c(-c2ccc(OCCN3CCCCC3(C)C)cc2)cc2cnccc12,,,,-3.649751981665837,1.847572659142112,2.1861083798132053,-5.954677021213342,0.2966651902615311,2.7
Cc1c(N)c(-c2c(F)cc(OCCN3CCCCC3)cc2F)cc2cnccc12,3.346803309596356,3.4389535882057696,,-3.598599459218456,1.4941545940184429,2.137986732723532,-5.920818753952375,0.2787536009528289,2.8
Fc1cc(Nc2nccc(-c3ccnnc3)n2)c(Cl)cc1CN1CCOCC1,,,,-4.585026652029182,1.3463529744506386,2.287129620719111,-4.572513890904214,0.0718820073061253,2.5
Fc1cc(Nc2nccc(-c3ccnnc3)n2)cc(F)c1CN1CCOCC1,,,,-4.730487055782084,1.5289167002776547,2.250420002308894,-4.620331965966346,0.0681858617461616,2.3
Cc1c(N)c(-c2ccc(OC[C@H]3CCCCN3C)cc2)cc2cnccc12,1.6287621852605028,3.162540022460277,,-3.598599459218456,1.4329692908744058,2.129689892199301,-6.031517051446065,0.4065401804339551,2.4
Cc1c(N)c(-c2ccc(OC[C@@H]3CCCCN3C)cc2)cc2cnccc12,,,,-3.6615435063953954,1.4593924877592308,2.113943352306837,-6.031517051446065,0.4653828514484183,2.5
CC(=O)N1CCN(CCOc2ccc(-c3cc4cnccc4c(C)c3N)cc2)CC1,,,,-3.6216020990518634,1.7185016888672742,2.28397928423848,-5.23210238398191,0.4638929889859073,2.5
Cc1c(N)c(-c2ccc(OCCN3CCCOCC3)cc2)cc2cnccc12,,,,-3.576754126063192,1.8221680793680173,2.42422807069598,-6.173925197299173,0.4281347940287888,2.7
CCN(CC)CCOc1ccc(-c2cc3cnccc3c(C)c2N)cc1,1.7987770418867015,2.7148973445754607,,-3.628932137728264,1.3673559210260189,2.298853076409707,-6.050609993355088,0.3838153659804312,2.1
Cc1c(N)c(-c2ccc(OCCN(C)C3CCCCC3)cc2)cc2cnccc12,,,,-3.625251653989896,2.0350292822023683,2.4614985267830187,-6.853871964321762,0.6821450763738317,3.2
Cc1c(N)c(-c2ccc(OC[C@H](C)N3CCCC3)cc2)cc2cnccc12,1.4370666864933137,2.907175301202579,,-3.617982957425132,1.4517864355242902,2.128722284338427,-6.070581074285707,0.6283889300503115,2.1
Cc1c(N)c(-c2ccc(OC[C@@H](C)N3CCCC3)cc2)cc2cnccc12,1.355332135515924,2.873089316747417,,-3.6020599913279625,1.3384564936046048,1.9772662124272928,-5.958607314841775,0.4393326938302626,2.1
Cc1c(N)c(-c2ccc(OC[C@@H](C)N3CCOCC3)cc2)cc2cnccc12,,,,-3.571865205971211,2.001300933020418,2.561816664318957,-5.732828271596986,0.2479732663618066,3.2
Cc1c(N)c(-c2ccc(OC[C@H](C)N3CCOCC3)cc2)cc2cnccc12,,,,-3.5917600346881504,1.8943160626844384,2.645716939369604,-5.627087997029894,0.1846914308175988,3.2
CCN(C)CCOc1ccc(-c2cc3cnccc3c(C)c2N)cc1,1.7112627732596188,2.780264666111885,,-3.54515513999149,1.2174839442139065,2.40226138245468,-5.567030709125595,0.1931245983544616,2.1
Cc1c(N)c(-c2ccc(OCCN3CCCCC3)cn2)cc2cnccc12,,,,-3.549750891680639,1.0569048513364727,2.1332194567324945,-5.703334809738469,0.1789769472931694,2.2
Cc1cccc(-c2ccc(OCCN3CCCCC3)cc2)c1N,2.1322666810614472,3.422488104471038,,-3.595166283380062,0.7403626894942439,2.3416323357780544,-4.676747899828313,0.0,2.4
Cc1cc(C#N)cc(-c2ccc(OCCN3CCCCC3)cc2)c1,,,,-3.6716203965612624,0.8129133566428556,2.772615049849171,-5.2839966563652006,0.0569048513364725,3.4
c1cc(-c2ccc3cncn3c2)ccc1OCCN1CC2(COC2)C1,,,,-3.630784142589857,1.4471580313422192,1.9633155113861116,-4.712646227285253,-0.0915149811213502,2.0
CN(C)Cc1cncc(O[C@@H]2[C@@H]3CC[C@H]2CN(Cc2n[nH]c4cccnc24)C3)c1,,,,-3.567030709125594,1.260071387985075,2.519696767159853,,,1.9
N#Cc1ncc(O[C@@H]2[C@@H]3CC[C@H]2CN(Cc2n[nH]c4cccnc24)C3)cn1,,,,-5.628932137728264,1.2201080880400552,1.980911937776844,,,2.3
Clc1cc(O[C@@H]2[C@@H]3CC[C@H]2CN(Cc2n[nH]c4cccnc24)C3)cnn1,,,,-4.051587034221399,1.307496037913213,2.19506899646859,,,2.2
N#Cc1ccc2c(C(=O)N3C[C@H]4CC[C@@H](C3)[C@@H]4Oc3cncc(Cl)c3)n[nH]c2c1,,,,-5.33913452199613,0.8260748027008264,2.3001605369513523,,,3.9
O=C(c1n[nH]c2cnc(Cl)cc12)N1C[C@H]2CC[C@@H](C1)[C@@H]2Oc1cncc(Cl)c1,,,,-6.077793722560983,1.437750562820388,1.8639173769578603,,,3.8
Clc1cncc(O[C@@H]2[C@@H]3CC[C@H]2CN(Cc2ncc4ccccc4n2)C3)c1,,,,-4.210419287835575,2.1583624920952498,3.259426626587052,,,3.9
O=c1ccc2[nH]nc(CN3C[C@H]4CC[C@@H](C3)[C@@H]4Oc3cncc(Cl)c3)c2[nH]1,,,,-4.505845405981558,1.865103974641128,2.943890048248473,,,2.8
O=c1[nH]cc(CN2C[C@H]3CC[C@@H](C2)[C@@H]3Oc2cncc(Cl)c2)c2ccccc12,,,,-6.638272163982407,1.4983105537896004,2.657151501900967,,,4.6
O=c1cc(CN2C[C@H]3CC[C@@H](C2)[C@@H]3Oc2cncc(Cl)c2)c2ccccc2[nH]1,,,,-6.761953896871205,1.6848453616444126,2.704407927386841,,,4.4
O=c1[nH]c2ccccc2cc1CN1C[C@H]2CC[C@@H](C1)[C@@H]2Oc1cncc(Cl)c1,,,,-6.493494967595128,1.4548448600085102,2.827110687466011,,,4.2
O=C(c1n[nH]c(=O)c2ccccc12)N1C[C@H]2CC[C@@H](C1)[C@@H]2Oc1cncc(Cl)c1,,,,-6.218244625347531,0.8864907251724818,2.579897869603104,-4.874518734299406,0.2329961103921538,2.6
O=c1[nH]nc(CN2C[C@H]3CC[C@@H](C2)[C@@H]3Oc2cncc(Cl)c2)c2ccccc12,,,,-6.364516253185088,1.7512791039833422,3.097639015546839,,,4.2
O=C(N[C@H]1CC[C@H](Oc2cncc(Cl)c2)CC1)c1n[nH]c2cccnc12,,,,-4.97061622231479,1.0453229787866574,1.5705429398818975,-4.94692155651658,0.2013971243204515,3.1
O=C(Nc1ccc(Oc2cncc(Cl)c2)cc1F)c1n[nH]c2cccnc12,,,,-6.282329496997738,1.2329961103921538,1.5740312677277188,,,4.0
CCOc1cc2[nH]c3nn(CCCN4CCCCC4)c(=O)cc3c2cn1,-0.5537276453102001,0.5524335125111878,,-3.593459819566045,1.212187604403958,1.3053513694466237,-5.347753658996677,0.8830933585756899,0.8
CC(=O)NCCOc1cnn(-c2ccc3ccncc3c2)c1,,,,-3.51427857351842,0.8808135922807914,2.6851144690465394,-4.658367664221946,0.0969100130080564,2.0
Cc1c(-c2ccc(OCCN3CCCCC3)cc2)cc2cnccc2c1N,,,,-3.557520230935552,1.089905111439398,2.684665864025861,-5.13608262304214,0.1038037209559568,2.8
Cc1c(N)c(-c2ccc(NC(=O)CCN(C)C)cc2)cc2cnccc12,,,,-3.55129368009492,0.9542425094393248,2.046495164334708,-5.543633966870957,0.7466341989375788,1.5
NC(=O)Cc1ccc(F)c(Nc2nccc(-c3cccnc3)n2)c1,,,,-4.202040356262804,1.9185545305502736,2.239799818447098,-4.619788758288394,0.2329961103921538,1.8
CC#Cc1cc(-c2ccc(OCCN3CCCCC3)cc2)cc2cnccc12,,,,-5.705533773838408,1.2430380486862944,2.252610340567373,-7.096910013008056,0.6190933306267428,4.3
Cc1c(N)c(-c2ccc(OC[C@H]3CCCN3C)cc2)cc2cnccc12,,,,-3.567030709125594,1.110589710299249,2.188084373714938,-5.7544873321858505,0.3304137733491908,2.2
Cc1c(N)c(-c2ccc(O[C@H](C)CN3CCOCC3)cc2)cc2cnccc12,,,,-3.614393726401688,1.944975908412048,2.650404669868032,-5.4723700991286615,0.0681858617461616,3.2
C(#CC1CC1)c1cc(-c2ccc(OCCN3CCCCC3)cc2)cc2cnccc12,,,,-6.462180904926726,1.1172712956557642,1.9995654882259823,-7.522878745280337,0.6232492903979004,4.4
N#Cc1cc(C#N)cc(-c2ccc(OCCN3CCCCC3)cc2)c1,,,,-4.486782399932061,0.9138138523837168,1.7589118923979734,-4.748848656824645,0.0644579892269184,2.3
Cc1c(N)c(-c2ccc(O[C@H]3CCN(C(C)C)C3)cc2)cc2cnccc12,,,,-3.595166283380062,1.64738297011462,2.405346360175709,-5.910094888560602,0.5211380837040362,2.3
Cc1c(N)c(-c2ccc(O[C@@H]3CCN(C(C)C)C3)cc2)cc2cnccc12,1.6434217652496987,3.234167283278837,,-3.595166283380062,1.5250448070368452,2.182129214052998,-5.882728704344236,0.292256071356476,2.4
Cc1c(N)c(-c2ccc(OCCN3CCC[C@@H](C)C3)cc2)cc2cnccc12,,,,-3.598599459218456,1.8109042806687004,2.1248301494138597,-5.860120913598763,0.0492180226701816,2.9
Cc1c(N)c(-c2ccc(OCCN3CCC[C@H](C)C3)cc2)cc2cnccc12,,,,-3.5917600346881504,1.8603380065709936,2.3104808914626758,-6.161150909262744,0.2121876044039577,2.9
CCN1CC[C@H](Oc2ccc(-c3cc4cnccc4c(C)c3N)cc2)C1,,,,-3.688246138944246,1.5276299008713388,2.4952667443878105,-5.910094888560602,0.456366033129043,1.9
CCN1CC[C@@H](Oc2ccc(-c3cc4cnccc4c(C)c3N)cc2)C1,1.900958761193047,3.0573782522924846,,-3.642065152999546,1.5250448070368452,2.4072208929273966,-6.309803919971486,0.290034611362518,2.2
Cc1c(N)c(-c2ccc(OC[C@@H]3COCCN3C)cc2)cc2cnccc12,,,,-3.557520230935552,1.8518696007297664,2.459844642388208,-5.543633966870957,0.2600713879850748,2.8
Cc1c(N)c(-c2ccc(OC[C@H]3COCCN3C)cc2)cc2cnccc12,,,,-3.593459819566045,2.197280558125619,2.484869032720402,-5.617982957425132,0.1673173347481761,2.9
Cc1c(N)c(-c2ccc(CCN3CCC3)cc2)cc2cnccc12,,,,-3.567030709125594,0.7781512503836436,2.1020905255118367,-5.42712839779952,0.2095150145426309,1.5
Fc1cc(-c2ccc(OCCN3CCCCC3)cc2)cc2cnccc12,,,,-3.5900668766687054,1.1958996524092338,2.9518715571283645,-5.6439741428068775,0.220108088040055,3.5
Fc1cc(-c2ccc(OCCN3CCCCC3)cc2)c2ccncc2c1,3.178053830347945,4.138270016280908,,-3.5466816599529625,1.5365584425715302,2.660675788338524,-4.973466735476703,-0.1191864077192086,3.4
Fc1cc(-c2ccc(OCCN3CCOCC3)cc2)cn2cncc12,,,,-3.563837352959244,1.4941545940184429,2.380934463330702,-4.801893001126598,-0.1487416512809247,3.1
C[C@@H](c1n[nH]c2cccnc12)N1C[C@@H]2[C@H](C1)[C@H]2Oc1cncc(Cl)c1,,,,-3.54515513999149,2.496929648073215,3.3852844547752103,,,3.3
C[C@H](c1n[nH]c2cccnc12)N1C[C@@H]2[C@H](C1)[C@H]2Oc1cncc(Cl)c1,,,,-3.549750891680639,2.499687082618404,3.463445031770428,,,3.3
Cn1cnc2cc(O[C@@H]3[C@@H]4CC[C@H]3CN(Cc3n[nH]c5cccnc35)C4)ccc21,,,,-3.5214335044061564,1.3242824552976926,2.898396045930009,,,2.6
Clc1cnnc(O[C@@H]2[C@@H]3CC[C@H]2CN(Cc2n[nH]c4cccnc24)C3)c1,,,,-3.575118363368933,1.383815365980431,2.627058464000989,,,2.6
Cc1cc(O[C@@H]2[C@@H]3CC[C@H]2CN(Cc2n[nH]c4cccnc24)C3)cnn1,,,,-3.55129368009492,1.1398790864012365,1.9370161074648145,,,2.0
COc1cc(Cl)c2c(CN3C[C@H]4CC[C@@H](C3)[C@@H]4Oc3cncc(Cl)c3)n[nH]c2c1,,,,-7.337242168318426,1.2787536009528289,2.53198955141255,,,5.0
O=C(c1n[nH]c2ccc(=O)[nH]c12)N1C[C@H]2CC[C@@H](C1)[C@@H]2Oc1cncc(Cl)c1,,,,-4.411168274405793,1.0086001717619175,1.7315887651867388,,,2.6
COc1ccc2[nH]nc(C(=O)N3C[C@H]4CC[C@@H](C3)[C@@H]4Oc3cncc(Cl)c3)c2n1,,,,-4.950781977329818,1.24551266781415,2.4358443659844413,,,3.3
COc1ccc2[nH]nc(CN3C[C@H]4CC[C@@H](C3)[C@@H]4Oc3cncc(Cl)c3)c2n1,,,,-5.3788237182249645,2.581722159949099,3.321411997974005,,,4.0
O=c1[nH]ccc2[nH]nc(CN3C[C@H]4CC[C@@H](C3)[C@@H]4Oc3cncc(Cl)c3)c12,,,,-3.5257837359237447,1.8221680793680173,3.0540765572905104,,,2.4
O=C(c1c[nH]c(=O)c2ccccc12)N1C[C@H]2CC[C@@H](C1)[C@@H]2Oc1cncc(Cl)c1,,,,-5.279840696594043,0.6720978579357175,2.6044420662607237,,,2.8
O=C(c1cc(=O)[nH]c2ccccc12)N1C[C@H]2CC[C@@H](C1)[C@@H]2Oc1cncc(Cl)c1,,,,-4.609064892896621,0.7993405494535817,2.3244882333076564,,,2.7
O=C(c1cc2ccccc2c(=O)[nH]1)N1C[C@H]2CC[C@@H](C1)[C@@H]2Oc1cncc(Cl)c1,,,,-5.210419287835575,1.3463529744506386,2.7018269303971394,,,3.3
O=c1[nH]c(CN2C[C@H]3CC[C@@H](C2)[C@@H]3Oc2cncc(Cl)c2)cc2ccccc12,,,,-6.920818753952375,1.5171958979499742,3.035469763481282,,,4.5
O=C(c1nc(=O)[nH]c2ccccc12)N1C[C@H]2CC[C@@H](C1)[C@@H]2Oc1cncc(Cl)c1,,,,-4.882728704344236,0.5185139398778874,2.0884904701823963,,,2.1
O=c1[nH]cc2ccccc2c1CN1C[C@H]2CC[C@@H](C1)[C@@H]2Oc1cncc(Cl)c1,,,,-4.709965388637482,1.9566485792052035,3.36087729710204,,,3.9
O=C(Nc1ccc(Oc2cncc(Cl)c2)cc1)c1n[nH]c2cccnc12,,,,-5.79317412396815,0.9912260756924948,1.9365137424788932,,,3.7
CC(=O)N1CC(COc2cnn(-c3ccc4ccncc4c3)c2)C1,,,,-3.5316526695878427,0.8325089127062363,3.015904377895553,-4.531209737900389,0.0,2.0
Cc1c(N)c(-c2ccc(OCCN3CCCCC3)cc2)cc2cncnc12,2.121757746414593,6.906754778648553,,-3.537602002101044,1.1846914308175989,2.6403820447095683,-4.713992877920526,-0.0457574905606751,2.4
Nc1c(-c2ccc(OCCN3CCCCC3)cc2)cc2cncnc2c1Br,,,,-3.5654310959658013,1.1760912590556811,2.5375672571526757,-4.597738617545319,-0.1307682802690238,2.3
COCC(=O)N(C)c1ccc(-c2cc3cnccc3c(C)c2N)cc1,,,,-3.552841968657781,1.110589710299249,2.296884475538547,-4.624702261782661,0.1303337684950061,2.0
NC(=O)Cc1cc(Nc2nccc(-c3cccnc3)n2)ccc1F,,,,-4.628932137728264,1.7596678446896306,2.625723909525756,-5.039529222465701,0.5477747053878226,1.8
NC(=O)Cc1cc(F)cc(Nc2nccc(-c3cccnc3)n2)c1,,,,-4.605548319173784,1.7558748556724917,2.5758803156806462,-5.060980223551334,0.6404814369704218,2.2
Cc1c(N)c(-c2ccc(OCCN3CCN(S(C)(=O)=O)CC3)cc2)cc2cnccc12,,,,-5.376750709602099,2.096910013008056,2.3647385550553985,-5.27083521030723,0.3541084391474008,2.6
CCN1CCC[C@H]1COc1ccc(-c2cc3cnccc3c(C)c2N)cc1,1.8320015855064884,3.0785682791331395,,-3.567030709125594,1.354108439147401,2.166133970305109,-5.8696662315049934,0.3996737214810381,2.3
CCN1CCC[C@@H]1COc1ccc(-c2cc3cnccc3c(C)c2N)cc1,1.5505974124111666,3.090519850785669,,-3.515700160653214,1.385606273598312,2.1451964061141817,-5.882728704344236,0.3541084391474008,2.3
Cc1c(N)c(-c2ccc(OCCN3CCCC[C@H]3C)cc2)cc2cnccc12,,,,-3.543633966870957,1.7589118923979734,2.280350693046006,-6.251811972993799,0.4941545940184428,2.7
Cc1c(N)c(-c2ccc(OCCN3CCCC[C@@H]3C)cc2)cc2cnccc12,,,,-3.54515513999149,1.7551122663950711,2.3541084391474008,-6.214670164989233,0.541579243946581,2.7
Fc1cc(-c2ccnc(Nc3ccc(NC4CCOCC4)cn3)n2)cc(N2CCOCC2)c1,,,,-4.669586226650809,2.230448921378274,2.4614985267830187,-5.292429823902063,0.2648178230095365,3.4
Fc1cc(-c2ccnc(Nc3ccc(NC4CCOCC4)nc3)n2)cc(N2CCOCC2)c1,,,,-5.139063379299906,1.6294095991027189,2.87742894078822,-5.273272790973428,0.2695129442179163,3.5
Fc1cc(-c2ccnc(Nc3ccc(NC4CCOCC4)cc3F)n2)cc(N2CCOCC2)c1,,,,-6.552841968657781,1.292256071356476,2.3754807146185724,-5.591760034688151,0.2227164711475832,3.9
Fc1cc(-c2ccnc(Nc3ccc(NC4CCOCC4)c(F)c3)n2)cc(N2CCOCC2)c1,,,,-7.031517051446065,1.100370545117563,2.115277591395901,-5.939302159646388,0.041392685158225,4.2
Brc1cc(-c2ccc(OCCN3CCCCC3)cc2)cc2cncnc12,,,,-3.54821356447571,1.3031960574204888,2.688330818112266,-5.053056729302175,-0.0177287669604316,2.9
N#Cc1cc(-c2ccc(OCCN3CCOCC3)cc2)cc2cnccc12,3.8918202981106256,3.8867307105767424,,-4.42712839779952,1.6972293427597176,2.742332282357148,-4.9396799713117145,-0.0655015487564322,3.2
N#Cc1cc(-c2ccc(OCCN3CCOCC3)cc2)c2ccncc2c1,,,,-4.645891560852599,1.57978359661681,2.590953235187986,-4.699187205881883,-0.0861861476162833,2.9
Cc1cc(-n2ccc(OCC3CNC3)n2)cc2cccnc12,,,,-3.5257837359237447,0.0,2.010299956639812,-4.895854449445992,0.3201462861110539,0.1
Clc1cc(-n2ccc(OCC3CNC3)n2)cc2cccnc12,,,,-3.552841968657781,0.0,1.2833012287035497,-5.145693958198919,0.4941545940184428,-0.2
N#Cc1cc(-n2ccc(OCC3CNC3)n2)cc2cccnc12,,,,-3.5287082889410613,0.0,1.421603926869831,-5.943095148663527,1.338854746252323,-1.0
c1ncc2cc(-n3ccc(OCC4CNC4)n3)ccc2n1,,,,-3.54515513999149,1.252853030979893,3.145040940037024,-5.191789027075778,0.4487063199050799,-1.3
O=Cc1cncc(O[C@@H]2[C@@H]3CC[C@H]2CN(Cc2n[nH]c4cccnc24)C3)c1,,,,-3.6439741428068775,2.727134423760489,3.1749896504073343,,,2.3
CN(C)Cc1ncccc1O[C@@H]1[C@@H]2CC[C@H]1CN(Cc1n[nH]c3cccnc13)C2,,,,-3.5466816599529625,0.4771212547196624,1.8457180179666584,,,1.5
Cn1cnc2ccc(O[C@@H]3[C@@H]4CC[C@H]3CN(Cc3n[nH]c5cccnc35)C4)cc21,,,,-4.317854923626168,2.013679697291193,2.882011961626658,,,2.7
FC(F)c1cncc(O[C@@H]2[C@@H]3CC[C@H]2CN(Cc2n[nH]c4cccnc24)C3)n1,,,,-4.178486471595227,2.9003671286564705,3.4972200027144877,,,3.1
N#Cc1cncc(O[C@@H]2[C@@H]3CC[C@H]2CN(Cc2n[nH]c4cccnc24)C3)n1,,,,-4.621602099051862,2.2380461031287955,3.3575537197430814,,,2.6
N#Cc1cc(O[C@@H]2[C@@H]3CC[C@H]2CN(Cc2n[nH]c4cccnc24)C3)cnn1,,,,-3.7878123955960414,1.2253092817258628,1.9350031514536548,,,1.9
COc1cc(Cl)c2c(C(=O)N3C[C@H]4CC[C@@H](C3)[C@@H]4Oc3cncc(Cl)c3)n[nH]c2c1,,,,-5.440093374963888,1.615950051656401,2.747334109615905,,,3.9
COc1cc(Cl)cc2[nH]nc(CN3C[C@H]4CC[C@@H](C3)[C@@H]4Oc3cncc(Cl)c3)c12,,,,-6.6307841425898575,2.226857570288724,3.1126050015345745,,,4.6
Cn1ccc2c(C(=O)N3C[C@H]4CC[C@@H](C3)[C@@H]4Oc3cncc(Cl)c3)n[nH]c2c1=O,,,,-4.213248577854439,0.7708520116421442,2.544316141747428,,,2.8
Cn1ccc2c(CN3C[C@H]4CC[C@@H](C3)[C@@H]4Oc3cncc(Cl)c3)n[nH]c2c1=O,,,,-6.507239610973163,2.038620161949703,3.001863462692524,,,3.6
Clc1cncc(Oc2ccc3[nH]c(-c4n[nH]c5cccnc45)nc3c2)c1,,,,-5.040958607678906,1.9912260756924949,2.3428173146357327,,,3.7
Cc1nnc(Nc2cc3c4ncn(CCCN5CCCCC5)c(=O)c4n(C)c3cc2F)o1,0.2411620568168882,1.0191140950292632,,-3.614393726401688,0.1760912590556812,1.8055008581584,-5.416801226031377,0.9020028913507294,0.6
Cn1c2cc(F)c(Nc3nc(C#N)cs3)cc2c2ncn(CCCN3CCCCC3)c(=O)c21,2.1322666810614472,2.7252456812140893,,-4.282329496997738,0.8061799739838872,1.8987251815894932,-5.317854923626168,0.5854607295085007,1.9
O=C1Nc2ccc3ncsc3c2/C1=C/c1cnc[nH]1,3.1271781596874915,,,-4.782516055786094,1.7363965022766426,3.042181594515766,-4.772113295386326,0.0969100130080564,2.2
O=c1c2[nH]c3cc(OCC4CC4)ncc3c2ccn1CCCN1CCCCC1,1.1039527552994266,2.7321971110869514,,-3.5900668766687054,0.6989700043360189,1.3617278360175928,-4.941194513324093,0.2671717284030138,1.8
Cn1c(-c2ccc(OCCN3CCCCC3)cc2)cc2ccncc21,,,,-3.5917600346881504,0.6334684555795865,2.11293997608408,-5.696803942579511,0.3010299956639812,2.0
CNc1cnccc1C#Cc1ccc(OCCN2CCCCC2)cc1,,,,-3.6216020990518634,1.2405492482825995,2.588159616383092,-5.043351420794797,0.093421685162235,2.9
NC(=O)Cc1cccc(Nc2ncc(F)c(-c3cccnc3)n2)c1,,,,-4.217527375833714,2.024895960107485,2.5739154404215507,-5.0343280287798935,0.6283889300503115,2.1
Fc1c(CN2CCOCC2)ccc(Nc2nccc(-c3ccnnc3)n2)c1Cl,,,,-4.282329496997738,1.4771212547196624,2.3560258571931225,-4.533280628318401,-0.1135092748275181,2.4
CO[C@H]1CCN(CCOc2ccc(-c3cc4cnccc4c(C)c3N)cc2)C1,,,,-3.5606673061697376,1.7058637122839193,2.2935835134961167,-5.764471553092451,0.4116197059632301,2.5
Cc1c(N)c(-c2ccc(OC[C@H]3CCN3C)cc2)cc2cnccc12,,,,-3.567030709125594,0.9542425094393248,2.4163075870598827,-5.61261017366127,0.3074960379132129,1.8
Cc1c(N)c(-c2ccc(OC[C@@H]3CCN3C)cc2)cc2cnccc12,,,,-3.605548319173784,1.0293837776852095,2.392169149489736,-5.742321425130816,0.3710678622717362,1.8
Cc1c(N)c(-c2ccc(OCCN3CC[C@H](C)C3)cc2)cc2cnccc12,,,,-3.6819366650372394,1.5211380837040362,2.2612628687924934,-5.777283528852417,0.3944516808262163,2.4
Cc1c(N)c(-c2ccc(OCCN3CC[C@@H](C)C3)cc2)cc2cnccc12,,,,-3.630784142589857,1.4742162640762553,2.182129214052998,-6.070581074285707,0.5428254269591799,2.4
Cc1c(N)c(-c2ccc(OCCN3CCCCC3)cc2)cc2ccccc12,,,,-4.684029654543083,0.0,1.867467487859052,-6.036212172654444,0.292256071356476,3.6
Fc1cc(-c2ccnc(Nc3ccc(OC4CCOCC4)cc3)n2)cc(N2CCOCC2)c1,,,,-6.769551078621726,1.9283958522567135,2.894371453856237,-6.42021640338319,0.2944662261615929,4.2
CN1CC(COc2ccn(-c3ccc4ncccc4c3)n2)C1,,,,-3.5850266520291822,0.9777236052888476,2.571708831808688,-4.680685695909488,0.1105897102992489,1.1
Fc1c(-n2ccc(OCC3CNC3)n2)ccc2ncccc12,,,,-3.5361070110140926,0.2304489213782739,1.8915374576725643,-4.637329070274333,0.1522883443830564,-0.3
Fc1cc2ncccc2cc1-n1ccc(OCC2CNC2)n1,,,,-3.4975728800155674,0.380211241711606,1.9175055095525464,-4.813326132500255,0.2988530764097066,-0.3
Nc1cc2ncccc2cc1-n1ccc(OCC2CNC2)n1,,,,-3.5316526695878427,0.0,1.429752280002408,-5.987162775294828,1.1504494094608806,-1.0
CN1CC(COc2ccn(-c3cc4cccnc4cc3N)n2)C1,-1.1200608320755936,0.2468458279439943,,-3.5606673061697376,0.0,1.9556877503135055,-5.070581074285707,0.5158738437116791,0.2
COc1cncc(O[C@@H]2[C@@H]3CC[C@H]2CN(Cc2n[nH]c4cccnc24)C3)c1,,,,-4.075204004202088,1.8656960599160703,3.0872488677956578,,,3.0
COCc1ncccc1O[C@@H]1[C@@H]2CC[C@H]1CN(Cc1n[nH]c3cccnc13)C2,,,,-3.5466816599529625,1.2227164711475833,2.5992278627737964,,,2.3
Fc1cc(O[C@@H]2[C@@H]3CC[C@H]2CN(Cc2n[nH]c4cccnc24)C3)ccc1Cl,,,,-6.3788237182249645,1.7824726241662865,2.390758528738717,,,4.4
Fc1ccc(O[C@@H]2[C@@H]3CC[C@H]2CN(Cc2n[nH]c4cccnc24)C3)cc1F,,,,-6.4089353929735005,1.81424759573192,2.693990610460777,,,3.9
Fc1ccc(O[C@@H]2[C@@H]3CC[C@H]2CN(Cc2n[nH]c4cccnc24)C3)c(F)c1,,,,-5.431798275933005,1.846955325019824,2.7895807121644256,,,3.8
Cc1ccc(O[C@@H]2[C@@H]3CC[C@H]2CN(Cc2n[nH]c4cccnc24)C3)cc1F,,,,-5.87942606879415,1.8438554226231607,2.7493497605974766,,,4.2
Fc1cc(Cl)ccc1O[C@@H]1[C@@H]2CC[C@H]1CN(Cc1n[nH]c3cccnc13)C2,,,,-6.2644011003018205,1.8808135922807916,2.578524605274993,,,4.4
Cc1cc(Cl)ccc1O[C@@H]1[C@@H]2CC[C@H]1CN(Cc1n[nH]c3cccnc13)C2,,,,-6.318758762624412,1.7626785637274365,2.631443769013172,,,4.6
COc1ccc(O[C@@H]2[C@@H]3CC[C@H]2CN(Cc2n[nH]c4cccnc24)C3)cc1,,,,-5.449771646944906,1.846955325019824,2.729812507160936,,,3.4
COc1cccc(O[C@@H]2[C@@H]3CC[C@H]2CN(Cc2n[nH]c4cccnc24)C3)c1,,,,-5.671620396561262,1.967079734144497,3.222534393381713,,,3.6
N#Cc1ccc(O[C@@H]2[C@@H]3CC[C@H]2CN(Cc2n[nH]c4cccnc24)C3)cc1,,,,-5.958607314841775,1.7888751157754168,2.6307328928171967,,,3.5
COc1cc(F)c2c(CN3C[C@H]4CC[C@@H](C3)[C@@H]4Oc3cncc(Cl)c3)n[nH]c2c1,,,,-7.161150909262744,1.390935107103379,2.75495958772171,,,4.9
Cn1ccc2[nH]nc(C(=O)N3C[C@H]4CC[C@@H](C3)[C@@H]4Oc3cncc(Cl)c3)c2c1=O,,,,-3.603800652904264,1.5440680443502757,2.300812794118117,,,1.8
O=c1ccc2c(CN3C[C@H]4CC[C@@H](C3)[C@@H]4Oc3cncc(Cl)c3)n[nH]c2[nH]1,,,,-5.818156412055227,1.235528446907549,2.277609214304092,,,3.1
O=c1[nH]nc2ccccc2c1CN1C[C@H]2CC[C@@H](C1)[C@@H]2Oc1cncc(Cl)c1,,,,-5.575118363368933,1.639486489268586,3.0277979433502997,,,3.9
CC(C)(CCOc1ccc(-c2ccc3ccncc3c2)cc1)C(N)=O,,,,-4.995678626217358,0.724275869600789,2.4869968884318228,-5.20342566678957,0.0755469613925307,3.7
Cc1c(N)c(-c2ccc(OCCN3CC[C@H](F)C3)cc2)cc2cnccc12,,,,-3.623423042943488,1.830588668685144,2.719579857713723,-5.777283528852417,0.3617278360175928,3.0
COCCNC(=O)c1c(Cl)cc(-c2ccc3ccncc3c2)c(N)c1C,,,,-4.519993057042849,1.3159703454569178,2.365675140455917,-4.720789487398605,0.1271047983648076,2.2
Cc1c(OCCN2CCCCC2)ccc(-c2ccc3ncncc3c2)c1N,,,,-3.616184634019569,1.136720567156407,2.9011857801371503,-4.632457726479423,0.0606978403536116,1.8
Cc1c(N)c(-c2ccc(OCCN3CCCC(F)(F)C3)cc2)cc2cnccc12,,,,-4.6439741428068775,2.5634810853944106,2.708420900134713,-5.585026652029182,0.2095150145426309,3.9
Cc1c(N)c(-c2ccc(OC[C@@H](C)N(C)C)cc2)cc2cnccc12,1.1858610543828894,2.7533097474631023,,-3.5734887386354246,1.255272505103306,2.3356584522893016,-5.623423042943488,0.3560258571931227,1.8
Cc1c(N)c(-c2ccc(OC[C@H](C)N(C)C)cc2)cc2cnccc12,,,,-3.583359492661719,1.2648178230095364,2.2619761913978125,-5.97061622231479,0.3364597338485295,1.8
Cc1c(N)c(-c2ccc(OCCN3C[C@@H]4CC[C@H]3C4)cc2)cc2cnccc12,,,,-3.543633966870957,1.2695129442179165,2.170261715394957,-5.809668301829708,0.658964842664435,1.7
Cc1c(N)c(-c2ccc(OCCN3C[C@H]4CC[C@@H]3C4)cc2)cc2cnccc12,2.526809141442009,3.204412762840645,,-3.614393726401688,1.3304137733491908,2.092369699629121,-5.388276691992658,0.3263358609287514,1.7
CNc1ccc(-c2cc3cnccc3c(C)c2N)cc1,2.4698363968670027,3.352910049631335,,-4.3124710387853655,2.0,3.4127796408202964,-4.85294232897164,-0.0506099933550872,3.2
CN1CC(COc2ccn(-c3ccc4ncncc4c3)n2)C1,,,,-3.5228787452803374,1.0413926851582251,3.024157154459673,-4.622693748931801,0.0755469613925307,-0.2
CCc1c(N)c(-c2cc(F)c(OCCN3CCOCC3)cc2F)cc2cnccc12,,,,-3.607303046740334,2.2208922492195198,2.740678425227455,-5.235077015350112,0.0606978403536116,3.2
COc1cc2nc(C)[nH]c(=O)c2cc1-c1ccc(OCCN2CCCCC2)cc1,,,,-3.5850266520291822,1.1643528557844371,2.040602340114073,-5.185086818724926,0.8518696007297664,2.2
COc1cc(-c2ccc(OCCN3CCCCC3)cc2)cn2nccc12,2.338303175596125,4.605271190987934,,-3.54821356447571,1.0718820073061257,2.2352758766870524,-5.146301788223826,0.2855573090077737,3.1
COc1cc(-c2ccc(OCCN3CCCCC3)cc2)cn2ncnc12,,,,-3.586700235918748,0.414973347970818,1.8375884382355112,-4.744004273277598,0.2741578492636798,1.8
Cc1nc2cc(-c3ccc(OCCN4CCCCC4)cc3)cnc2o1,,,,-3.567030709125594,0.6334684555795865,1.577491799837225,-4.711750774428014,0.1583624920952496,2.1
Cc1nnc2ccc(-c3ccc(OCCN4CCCCC4)cc3)cn12,,,,-3.5606673061697376,1.0,1.4116197059632305,-4.906928693623937,0.4608978427565479,1.4
Cc1cn2cc(-c3ccc(OCCN4CCCCC4)cc3)ccc2n1,,,,-3.5543957967264026,0.5440680443502757,1.1430148002540952,-5.598599459218456,-0.0969100130080563,2.4
Cc1nc2ccc(-c3ccc(OCCN4CCCCC4)cc3)cn2n1,,,,-3.603800652904264,1.187520720836463,1.3873898263387294,-4.564792896759252,-0.1611509092627447,2.1
Cc1cc(-c2ccc(OCCN3CCCCC3)cc2)cn2ncnc12,,,,-3.593459819566045,0.0,2.185258765296585,-4.616903070050906,-0.1938200260161128,2.2
Cc1ncc2cc(-c3ccc(OCCN4CCCCC4)cc3)ccn12,,,,-3.5590909179347823,1.1335389083702174,1.994756944587628,-5.247951552180561,-0.1870866433571444,2.9
c1cc(-c2ccn3nncc3c2)ccc1OCCN1CCCCC1,,,,-3.543633966870957,0.7708520116421442,2.2062860444124324,-4.670602120638957,0.1702617153949573,1.9
c1cc2cc(-c3ccc(OCCN4CCCCC4)cc3)ccn2n1,,,,-3.563837352959244,1.1172712956557642,2.797059694699971,-4.915066425063284,-0.0222763947111522,1.9
c1cc2ccc(-c3ccc(OCCN4CCCCC4)cc3)cn2n1,,,,-3.617982957425132,0.8061799739838872,2.686546899063006,-4.873219422987991,-0.0268721464003013,2.8
c1cc(-c2ccc3cncn3c2)ccc1OCCN1CCCCC1,,,,-3.628932137728264,1.4517864355242902,2.820661134643596,-5.300162274132754,0.1205739312058498,2.4
c1ccn2cc(-c3ccc(OCCN4CCCCC4)cc3)nc2c1,,,,-3.6478174818886377,0.8750612633917001,1.951823035315912,-4.984221243610959,0.0791812460476248,2.0
c1cc(-c2ccn3cnnc3c2)ccc1OCCN1CCCCC1,,,,-3.54821356447571,0.0,1.0969100130080565,-4.646276062411051,0.1038037209559568,1.4
c1cc(-c2ccc3[nH]ncc3n2)ccc1OCCN1CCCCC1,,,,-3.5466816599529625,1.2810333672477277,2.576341350205793,-4.679645967182328,0.0755469613925307,2.0
FC(F)c1cncc(O[C@@H]2[C@@H]3CC[C@H]2CN(Cc2n[nH]c4cccnc24)C3)c1,,,,-4.716698771296451,2.467015818438436,3.545838832510257,,,3.1
COCc1cncc(O[C@@H]2[C@@H]3CC[C@H]2CN(Cc2n[nH]c4cccnc24)C3)c1,,,,-3.5466816599529625,2.0253058652647704,3.2536529484835643,,,2.6
FC(F)c1ncccc1O[C@@H]1[C@@H]2CC[C@H]1CN(Cc1n[nH]c3cccnc13)C2,,,,-4.441291429466834,1.5599066250361124,2.6939027410660605,,,2.8
N#Cc1cccc(O[C@@H]2[C@@H]3CC[C@H]2CN(Cc2n[nH]c4cccnc24)C3)c1,,,,-5.546681659952962,1.9995654882259823,3.0872488677956578,,,3.4
Cc1cc(Cl)c2c(CN3C[C@H]4CC[C@@H](C3)[C@@H]4Oc3cncc(Cl)c3)n[nH]c2c1,,,,-7.040958607678906,1.4548448600085102,2.683767261425312,,,5.0
COc1cc(F)c2c(C(=O)N3C[C@H]4CC[C@@H](C3)[C@@H]4Oc3cncc(Cl)c3)n[nH]c2c1,,,,-4.806875401645539,1.4941545940184429,2.748575616930992,,,3.8
Cn1c(=O)ccc2c(CN3C[C@H]4CC[C@@H](C3)[C@@H]4Oc3cncc(Cl)c3)n[nH]c21,,,,-5.048662481204082,1.7596678446896306,2.443106456737266,,,3.5
O=C(c1c(=O)[nH]cc2ccccc12)N1C[C@H]2CC[C@@H](C1)[C@@H]2Oc1cncc(Cl)c1,,,,-3.640164517660112,1.5211380837040362,2.2229764498933915,,,2.4
O=C(N[C@H]1CC[C@@H](Oc2cncc(Cl)c2)CC1)c1n[nH]c2cccnc12,,,,-5.112945621949043,1.0374264979406236,3.019116290447073,,,3.4
COc1cncc(C2CCN(C(=O)c3n[nH]cc3-c3ccc4ncsc4c3)CC2)c1,,,,-4.690369832574102,1.4578818967339924,2.822168079368017,,,2.1
Cn1ccc2c3ccc(OCCN4CCCCC4)cc3n(C)c2c1=O,2.8830071796339576,2.38790062143004,,-3.595166283380062,0.3010299956639812,2.018284308426531,-4.840132152907433,0.0253058652647702,1.8
Nc1c(-c2ccc(OCCN3CCCCC3)cc2)cc2cnccc2c1Cl,3.1271781596874915,4.657601130878183,,-3.605548319173784,1.484299839346786,2.3634239329171765,-5.657577319177793,0.1986570869544226,3.4
Cc1c(OCCN2CCCCC2)ccc(-c2cc(C)c3ccncc3c2)c1N,2.100996545241665,3.607636531521048,,-3.612610173661271,1.3053513694466237,2.542078146335625,-4.935916564036404,0.0334237554869497,3.1
Cc1cc(-c2ccc(OCCN3CCCCC3)c(C)c2N)c2ccncc2c1,,,,-3.543633966870957,1.557507201905658,2.394801777162711,,,2.9
Cc1c(OCCN2CCOCC2)ccc(-c2ccc3ccncc3c2)c1N,2.1322666810614472,2.8691466419993663,,-4.557520230935552,1.2430380486862944,2.4583356259919475,-4.610125441609014,-0.0969100130080563,2.9
Cc1c(OCCN2CCOCC2)ccc(-c2ccc3cncn3c2)c1N,,,,-3.614393726401688,1.2671717284030135,2.1225435240687545,,,2.2
COCCNC(=O)c1ccc(-c2ccc3ccncc3c2)c(N)c1C,,,,-4.106793246940152,0.255272505103306,2.154119525515847,,,1.9
Cc1c(N)c(-c2ccc(OCC3(N(C)C)COC3)cc2)cc2cnccc12,1.823620571297039,2.5668894313617137,,-3.530177984021837,1.9268567089496924,2.640978057358332,-4.88907375773358,0.1553360374650618,2.8
CCOC(=O)c1c(-c2ccc(OCCN3CCCCC3)cc2)nc2cnccc2c1C,,,,-3.580044251510242,1.6263403673750425,2.971878617026266,,,2.5
Cc1c(OCCN2CCCCC2)ccc(-c2cc(C)c3ccncc3n2)c1N,2.350827761940384,3.599883881611702,,-4.818156412055227,1.5010592622177514,2.572406867558056,-4.99481948749622,0.187520720836463,2.7
Clc1cc(-c2ccc(OCCN3CCOCC3)cc2)cn2cncc12,,,,-3.7594507517174,1.69810054562339,2.77232170672292,,,3.5
Clc1c(-n2ccc(OCC3CNC3)n2)ccc2ncccc12,,,,-3.549750891680639,0.5440680443502757,0.5440680443502757,,,-0.4
Clc1cc2ncccc2cc1-n1ccc(OCC2CNC2)n1,,,,-3.5850266520291822,0.0,1.7331972651065697,,,-0.4
CCc1c(N)c(-c2cc(F)c(OCCN3CCCCC3)cc2F)cc2cnccc12,,,,-3.628932137728264,1.9400181550076632,2.432327792261604,,,3.2
N#Cc1cc(-n2ccc(OCC3CNC3)n2)c2ccncc2c1,,,,-3.5734887386354246,0.9493900066449128,2.2711443179490782,,,-1.4
N#Cc1cc(-n2ccc(OCC3CNC3)n2)cc2cnccc12,,,,-3.540607512240769,1.0453229787866574,2.3963737275365067,,,-0.5
N#Cc1cnn2cc(-c3ccc(OCCN4CCCCC4)cc3)cnc12,1.2196389210703356,1.89830884046492,,-3.9913998282380825,0.6434526764861874,1.6190933306267428,-4.57577192930402,0.0644579892269184,1.6
Cc1nc2ncc(-c3ccc(OCCN4CCCCC4)cc3)cc2o1,,,,-3.543633966870957,0.2787536009528289,0.99563519459755,,,1.8
O=c1ccnc2ccc(-c3ccc(OCCN4CCCCC4)cc3)cn12,,,,-3.5346171485515816,0.5440680443502757,2.28668096935493,,,1.8
COc1nc(-c2ccc(OCCN3CCCCC3)cc2)cn2cnnc12,,,,-3.578396073130169,0.0,1.787460474518415,,,1.6
Cc1nc2c(C)cc(-c3ccc(OCCN4CCCCC4)cc3)cn2n1,,,,-3.570247719997592,1.167317334748176,1.6618126855372612,,,2.3
c1ccn2nc(-c3ccc(OCCN4CCCCC4)cc3)nc2c1,,,,-3.567030709125594,0.0,1.4638929889859074,,,1.9
Fc1ccc2nc(-c3ccc(OCCN4CCCCC4)cc3)cn2c1,,,,-3.5816987086802548,0.7781512503836436,2.1360860973840974,,,2.3
c1cc(-c2ccn3cncc3c2)ccc1OCCN1CCCCC1,,,,-3.617982957425132,0.9344984512435676,2.6148972160331345,,,2.4
Cc1c(-c2ccc(OCCN3CCCCC3)cc2)ccc2ncnn12,,,,-3.549750891680639,0.7558748556724915,2.4192947217534604,,,2.1
c1cc(-c2ccc3nncn3c2)ccc1OCCN1CCCCC1,,,,-3.570247719997592,0.8808135922807914,1.5327543789924978,,,1.5
c1cn2cc(-c3ccc(OCCN4CCCCC4)cc3)sc2n1,,,,-3.543633966870957,0.7075701760979364,2.1082266563749283,,,2.4
NC(=O)c1ccc2cc(-c3ccc(OCCN4CCCCC4)cc3)cnc2c1,,,,-4.617982957425132,0.5910646070264992,1.3747483460101038,,,2.2
N#Cc1cc(-c2ccc(OCCN3CCCCC3)cc2)cc2[nH]ncc12,,,,-5.605548319173784,1.7466341989375789,2.683767261425312,,,3.0
N#Cc1c(-c2ccc(OCCN3CCCCC3)cc2)ccc2[nH]ncc12,,,,-3.576754126063192,1.841359470454855,2.9413623357117613,,,2.7
COc1c(-c2ccc(OCCN3CCCCC3)cc2)ccc2[nH]ncc12,,,,-3.557520230935552,1.3673559210260189,3.2345425913115284,,,2.7
N#Cc1c[nH]c2ncc(-c3ccc(OCCN4CCCCC4)cc3)cc12,2.1322666810614472,3.671798924996124,,-4.485452247339714,0.8388490907372553,2.0453229787866576,-4.829444941478791,0.0969100130080564,2.7
c1cc2[nH]c(-c3ccc(OCCN4CCCCC4)cc3)cc2cn1,,,,-3.669586226650809,0.7708520116421442,1.4800069429571503,,,1.7
Fc1cc(-c2ccc(OCCN3CCCCC3)cc2)cc2nc[nH]c12,,,,-3.5606673061697376,0.0791812460476248,1.586587304671755,,,2.6
Fc1c(-c2ccc(OCCN3CCCCC3)cc2)ccc2[nH]cnc12,,,,-3.557520230935552,0.6232492903979004,1.82865989653532,,,2.5
Fc1cc2[nH]cnc2cc1-c1ccc(OCCN2CCCCC2)cc1,,,,-3.578396073130169,0.0,1.802089257881733,,,2.5
Cc1c(N)c(-c2ccc(OCCN3CCN(C)CC3)cc2)cc2cnccc12,,,,-3.583359492661719,1.734799829588847,2.386855529184724,,,1.9
NC(=O)c1cc(-c2ccc(OCCN3CCCCC3)cc2)c2ccncc2c1,,,,-3.580044251510242,0.9637878273455552,2.956408571195833,,,2.2
Cc1c(N)c(-c2ccc(OCCN3CCNCC3)cc2)cc2cnccc12,,,,-3.6595558851598815,0.7403626894942439,2.0277572046905536,,,0.8
Clc1cncc(O[C@H]2C[C@H]3CC[C@@H]2CN3Cc2n[nH]c3cccnc23)c1,,,,-3.630784142589857,1.5763413502057928,2.8922059459757725,,,2.5
Clc1cncc(O[C@@H]2C[C@@H]3CC[C@H]2CN3Cc2n[nH]c3cccnc23)c1,,,,-3.571865205971211,1.6739419986340878,3.032175376961363,,,2.5
O=C(c1n[nH]c2cccnc12)N1C[C@H]2C[C@@H](C1)[C@@H]2Oc1cncc(Cl)c1,,,,-3.562249437179612,1.2741578492636798,2.3818367999983434,,,1.6
Cn1ncc2cc(O[C@@H]3[C@@H]4CC[C@H]3CN(Cc3n[nH]c5cccnc35)C4)ccc21,,,,-5.412289034981089,2.0860037056183818,2.803115554890027,,,3.3
Cn1cc2cc(O[C@@H]3[C@@H]4CC[C@H]3CN(Cc3n[nH]c5cccnc35)C4)ccc2n1,,,,-4.402304814074488,1.795184589682424,2.570893036218392,,,2.9
FC(F)c1ncc(O[C@@H]2[C@@H]3CC[C@H]2CN(Cc2n[nH]c4cccnc24)C3)cn1,,,,-4.238072161579471,1.701567985055927,2.115943176939055,,,2.4
Cn1c(=O)ccc2c(C(=O)N3C[C@H]4CC[C@@H](C3)[C@@H]4Oc3cncc(Cl)c3)n[nH]c21,,,,-4.675717544702307,0.8920946026904804,1.9175055095525464,,,2.5
Nc1cc2ccccc2c(C(=O)N2C[C@H]3CC[C@@H](C2)[C@@H]3Oc2cncc(Cl)c2)n1,,,,-4.910094888560602,2.1792644643390253,2.7826875682349663,,,3.3
Nc1cc2ccccc2c(CN2C[C@H]3CC[C@@H](C2)[C@@H]3Oc2cncc(Cl)c2)n1,,,,-7.058488567365597,1.6711728427150832,2.587486465410964,,,4.6
O=C(c1c(=O)[nH]nc2ccccc12)N1C[C@H]2CC[C@@H](C1)[C@@H]2Oc1cncc(Cl)c1,,,,-4.080398976215889,1.5854607295085006,2.1696744340588068,,,2.1
O=C(c1n[nH]c2ncncc12)N1C[C@H]2CC[C@@H](C1)[C@@H]2Oc1cncc(Cl)c1,,,,-4.97469413473523,1.1139433523068367,1.3579348470004535,,,2.7
O=C(c1n[nH]cc1-c1ccc2ncsc2c1)N1CCC(c2cncc(Cl)c2)CC1,,,,-5.640164517660112,1.974971994298069,2.7113009599161657,,,2.5
O=c1ccc2cccc(CN3C[C@H]4CC[C@@H](C3)[C@@H]4Oc3cncc(Cl)c3)c2[nH]1,,,,-5.8297382846050425,2.856608068436936,3.4761647543228253,,,4.2
Cc1nnc(-c2ccc3c(c2)cc(C(=O)Nc2ccc(S(=O)(=O)N4CCOCC4)cc2)n3C)s1,5.293304824724491,5.273401689865013,,-8.120904120499928,1.6384892569546374,2.2964457942063965,-6.113509274827519,0.4668676203541095,3.9
Cc1nnc(-c2ccc3c(c2)cc(C(=O)Nc2ccc4ncccc4c2)n3C)s1,6.906754778648553,6.906754778648553,,-7.251811972993799,1.8444771757456813,2.02201573981772,-6.154901959985743,-0.0362121726544447,3.5
CCn1cc(C(=O)N2CCc3c([nH]c4ccccc34)C2c2ccccc2F)cn1,,,,-5.020451625295905,1.6053050461411094,2.7321524180652137,,,3.8
Cc1nnc(-c2ccc3c(c2)cc(C(=O)NC2CCN(c4cncc(Cl)c4)CC2)n3C)s1,,,,-7.906578314837765,1.8836614351536176,2.320354032817672,,,4.3
Cc1nnc(-c2ccc3c(c2)cc(C(=O)NC2CCN(Cc4cncc(Cl)c4)CC2)n3C)s1,3.842009204807092,3.713981902775621,,-4.954677021213342,2.428944290035574,3.13046242928158,-5.169411331314856,0.2624510897304294,3.6
Cc1nnc(-c2ccc3c(c2)cc(C(=O)N2CCC(Nc4cncc(Cl)c4)CC2)n3C)s1,,,,-5.473660722610156,1.705007959333336,2.497067936398505,,,3.9
CN(C)c1nccc2c1c1cc(OCCN3CCCCC3)ccc1n2C,2.301485587660629,2.5578632208743466,,-3.578396073130169,1.08278537031645,2.0580462303952816,-5.8696662315049934,0.4899584794248346,1.7
O=c1c2[nH]c3cc(F)c(C#Cc4nccs4)cc3c2ccn1CCCN1CCCCC1,4.4107760479598666,6.263999585520139,,-5.619788758288394,0.8808135922807914,1.6830470382388496,-5.958607314841775,0.414973347970818,2.7
CN1CCN(CCOc2ccc3c(c2)[nH]c2c(=O)n(C)ccc23)CC1,1.367648699748428,1.3321739243000188,,-3.593459819566045,0.3424226808222063,1.4517864355242902,-4.919373513078194,0.2174839442139062,1.0
Cn1ccc2c([nH]c3cc(OCCCN4CCCCC4)ccc32)c1=O,2.100996545241665,2.3407977636365294,,-3.6216020990518634,0.2304489213782739,1.893206753059848,-4.851705902565255,0.0681858617461616,1.2
Fc1c(Cl)cc2cnccc2c1-c1ccc(OCCN2CCCCC2)cc1,,,,-4.336299074610352,1.3944516808262162,2.498999363580153,,,3.8
CSc1c(-c2ccc(OCCN3CCCCC3)cc2)cc2cnccc2c1C,4.701489956993767,6.029883657011944,,-3.709965388637482,1.846955325019824,2.8512583487190755,-6.136677139879544,0.5198279937757188,3.9
Nc1c(-c2ccc(OCCN3CCCCC3)cc2)cc2cnccc2c1F,2.4560121837882845,3.349852334137058,,-3.5917600346881504,1.4329692908744058,2.4781334281005174,-5.341035157335565,0.3031960574204888,2.8
Cc1c(N)c(-c2ccc(N(C)C(=O)CCN(C)C)cc2)cc2cnccc12,,,,-3.6020599913279625,0.0,1.938519725176492,,,1.1
Cc1c(C(N)=O)c(-c2ccc(OCCN3CCCCC3)cc2)nc2cnccc12,,,,-3.515700160653214,0.0,1.6972293427597176,,,0.4
N#Cc1cc(-c2ccc(OCCN3CCOCC3)cc2)cn2cncc12,,,,-3.5606673061697376,1.5276299008713388,2.4852954387260886,,,2.5
Cc1cc(-c2ccc(OCCN3CCOCC3)cc2)cn2cncc12,,,,-3.607303046740334,1.3283796034387378,2.7518177877368792,,,3.2
CNC(=O)COc1cnn(-c2cc(C#N)c3ccncc3c2)c1,,,,-5.481486060122113,0.6812412373755872,2.7603470785299065,,,1.9
CNC(=O)COc1cnn(-c2cc(C#N)cc3cnccc23)c1,,,,-4.634512015109101,0.5314789170422551,2.708250888591378,,,0.9
Cc1c(N)c(-c2ccc(OCCN3CCCC3)cc2)cc2cnccc12,1.7987770418867015,2.7391912189350176,,-3.58838029403677,1.3747483460101038,2.292477593667784,-5.610833915635467,0.4345689040341987,1.9
Nc1cnc2cc(-c3ccc(OCCN4CCCCC4)cc3)cnc2c1,,,,-3.542118103266008,1.0606978403536116,0.146128035678238,,,2.2
Nc1cnn2cc(-c3ccc(OCCN4CCCCC4)cc3)ccc12,,,,-3.562249437179612,1.1139433523068367,1.890979596989689,,,1.8
c1cnc2cc(-c3ccc(OCCN4CCCCC4)cc3)ncc2n1,,,,-3.5466816599529625,0.8061799739838872,2.371990911464915,,,1.9
Cc1c(-c2ccc(OCCN3CCCCC3)cc2)cc2cnccc2c1C#N,3.442277407405623,4.131819188398954,,-3.5850266520291822,1.4487063199050798,2.564192460626198,-5.184422251675732,0.2430380486862944,3.2
c1cnc2cc(-c3ccc(OCCN4CCCCC4)cc3)ccc2n1,,,,-3.5816987086802548,1.0293837776852095,2.469232742506612,,,2.6
CNC(=O)c1cc(-c2ccc(OCCN3CCCCC3)cc2)c2ccncc2c1,,,,-3.557520230935552,0.8750612633917001,3.072470482303893,,,2.5
CN(C)C(=O)c1cc(-c2ccc(OCCN3CCCCC3)cc2)c2ccncc2c1,,,,-3.540607512240769,1.294466226161593,1.9740509027928772,,,2.0
NC(=O)c1cc(-c2ccc(OCCN3CCCCC3)cc2)cc2cnccc12,1.3988415771719795,1.8219504415072008,,-3.539102157243452,0.0,1.507855871695831,,,1.9
CCNc1cc2ccncc2cc1-c1ccc(OCCN2CCCCC2)cc1,,,,-3.6108339156354674,1.4727564493172125,2.351409751925439,,,2.9
CC(C)Nc1cc2ccncc2cc1-c1ccc(OCCN2CCCCC2)cc1,,,,-3.612610173661271,1.6294095991027189,2.164352855784437,,,3.4
COCCNc1cc2ccncc2cc1-c1ccc(OCCN2CCCCC2)cc1,,,,-3.583359492661719,1.6304278750250238,2.208710019906401,,,2.5
COc1cc(Cl)cc2[nH]nc(C(=O)N3C[C@H]4CC[C@@H](C3)[C@@H]4Oc3cncc(Cl)c3)c12,,,,-4.679853713888946,1.9268567089496924,3.2152937981865137,,,4.1
Cn1ccc2[nH]nc(CN3C[C@H]4CC[C@@H](C3)[C@@H]4Oc3cncc(Cl)c3)c2c1=O,,,,-3.530177984021837,2.1894903136993675,3.275748884479195,,,2.6
O=C(c1n[nH]c2nccnc12)N1C[C@H]2CC[C@@H](C1)[C@@H]2Oc1cncc(Cl)c1,,,,-3.642065152999546,1.0492180226701815,2.1728946977521764,,,2.2
O=C(c1cccc2ccc(=O)[nH]c12)N1C[C@H]2CC[C@@H](C1)[C@@H]2Oc1cncc(Cl)c1,,,,-3.605548319173784,2.0261245167454502,3.0450098609058243,,,2.7
Cc1nnc(-c2ccc3c(c2)cc(C(=O)NC2CCN(c4ccncc4)CC2)n3C)s1,1.7190001149456264,3.896934875544692,3.137165060093968,-5.074687908500351,0.5797835966168101,1.100370545117563,-5.450996737974212,0.9459607035775686,2.0
Cc1nnc(-c2ccc3c(c2)cc(C(=O)NC2CCN(c4ccncc4Cl)CC2)n3C)s1,4.701489956993767,4.998925206824384,4.988461171650344,-7.787812395596042,1.4885507165004443,1.830588668685144,-5.341035157335565,-0.0506099933550872,4.2
Cn1c(C(=O)NC2CCN(c3ccncc3Cl)CC2)cc2cc(-c3nnc(C4CC4)s3)ccc21,6.212606095751518,6.212606095751518,6.227749793229997,-7.1938200260161125,1.1335389083702174,1.809559714635268,-7.045757490560675,-0.3467874862246563,4.5
Cc1nnc(-c2ccc3c(c2)cc(C(=O)N[C@H]2C[C@H]4CC[C@@H](C2)N4c2ccncc2Cl)n3C)s1,,,,-6.823908740944319,1.724275869600789,2.131618664349125,,,4.2
Cc1nnc(-c2ccc3c(c2)cc(C(=O)N[C@@H]2[C@@H]4CC[C@H]2CN(c2ccncc2Cl)C4)n3C)s1,,,,-8.721246399047171,1.3159703454569178,2.1489109931093564,,,4.6
Cc1nnc(-c2ccc3c(c2)cc(C(=O)N[C@H]2[C@@H]4CC[C@H]2CN(c2ccncc2Cl)C4)n3C)s1,,,,-7.346787486224656,2.079543007402906,2.237040791379191,,,4.7
Cc1nnc(-c2ccc3c(c2)cc(C(=O)N2CCC(Nc4ccncc4Cl)CC2)n3C)s1,,,,-5.363512103646634,1.7895807121644254,2.601842789782098,,,3.4
O=C(c1ccc2ccncc2c1)N1CCC(Oc2ccc(Cl)cc2)CC1,,,,-4.896196279044043,1.1818435879447726,2.764250875438773,,,3.8
O=C(c1ccc2ccncc2c1)N1CCC(Oc2cncc(Cl)c2)CC1,,,,-3.5361070110140926,1.287801729930226,3.191786247582199,,,2.9
O=C(NC1CCN(c2ccncc2Cl)CC1)c1ccc2ccncc2c1,,,,-4.82102305270683,1.5092025223311027,2.7424108805804925,,,3.3
O=C(NC1CCN(c2cncc(Cl)c2)CC1)c1ccc2ccncc2c1,,,,-5.328827157284917,1.4927603890268375,2.7841892053809607,,,3.4
O=C(NC1CCN(c2ccncc2Cl)CC1)c1n[nH]c2ccccc12,,,,-5.221125527997261,1.3364597338485296,2.144262773761991,,,3.6
Cn1nc(C(=O)NC2CCN(c3ccncc3Cl)CC2)c2ccccc21,,,,-5.590066876668706,1.503790683057181,2.14674801363064,,,3.6
O=C(NC1CCN(c2cncc(Cl)c2)CC1)c1n[nH]c2ccccc12,,,,-5.47755576649368,1.5670263661590604,2.4192947217534604,,,3.6
Cn1nc(C(=O)NC2CCN(c3cncc(Cl)c3)CC2)c2ccccc21,,,,-5.20342566678957,1.757396028793024,2.888797067456681,,,3.7
O=C(NC1CCN(c2ccncc2)CC1)c1n[nH]c2ccccc12,,,,-3.54515513999149,0.6020599913279624,1.167317334748176,,,1.5
Cn1nc(C(=O)NC2CCN(c3ccncc3)CC2)c2ccccc21,,,,-3.55129368009492,0.568201724066995,1.6748611407378116,,,1.4
O=C(NC1CCN(c2ccncc2Cl)CC1)c1n[nH]cc1-c1ccc2ncsc2c1,,,,-4.039529222465701,1.3117538610557542,2.189770956346874,,,3.1
O=C(c1n[nH]cc1-c1ccc2ncsc2c1)N1CCC(c2ccncc2)CC1,,,,-3.571865205971211,1.5327543789924978,2.3736474722092176,,,1.9
Cn1ccc2c([nH]c3cc(OCCN4CCCCC4)ncc32)c1=O,0.8712224464724486,0.6344597144343186,,-3.614393726401688,0.5797835966168101,1.8744818176994664,-5.047207556955908,0.5078558716958309,0.7
COc1nccc2c1[nH]c1cc(OCCN3CCCCC3)ncc12,1.6882964873464208,2.771208313207202,,-3.598599459218456,0.3979400086720376,1.8926510338773004,-4.870632404277014,0.1643528557844371,2.0
Cn1ccc2c([nH]c3cc(OCCN4CCCCC4)c(F)cc32)c1=O,3.5110306383048497,2.987364023883476,,-3.603800652904264,0.9344984512435676,1.8668778143374989,-4.8873949984654255,0.1846914308175988,1.7
Cn1ccc2c([nH]c3cc(OCCN4CCNCC4)ccc32)c1=O,0.9494273554635831,1.75992287041678,,-3.5900668766687054,0.0,0.9912260756924948,-5.903089986991944,0.8260748027008264,-0.2
Cn1ccc2c([nH]c3cc(OCCN4CCOCC4)ccc32)c1=O,2.769405695679659,1.5457565461261304,,-3.586700235918748,1.1238516409670858,1.7160033436347992,-4.790753151246626,0.1846914308175988,1.8
Cn1ccc2c([nH]c3c(CCCN4CCCCC4)cccc32)c1=O,2.350827761940384,2.8228844158022475,,-3.580044251510242,0.9867717342662448,2.044147620878723,-4.706195640080663,0.093421685162235,1.3
Cn1ccc2c3cccc(CCN4CCCCC4)c3n(C)c2c1=O,2.4288369676832486,2.542972795598323,,-3.603800652904264,1.2013971243204515,2.004751155591001,-4.700492701299512,-0.0087739243075051,1.8
Cn1cnc2c([nH]c3cc(OCCN4CCCCC4)ccc32)c1=O,1.1039527552994266,0.3975546625953562,,-3.580044251510242,0.8260748027008264,1.0253058652647702,-4.87484417041947,0.1367205671564068,0.9
Clc1nc(NCc2ccncc2)c2cc[nH]c2n1,1.6360738696827135,1.6368070220580118,,-3.552841968657781,,2.3684728384403617,-4.842845560093719,0.5037906830571811,2.3
C[C@@H](CCOc1ccc(-c2ccc3ccncc3c2)cc1)C(N)=O,,,,-5.019088062223156,1.0253058652647702,2.826981336911994,,,3.4
C[C@H](CCOc1ccc(-c2ccc3ccncc3c2)cc1)C(N)=O,,,,-4.595166283380062,1.2695129442179165,2.907733736997656,,,3.4
Cc1c(N)c(-c2ccc(OCCN3CCCCC34CC4)cc2)cc2cnccc12,,,,-4.091514981121351,2.7467898321526123,2.7704101315139065,,,3.3
c1cc2nn(-c3ccc(OCCN4CCCCC4)cc3)cc2cn1,,,,-3.519993057042849,0.8325089127062363,2.55509444857832,,,1.7
Cc1c(N)c(-c2ccc(OC[C@H](C)N3CCC3)cc2)cc2cnccc12,1.6731849812153603,2.713181706910352,,-3.567030709125594,1.212187604403958,2.133858125203335,-5.519993057042849,0.3180633349627615,1.7
Cc1c(N)c(-c2ccc(OC[C@@H](C)N3CCC3)cc2)cc2cnccc12,1.9098295724908303,2.8060150147989065,,-3.688246138944246,1.100370545117563,2.210853365314893,-5.6252516539898965,0.3926969532596657,2.1
Cc1c(N)c(-c2ccc(OCCN3CCCCC3)cc2)nc2cnccc12,0.5023013313394424,1.4578263791255186,,-3.540607512240769,0.9084850188786496,2.3820170425748683,-4.907630300370879,0.3201462861110539,1.8
N#Cc1c(F)c(-c2ccc(OCCN3CCCCC3)cc2)cc2cnccc12,,,,-3.5816987086802548,0.9242792860618816,2.578180609627778,,,3.1
N#CCc1cc(-c2ccc(OCCN3CCCCC3)cc2)cc2cnccc12,,,,-3.6615435063953954,1.423245873936808,2.7911992464988757,,,2.7
Cc1c(C#N)cc2cnccc2c1-c1ccc(OCCN2CCCCC2)cc1,,,,-3.728158393463501,1.5352941200427703,2.866818802926048,,,3.1
N#Cc1cc2cnccc2c(-c2ccc(OCCN3CCCCC3)cc2)c1F,,,,-3.98296666070122,1.2671717284030135,3.0571333672490866,,,2.8
CN(C)CCOc1ccc(-c2cc(C#N)c3ccncc3c2)cc1,,,,-3.575118363368933,1.3443922736851108,3.013174409878867,,,2.2
CN(C)CCOc1ccc(-c2cc(C#N)cc3cnccc23)cc1,,,,-3.512861624522813,1.4969296480732148,3.1489109931093564,,,2.0
OCCNc1cc2ccncc2cc1-c1ccc(OCCN2CCCCC2)cc1,,,,-3.612610173661271,1.3996737214810382,2.0637085593914173,,,1.9
CC(=O)Nc1cc2ccncc2cc1-c1ccc(OCCN2CCCCC2)cc1,6.906754778648553,1.106628363656346,,-3.583359492661719,0.9637878273455552,2.2688119037397803,-4.677573947594047,0.1553360374650618,1.8
Cc1c(N)c(-c2cccc3c2cnn3CCN2CCCCC2)cc2cnccc12,,,,-3.6478174818886377,1.980911937776844,3.3945392313722045,,,3.1
Cc1c(N)c(-c2cccc3nn(CCN4CCCCC4)cc23)cc2cnccc12,,,,-3.58838029403677,2.7905666251460763,3.0656917280932707,,,3.1
Cc1c(N)c(-c2ccc(OCCN3CCCCC3)c(F)c2)cc2cnccc12,3.287572356154438,3.5325550519608577,,-3.6556077263148894,1.645422269349092,2.433449793761596,-5.806875401645539,0.4065401804339551,2.8
Cn1ncc2cccc(-c3ccc(OCCN4CCCCC4)cc3)c21,,,,-3.576754126063192,1.1072099696478683,3.4950723235504046,,,3.1
c1cc(-c2ccc(OCCN3CCCCC3)cc2)c2[nH]ccc2c1,,,,-3.5816987086802548,0.724275869600789,2.80962704189405,,,3.1
O=C(NC1CCN(CC2CCOCC2)CC1)c1n[nH]cc1-c1ccc2ncsc2c1,,,,-3.54821356447571,0.380211241711606,1.250420002308894,,,1.1
O=C(NC1CCN(C2CCOCC2)CC1)c1n[nH]cc1-c1ccc2ncsc2c1,,,,-3.612610173661271,0.0,0.0,,,0.6
Cn1ncc2c([nH]c3cc(OCCN4CCCCC4)ccc32)c1=O,2.9235831658856037,1.5361201418228791,,-3.6478174818886377,0.5440680443502757,1.4487063199050798,-4.831797253157369,0.0128372247051722,1.5
Cn1ccc2c([nH]c3cc(NCCN4CCCCC4)ccc32)c1=O,2.04065551664468,1.6084782194621705,,-3.596879478824182,0.3010299956639812,1.8247764624755456,-4.732593581247096,0.0128372247051722,1.0
CN(CCN1CCCCC1)c1ccc2c(c1)[nH]c1c(=O)n(C)ccc12,2.5123056239761152,1.5028556495259513,,-3.6635402661514704,1.0969100130080565,1.964259630196849,-4.904830648568245,0.0453229787866574,1.6
Cn1cc(F)c2c([nH]c3cc(OCCN4CCCCC4)ccc32)c1=O,3.8918202981106256,3.1001758956755143,,-3.612610173661271,0.6532125137753437,2.02201573981772,-4.772884917410875,-0.1191864077192086,2.0
Cn1c2ccc(OCCN3CCCCC3)cc2c2c(C(N)=O)nccc21,1.59986846141795,1.466337068793427,,-3.605548319173784,0.7708520116421442,2.061452479087193,-4.929223537156565,0.1205739312058498,0.9
Cn1ccc2c([nH]c3cc(OCCN4CC5CC5C4)ccc32)c1=O,3.623314765621057,1.9169684953177224,,-3.614393726401688,1.0718820073061257,1.9813655090785445,-4.881074247174223,0.0453229787866574,1.9
COC1CCN(CCOc2ccc3c(c2)[nH]c2c(=O)n(C)ccc23)CC1,3.346803309596356,1.786519282564499,,-3.605548319173784,0.7708520116421442,1.6009728956867482,-4.844056982028163,0.0334237554869497,2.1
Cn1ccc2c([nH]c3cc(OCC[C@H]4CCCCN4)ccc32)c1=O,1.97362554890186,3.1574175223031897,,-3.596879478824182,0.7403626894942439,1.998695158311656,-5.33161408331,0.6483600109809317,0.5
Cn1ccc2c([nH]c3cc(OCC[C@@H]4CCCCN4)ccc32)c1=O,2.121757746414593,3.048090122514999,,-3.607303046740334,0.4623979978989561,2.000434077479319,-5.263603497723357,0.6532125137753437,0.5
CCn1ccc2c([nH]c3cc(OCCN4CCCCC4)ccc32)c1=O,3.287572356154438,2.021151265806204,,-3.603800652904264,0.9294189257142929,1.9595183769729985,-4.82739706879014,0.0,1.0
O=c1c2[nH]c3cc(Cl)ncc3c2ccn1CCCn1ccnc1,1.680721152653547,1.584918712202586,,-3.600326278518962,0.8864907251724818,1.7589118923979734,-5.718966632752273,1.1832698436828046,1.6
Cn1c2cc(OCCN3CCCCC3)ncc2c2cc[nH]c(=O)c21,,,,-3.614393726401688,0.3979400086720376,1.9849771264154932,,,1.9
Cc1c(OCCN2CCCCC2)ccc(-c2cc(C#N)c3ccncc3c2)c1N,1.5715186775718064,2.434222633859545,,-3.5257837359237447,1.1986570869544226,2.7233735670189843,-4.854182285508172,-0.0177287669604316,2.4
Cc1c(OCCN2CCCCC2)ccc(-c2cc(C#N)cc3cnccc23)c1N,,,,-3.5606673061697376,1.3159703454569178,2.3165993020938607,,,2.1
Cc1c(N)c(-c2ccc(N(C)CCN3CCCCC3)cc2)cc2cnccc12,,,,-3.6556077263148894,1.5327543789924978,2.570192561095726,,,2.9
CSc1c(-c2ccc(OCCN3CCCCC3)cc2)cc2cnccc2c1C#N,3.5110306383048497,4.771088094311759,,-4.334419008982047,1.6334684555795864,3.0709240314761503,-5.412289034981089,-0.1079053973095195,3.3
N#Cc1cc(-c2cccc(OCCN3CCCCC3)c2)c2ncccc2c1,,,,-3.593459819566045,1.0791812460476249,2.5162708827293403,,,2.3
N#Cc1cc(-c2ccc(OCCN3CCCCC3)cc2)c2ncccc2c1,,,,-3.5361070110140926,0.785329835010767,1.760422483423212,,,2.4
Clc1cc(-c2ccc(OCCN3CCCCC3)cc2)nc2cnccc12,,,,-4.341035157335565,1.1430148002540952,3.021478732257527,,,3.1
C#Cc1cc(-c2ccc(OCCN(C)C)cc2)cc2cnccc12,3.705408756065146,5.680574054225168,,-3.701146923590293,1.6180480967120927,3.226316296939334,,0.1139433523068367,3.1
C#Cc1cc(-c2ccc(OCCN(C)C)cc2)c2ccncc2c1,,,,-3.6615435063953954,1.390935107103379,3.236612828199769,,,3.0
CNc1cc2ccncc2cc1-c1ccc(OCCN2CCCC2)cc1,,,,-3.638272163982408,1.0569048513364727,2.5280163411892014,,,1.9
c1cc2cc(NC3CC3)c(-c3ccc(OCCN4CCCCC4)cc3)cc2cn1,,,,-3.58838029403677,1.7895807121644254,2.7792356316758635,,,3.2
Cc1cc(-c2ccc(OCCN3CCCCC3)cc2N)nc2cnccc12,,,,-3.5816987086802548,1.1205739312058498,2.513617073787875,,,2.3
Cc1c(N)c(-c2ccc3c(cnn3CCN3CCCCC3)c2)cc2cnccc12,,,,-3.5734887386354246,1.9854264740830017,2.8035253955765325,,,3.0
Cc1c(N)c(-c2ccc3nn(CCN4CCCCC4)cc3c2)cc2cnccc12,,,,-4.1700533040583645,2.184123354239671,2.867408556522791,,,3.0
CNc1c(-c2cccc(C(N)=O)c2)cc2cnccc2c1C,,,,-5.057991946977687,1.1958996524092338,2.857995495560924,,,2.5
CNc1c(-c2ccc(C(N)=O)cc2)cc2cnccc2c1C,1.815289966638249,2.5653802062402824,,-4.411168274405793,1.4065401804339552,2.7513560997253936,,0.1271047983648076,2.5
CNc1c(C)cccc1-c1ccc(OCCN2CCCCC2)cc1,,,,-3.72584215073632,1.155336037465062,2.910143961064513,,,2.8
Cn1ccc2cccc(-c3ccc(OCCN4CCCCC4)cc3)c21,,,,-4.598599459218456,1.0606978403536116,2.775173385424787,,,3.6
Cn1nnc2cccc(-c3ccc(OCCN4CCCCC4)cc3)c21,,,,-3.6020599913279625,0.0,3.550044809564905,,,2.3
Cn1cnc2cccc(-c3ccc(OCCN4CCCCC4)cc3)c21,,,,-3.571865205971211,1.1818435879447726,3.266960398597696,,,2.3
N#Cc1cccc(-c2ccc(OCCN3CCCCC3)cc2)c1,2.4154781433562365,4.016332121101044,,-3.7471469690201062,0.5563025007672873,2.406199423663313,-4.848323769152953,-0.0087739243075051,2.8
Cc1ccccc1-c1ccc(OCCN2CCCCC2)cc1,,,,-3.612610173661271,1.5599066250361124,3.4835872969688944,,,3.6
Cc1ccnc(-c2ccc(OCCN3CCCCC3)cc2)c1N,,,,-3.567030709125594,0.3424226808222063,2.1936810295412816,,,1.4
Cc1cncc(-c2ccc(OCCN3CCCCC3)cc2)c1N,,,,-3.603800652904264,0.724275869600789,1.383815365980431,,,0.6
Cc1nccc(-c2ccc(OCCN3CCCCC3)cc2)c1N,,,,-3.539102157243452,0.0,1.561101383649056,,,1.5
Cn1c(C(=O)NC2CCN(c3ccncc3Cl)CC2)cc2cc(-c3cn[nH]c3)ccc21,,,,-7.214670164989233,1.7283537820212285,2.527372082827612,,,3.9
Cn1cnc(-c2ccc3c(c2)cc(C(=O)NC2CCN(c4ccncc4Cl)CC2)n3C)c1,4.184591440069878,4.369447852467025,,-7.486782399932061,1.2787536009528289,1.7474118078864234,-5.3851027839668655,0.2695129442179163,3.5
Cn1c(C(=O)NC2CCN(c3ccncc3Cl)CC2)cc2cc(-c3ccccc3)ccc21,,,,-7.468521082957745,1.2253092817258628,1.582063362911709,,,5.0
Cn1c(C(=O)NC2CCN(c3ccncc3Cl)CC2)cc2cc(-c3ccccn3)ccc21,5.806138481293727,6.029883657011944,,-8.022276394711152,1.3636119798921444,1.7737864449811935,-6.958607314841775,-0.0969100130080563,4.3
Cn1c(C(=O)NC2CCN(c3ccncc3Cl)CC2)cc2cc(-c3cccnc3)ccc21,6.212606095751518,5.623214937925948,,-8.193141970481182,1.921686475483602,1.8394780473741985,-5.779891911959945,0.2148438480476978,4.1
Cn1c(C(=O)NC2CCN(c3ccncc3Cl)CC2)cc2cc(-c3cncnc3)ccc21,5.109977737428537,4.595119850134589,,-6.056505484093897,2.226857570288724,1.9804578922761,-5.238072161579471,-0.0409586076789063,3.6
Cn1c(C(=O)NC2CCN(c3ccncc3Cl)CC2)cc2cc(-c3ncccn3)ccc21,4.701489956993767,5.060885716839835,,-6.835647144215563,1.3673559210260189,1.8639173769578603,-5.761953896871205,-0.0268721464003013,3.8
Cc1csc(-c2ccc3c(c2)cc(C(=O)NC2CCN(c4ccncc4Cl)CC2)n3C)n1,,,,-8.24184537803261,1.6618126855372612,2.119585774961784,,,4.6
Cc1nnc(-c2ccc3c(C(=O)NC4CCN(c5ccncc5Cl)CC4)nn(C)c3c2)s1,3.7944672166765008,4.345427482225549,,-6.87942606879415,1.7626785637274365,2.089198366805149,-5.634512015109101,0.0170333392987803,3.6
Cc1nnc(-c2ccc3c(C(=O)NC4CCN(c5ccncc5)CC4)n[nH]c3c2)s1,,,,-5.892790030352131,0.8920946026904804,0.0,,,1.5
Cc1nnc(-c2ccc3c(C(=O)NC4CCN(c5ccncc5)CC4)nn(C)c3c2)s1,0.6366685763994745,2.190575616670968,,-4.692503962086787,0.6232492903979004,0.0,-5.005243055412372,0.5646660642520893,1.4
Cc1nnc(-c2ccc3c(c2)cc(C(=O)N2CCC(N(C)c4cncc(Cl)c4)CC2)n3C)s1,5.806138481293727,5.161572797145536,,-7.610833915635467,2.4252080511386565,2.9260335966788444,-5.54515513999149,0.1553360374650618,3.9
O=c1[nH]ccc2c1[nH]c1cc(OCCN3CCCCC3)ncc12,0.3309890152066818,1.232180586427986,,-3.598599459218456,0.255272505103306,1.7944880466591695,-5.958607314841775,1.0409976924234905,1.9
Cn1ccc2c([nH]c3nc(OCCN4CCCCC4)ccc32)c1=O,2.19722457733622,1.4901447648649222,,-3.598599459218456,0.6334684555795865,1.7267272090265722,-4.757955760630449,-0.1487416512809247,1.1
COc1nccc2c3ccc(OCCN4CCCCC4)cc3n(C)c12,5.293304824724491,5.492659877227333,,-3.978810700930062,0.8750612633917001,1.9969492484953808,-5.090443970758825,-0.0555173278498313,2.5
Cn1ccc2c([nH]c3cc(CCCN4CCCCC4)ccc32)c1=O,2.164326873829161,1.8345258322236704,,-3.600326278518962,0.5314789170422551,2.03342375548695,-4.827981190575444,-0.0604807473813814,0.9
Cn1ccc2c([nH]c3cc(C#CCN4CCCCC4)ccc32)c1=O,,,,-4.598599459218456,1.1643528557844371,1.9532763366673045,,,3.1
Cn1ccc2c([nH]c3cc(NC(=O)CN4CCCCC4)ccc32)c1=O,1.7190001149456264,2.544453336822902,,-3.6216020990518634,1.1139433523068367,1.9020028913507292,-4.800793520838342,-0.0087739243075051,2.0
CN(C(=O)CN1CCCCC1)c1ccc2c(c1)[nH]c1c(=O)n(C)ccc12,1.815289966638249,0.414222827037519,,-3.5917600346881504,0.568201724066995,1.990782691803138,-5.187755303199631,0.3283796034387377,0.9
Cc1cn(C)c(=O)c2[nH]c3cc(OCCN4CCCCC4)ccc3c12,3.4760986898352724,3.851782925050793,,-3.600326278518962,0.3979400086720376,1.9768083373380665,-4.951946826884391,0.041392685158225,1.9
Cc1cn(C)c(=O)c2[nH]c3cccc(OCCN4CCCCC4)c3c12,,,,-3.6556077263148894,0.99563519459755,2.0770043267933502,,,2.4
Cn1ccc2c([nH]c3cc(OCCC4CCNCC4)ccc32)c1=O,2.5123056239761152,3.459053791069341,,-3.614393726401688,0.5185139398778874,1.110589710299249,-5.756961951313706,0.8088858673598122,0.3
Cn1ccc2c([nH]c3cc(OCCCCN4CCCCC4)ccc32)c1=O,2.6995485558468904,2.9635498697449254,,-3.600326278518962,0.2041199826559248,1.6998377258672457,-4.922268820347608,0.0899051114393979,1.1
Cn1ccc2c([nH]c3cc(OCC[C@H]4CCCNC4)ccc32)c1=O,2.186162517630361,3.5361853101962017,,-3.605548319173784,0.1760912590556812,2.004321373782642,-5.54515513999149,0.7474118078864233,0.3
Cn1ccc2c([nH]c3cc(OCC[C@@H]4CCCNC4)ccc32)c1=O,2.208385407473747,3.846884623389259,,-3.6108339156354674,0.0,1.92272545799326,-5.530177984021837,0.7371926427047373,0.3
CN1CCCC[C@@H]1CCOc1ccc2c(c1)[nH]c1c(=O)n(C)ccc12,2.4560121837882845,2.783907583072064,,-3.605548319173784,0.3222192947339193,1.968482948553935,-4.837137006678074,0.0899051114393979,1.2
CN1CCCC[C@H]1CCOc1ccc2c(c1)[nH]c1c(=O)n(C)ccc12,2.19722457733622,2.877045921963046,,-3.605548319173784,0.2304489213782739,2.024074987307426,-4.872895201635193,0.1038037209559568,1.2
O=c1c2[nH]c3cc(OCCN4CCCCC4)ccc3c2ccn1CC1CC1,4.254599024987376,4.240211529664063,,-3.7878123955960414,1.0334237554869496,1.6972293427597176,-4.987162775294828,0.0334237554869497,2.5
Cn1ccc2c([nH]c3c(CCN4CCCC(F)(F)C4)cccc32)c1=O,4.701489956993767,4.453841607241461,,-4.411168274405793,1.2671717284030135,2.071513805095089,-4.705974905904677,0.1072099696478683,3.5
Cn1ccc2c([nH]c3c(CCN4CCC(F)(F)CC4)cccc32)c1=O,4.9548205149898585,4.885323992019087,,-4.571865205971212,1.2833012287035497,2.077731179652392,-4.781464494783473,0.1271047983648076,3.4
CNCCCn1ccc2c([nH]c3nc(C4CC4)cnc32)c1=O,,,,-3.5917600346881504,1.146128035678238,1.4014005407815442,,,0.1
Cn1ccc2c([nH]c3cc(OCCc4cnccn4)ccc32)c1=O,4.057395776090949,3.1099179017177296,,-5.032920265855503,1.271841606536499,2.0073209529227447,-4.695940533782401,0.1038037209559568,2.2
Cn1ccc2c([nH]c3cc(OCCO)ccc32)c1=O,1.6070398297500872,1.461094378104023,,-3.636388020107856,1.24551266781415,1.7730546933642626,-4.6302277114030375,0.0681858617461616,1.5
Cn1ccc2c([nH]c3nc(OCCN4CCCCC4)ncc32)c1=O,0.064021858764931,-0.0636214513049556,,-3.617982957425132,0.1760912590556812,1.484299839346786,-5.235823867609669,0.3891660843645325,0.4
O=c1c2[nH]c3cc(Cl)ncc3c2ccn1CCCn1cccn1,,,,-4.281498311132726,0.8061799739838872,1.8573324964312683,,,2.6
CN(Cc1nc2ccc(CO)cc2n1C)C(=O)c1cn(C)c2ccccc12,2.5866893440979437,0.870741666830936,,-3.595166283380062,0.6989700043360189,1.1205739312058498,-4.963770455913705,0.3729120029701065,1.7
CN(Cc1nc2cc(CO)ccc2n1C)C(=O)c1cn(C)c2ncccc12,1.015012719832817,-1.0527363124706903,,-3.5900668766687054,0.5440680443502757,0.0,-5.213958789757446,0.5158738437116791,0.9
O=c1[nH]cnc2c1[nH]c1cc(OCCN3CCCCC3)ccc12,,,,-3.630784142589857,0.5910646070264992,1.5185139398778875,,,0.9
c1cnc2[nH]c3cc(OCCN4CCCCC4)ccc3c2c1,,,,-3.614393726401688,1.1430148002540952,1.8898617212581883,,,2.2
c1cc2c(cn1)[nH]c1cc(OCCN3CCCCC3)ccc12,,,,-3.595166283380062,0.9912260756924948,1.9969492484953808,,,1.9
Cn1c(=O)c2[nH]c3cc(OCCN4CCCCC4)ccc3c2n(C)c1=O,2.666159259393051,1.943170108523787,,-4.277366077466188,0.505149978319906,1.8561244442423004,-4.881404634776238,0.1958996524092337,1.3
COC1CN(Cc2ccc3c(c2)nc(CN(C)C(=O)c2cn(C)c4ncccc24)n3C)C1,,,,-3.605548319173784,0.6127838567197355,1.1238516409670858,,,0.6
COC1CN(Cc2ccc3nc(CN(C)C(=O)c4cn(C)c5ncccc45)[nH]c3c2)C1,,,,-3.623423042943488,0.3010299956639812,1.3242824552976926,,,0.8
Cn1ccc2c([nH]c3cc(OCCc4cccnc4)ccc32)c1=O,,,,-5.405607449624573,1.2787536009528289,2.0433622780211294,,,3.1
CC(=O)N1CCN(CCOc2ccc3c(c2)[nH]c2c(=O)n(C)ccc23)CC1,2.633712581456377,1.2756007716703868,,-3.627087997029893,0.146128035678238,1.3729120029701063,-4.997833938243493,0.4232458739368078,1.4
CCN(CC)CCOc1ccc2c(c1)[nH]c1c(=O)n(C)ccc12,2.1113349054557897,1.553370473912979,,-3.596879478824182,0.4623979978989561,1.9590413923210936,-4.559720786764412,-0.1135092748275181,0.9
CC1CCN(CCc2cccc3c2[nH]c2c(=O)n(C)ccc23)CC1,3.5471512942852343,2.8116101549221018,,-3.609064892896621,1.2648178230095364,2.0318122713303706,-4.5111673656176,-0.1366771398795441,2.2
Cn1ccc2c([nH]c3cc(OCCn4ccnc4)ccc32)c1=O,2.8830071796339576,1.9259457836128395,,-3.892790030352132,1.08278537031645,1.7944880466591695,-5.0101054362812265,0.6637009253896482,2.1
C[C@@H]1CCCN(CCc2cccc3c2[nH]c2c(=O)n(C)ccc23)C1,3.5471512942852343,3.2124469350360325,,-3.632644078973981,1.260071387985075,2.039414119176137,-4.589729035747816,-0.0705810742857072,2.3
C[C@H]1CCCN(CCc2cccc3c2[nH]c2c(=O)n(C)ccc23)C1,3.663561646129645,3.1574175223031897,,-3.665546248849069,1.271841606536499,2.04766419460156,-4.657379957446652,-0.0506099933550872,2.4
COC1CN(Cc2ccc3nc(CN(C)C(=O)c4cn(C)c5ccccc45)n(C)c3c2)C1,,,,-3.596879478824182,0.9542425094393248,1.66838591669,,,1.5
Cc1c(N)c(-c2ccc(OCCN3CCCCC3)cc2)cc2cnncc12,,,,-3.557520230935552,1.481442628502305,1.9508514588885464,,,1.8
Nc1c(-c2ccc(OCCN3CCCCC3)cc2)cc2cnncc2c1Br,,,,-3.5346171485515816,1.6893088591236205,2.4008832155483626,,,2.3
NC(=O)Cc1cccc(Nc2nc(F)cc(-c3cccnc3)n2)c1,,,,-3.87942606879415,2.115943176939055,2.787035182026224,,,2.4
Cc1c(N)c(-c2ccc(OCCN3CCCCC3)cc2)cc2cc(F)ccc12,,,,-5.29073003902417,0.0,1.829946695941636,,,3.9
Cc1c(N)c(-n2ccc(OCC3CNC3)n2)cc2cccnc12,,,,-3.543633966870957,0.0,1.549003262025788,,,-0.7
Cc1nc2cnc(-c3ccc(OCCN4CCCCC4)cc3)cn2c1C,,,,-3.653647025549361,0.7160033436347992,1.6857417386022635,,,2.0
c1c[nH]c2nc(-c3ccc(OCCN4CCCCC4)cc3)nc-2c1,,,,-3.539102157243452,0.041392685158225,1.1522883443830565,,,2.0
COCCNC(=O)c1ccc(-c2cc(C#N)c3ccncc3c2)cc1,,,,-4.866461091629782,1.3636119798921444,3.1235903326066734,,,2.5
CNc1cc2ccncc2cc1-c1ccc(OCCN(C)C)cc1,,,,-3.5543957967264026,0.5185139398778874,2.6483600109809315,,,1.9
Cc1c(-c2ccncc2)ccnc1-c1ccc(OCCN2CCCCC2)cc1N,,,,-3.5228787452803374,0.8920946026904804,2.277609214304092,,,1.6
Cc1c(N)c(-c2ccc3c(ccn3CCN3CCCCC3)c2)cc2cnccc12,,,,-3.7825160557860937,1.931457870689005,2.8151126581898125,,,3.6
Cc1c(N)c(-c2ccc3c(c2)ncn3CCN2CCCCC2)cc2cnccc12,,,,-3.5287082889410613,1.9599948383284165,3.2974322048101694,,,2.9
Cc1c(N)c(-c2ccc3ncn(CCN4CCCCC4)c3c2)cc2cnccc12,,,,-3.642065152999546,2.6852937813867843,2.7797407511767407,,,3.0
Cc1c(N)c(-c2cccc3c2ncn3CCN2CCCCC2)cc2cnccc12,,,,-3.542118103266008,1.656098202012832,2.6129956560323477,,,2.6
Cc1c(N)c(-c2cccc3ncn(CCN4CCCCC4)c23)cc2cnccc12,,,,-3.709965388637482,2.111262513659065,2.882125919770032,,,2.7
Cc1c(N)c(-c2ccc3c(c2)CC(=O)N3CCN2CCCCC2)cc2cnccc12,,,,-3.600326278518962,1.9324737646771533,2.5928426831311,,,2.5
Cc1c(N)c(-c2ccc(OCCN3CCCCC3)cc2F)cc2cnccc12,2.5563656137701445,3.231428290939323,,-3.4989407377822483,1.3636119798921444,2.171433900943008,-5.197910742118268,0.2988530764097066,2.7
Cc1c(N)c(-c2ccc(OCCN3CCOCC3)cc2F)cc2cnccc12,2.787562264029945,3.0881190852291818,,-3.5850266520291822,1.6374897295125106,2.5200903281128424,-5.113509274827519,0.0606978403536116,2.8
Cc1c(N)c(-c2ccc(SCCN(C)C)cc2)cc2cnccc12,,,,-3.575118363368933,1.6424645202421213,3.061452479087193,,,2.6
Cc1cc(-c2cc3cnccc3c(C)c2N)ccc1OCCN1CCCCC1,3.287572356154438,4.063397222443849,,-3.58838029403677,1.6263403673750425,2.3296012483565187,-6.346787486224656,0.2787536009528289,3.2
CNc1c(C)cc(-c2ncccn2)cc1-c1ccc(OCCN2CCCCC2)cc1,,,,-3.649751981665837,0.2787536009528289,3.1436392352745437,,,3.0
Cc1cccc(-c2ccc(OC[C@H](C)N3CCOCC3)cc2)c1N,,,,-3.761953896871205,1.0791812460476249,2.5718252490408293,,,2.9
Cc1cccc(-c2ccc(OC[C@@H](C)N3CCOCC3)cc2)c1N,,,,-4.040005161671584,0.7634279935629372,2.9394693308435302,,,2.9
Cc1cccc(-c2ccc(OCCN(C)C)cc2)c1N,,,,-3.705533773838407,0.0,3.4511875250567075,,,1.8
C#Cc1cccc(-c2ccc(OCCN3CCCCC3)cc2)c1,,,,-4.600326278518962,0.5797835966168101,2.342422680822206,,,3.7
Nc1c(-c2ccc(OCCN3CCCCC3)cc2)ccc2cnccc12,,,,-3.638272163982408,1.3783979009481375,2.379124146070392,,,2.5
Cc1ncnc(-c2ccc(OCCN3CCCCC3)cc2)c1N,-1.955084525331354,-0.8597097058056724,,-3.5214335044061564,0.6334684555795865,0.9242792860618816,-4.580209413893638,0.0,1.2
CCNCCOc1ccc(-c2cc3cnccc3c(C)c2N)cc1,2.1535495138335565,2.903110783673593,,-3.567030709125594,0.5910646070264992,1.9556877503135055,-5.4156687756324695,0.1931245983544616,1.1
Cn1cc(-c2ccc3c(c2)cc(C(=O)NC2CCN(c4ccncc4Cl)CC2)n3C)cn1,4.498799058824351,5.2159416927103965,,-6.920818753952375,1.9951962915971797,1.7634279935629371,-5.847711655616943,0.3031960574204888,4.0
Cn1c(C(=O)NC2CCN(c3ccncc3Cl)CC2)cc2cc(-n3ccnc3)ccc21,4.498799058824351,4.615524557250794,,-6.199970640755866,2.1398790864012365,1.724275869600789,-5.696803942579511,0.4313637641589873,3.7
Cn1ncc(-c2ccc3c(c2)cc(C(=O)NC2CCN(c4ccncc4Cl)CC2)n3C)n1,4.701489956993767,5.334327804071064,,-8.0301183562535,2.230448921378274,1.846955325019824,-5.924453038607469,0.146128035678238,4.0
Cn1c(C(=O)NC2CCN(c3ccncc3Cl)CC2)cc2cc(-c3cnoc3)ccc21,,,,-7.619788758288394,2.4649364291217326,2.02816441942447,,,3.9
Cc1nnc(-c2ccc3c(c2)cc(C(=O)NC2CCN(c4ccncc4Cl)CC2)n3C)o1,3.663561646129645,4.219000477166241,,-6.694648630553377,2.295567099962479,1.944975908412048,-6.130768280269024,0.1172712956557642,3.6
Cc1cnn(-c2ccc3c(c2)cc(C(=O)NC2CCN(c4ccncc4Cl)CC2)n3C)c1,5.5174528964647065,6.117095495062676,,-7.431798275933005,2.679518743695789,1.8228216453031043,-6.366531544420414,-0.0969100130080563,4.4
Cc1nc(-c2ccc3c(c2)cc(C(=O)NC2CCN(c4ccncc4Cl)CC2)n3C)cs1,,,,-7.040958607678906,1.9479236198317265,1.9768083373380665,,,4.3
Cc1nnc(-c2ccc3c(c2)cc(C(=O)N2CCC(Nc4ccncc4)CC2)n3C)s1,1.5368064681032405,3.1754527780569672,,-3.5361070110140926,0.255272505103306,1.2278867046136734,-5.939302159646388,1.0696680969115957,1.4
Cc1nnc(-c2ccc3nc(C(=O)NC4CCN(c5ccncc5Cl)CC4)[nH]c3c2)s1,3.999219550458301,4.419245507083431,,-6.498940737782249,2.004751155591001,2.182414652434554,-5.448550002027125,0.0969100130080564,3.7
Cc1nnc(-c2ccn3nc(C(=O)NC4CCN(c5ccncc5)CC4)cc3c2)s1,0.1281751934239978,2.686075938515226,1.695911510437927,-4.059981844992337,0.7634279935629372,1.1522883443830565,-5.069050968832477,0.5987905067631151,0.8
Cc1nnc(-c2ccn3nc(C(=O)NC4CCN(c5ccncc5Cl)CC4)cc3c2)s1,2.8247744754103525,3.374561795106484,3.3871336072852958,-5.663540266151471,1.9537596917332287,2.2143138974244,-5.168770306132936,-0.0506099933550872,3.1
Cc1nnc(-c2ccn3nc(C(=O)N4CCC(Oc5cncc(Cl)c5)CC4)cc3c2)s1,4.119037174812478,3.0597126032173967,,-5.131943638176958,1.1398790864012365,2.342422680822206,-4.736837535037783,0.0,3.0
Cc1nnc(-c2ccn3ncc(C(=O)NC4CCN(c5ccncc5)CC4)c3c2)s1,0.4937948768510523,1.833683903733476,,-4.028724151261895,0.5563025007672873,1.424881636631067,-6.769551078621726,1.8059763507175624,1.1
Cc1nnc(-c2ccn3ncc(C(=O)NC4CCN(c5ccncc5Cl)CC4)c3c2)s1,3.055048850710409,3.293350848564869,,-4.939302159646388,2.2474822606770544,2.794627444664508,-5.070070439915412,0.4828735836087537,3.2
Cc1nnc(-c2ccn3ncc(C(=O)NC4CCN(c5ccncc5Cl)CC4)c3n2)s1,,,,-4.690369832574102,2.553761698390004,3.451510117934316,,,2.7
Cc1nnc(-c2ccc3c(cc(C(=O)NC4CCN(c5ccncc5Cl)CC4)n3C)n2)s1,3.4760986898352724,3.81796785170251,,-5.97469413473523,1.9400181550076632,1.9929950984313416,-5.125518182300533,0.1205739312058498,3.5
Cc1ccc2c(n1)[nH]c1cc(OCCN3CCCCC3)ccc12,3.4094961844768497,,,-3.6108339156354674,0.6434526764861874,1.841359470454855,,,2.6
Cn1ccc2c([nH]c3cc(NC(=O)CCN4CCCCC4)ccc32)c1=O,6.906754778648553,1.8429735115115728,,-3.617982957425132,0.7403626894942439,1.887617300335736,-5.258848401148215,0.75815462196739,1.0
CN(Cc1nc2ccc(CO)cc2n1C)C(=O)c1cn(C)c2ncccc12,0.8236000689573804,-0.979958591941718,,-3.596879478824182,0.1139433523068367,0.9084850188786496,-5.254925208417943,0.651278013998144,1.0
CN(Cc1nc2ccc(CO)cc2[nH]1)C(=O)c1c[nH]c2ncccc12,0.7537718023763803,-1.166987165247896,,-3.593459819566045,0.1760912590556812,1.2201080880400552,-5.8297382846050425,1.200303182981585,1.1
Cn1ccc2[nH]c3cc(OCCN4CCCCC4)ccc3c2c1=O,0.2614797000577565,0.5176581474104689,,-3.616184634019569,0.3617278360175928,1.4727564493172125,-5.173925197299174,0.6812412373755872,0.7
COC(=O)c1nccc2c1[nH]c1cc(OC)ccc12,,,,-3.709965388637482,1.3096301674258988,2.0835026198302677,,,3.0
Cn1ccc2c([nH]c3cc(OCCN4CCCCC4)cnc32)c1=O,0.2736958304770407,0.7921836026310273,,-3.649751981665837,0.5314789170422551,1.6503075231319364,-4.950781977329818,0.3961993470957364,1.0
CO[C@H]1CCCN(CCOc2ccc3c(c2)[nH]c2c(=O)n(C)ccc23)C1,2.965693764434763,1.4415851436555698,,-3.596879478824182,0.9542425094393248,1.916453948549925,-4.745451922891026,0.0755469613925307,1.9
CO[C@@H]1CCCN(CCOc2ccc3c(c2)[nH]c2c(=O)n(C)ccc23)C1,3.623314765621057,1.4422316670889606,,-3.603800652904264,0.9493900066449128,1.9556877503135055,-4.699187205881883,-0.0915149811213502,1.8
Cn1ccc2c([nH]c3cc(OCCN4CCCC(F)(F)C4)ccc32)c1=O,,,,-4.958607314841775,1.209515014542631,2.0211892990699383,,,3.0
CC1CCN(CCOc2ccc3c(c2)[nH]c2c(=O)n(C)ccc23)CC1,2.8830071796339576,2.313634929180631,,-3.605548319173784,0.8450980400142568,1.92272545799326,-4.659754238432068,-0.1023729087095585,2.0
CC(C)n1ccc2c([nH]c3cc(OCCN4CCCCC4)ccc32)c1=O,2.6995485558468904,2.756866952884476,,-3.677780705266081,0.6812412373755872,1.7671558660821804,-4.696156225111346,-0.0757207139381183,2.3
CC(C)Cn1ccc2c([nH]c3cc(OCCN4CCCCC4)ccc32)c1=O,3.4760986898352724,3.722625626487243,,-4.08196966321512,1.0170333392987805,1.7972675408307164,-4.866461091629782,0.0681858617461616,2.7
Cn1ccc2c([nH]c3cc(OCCN4CC5(COC5)C4)ccc32)c1=O,2.0115074315411268,0.5425267148537852,,-3.6108339156354674,0.7403626894942439,0.9590413923210936,-4.82131076022441,0.0899051114393979,1.0
Cn1ccc2c([nH]c3cc(OCCn4cccn4)ccc32)c1=O,,,,-4.167491087293763,1.285557309007774,1.9469432706978251,,,2.6
Cn1ccc2c([nH]c3cc(OCCN4CCC(C)(C)CC4)ccc32)c1=O,3.4760986898352724,2.903110783673593,,-4.555955204081924,0.5910646070264992,1.9084850188786495,-4.713543530253017,-0.1366771398795441,2.3
Cc1cccc(-c2ccc(C(=O)NC3CNC3)cc2)c1N,,,,-3.593459819566045,0.0,1.429752280002408,,,-0.3
Cc1c(N)c(-c2ccc(OCCN3CC4CCC(C3)O4)cc2)cc2cnccc12,3.3776909339868166,4.010596496307103,,-4.847711655616943,2.1122697684172707,2.6582976503081897,-5.600326278518962,-0.0315170514460648,3.6
Cc1c(N)c(-c2ccc(O[C@@H]3CCCNC3)cc2)cc2cnccc12,,,,-3.5214335044061564,1.1139433523068367,2.0576661039098294,,,1.5
Cc1c(N)c(-c2ccc(O[C@H]3CCCNC3)cc2)cc2cnccc12,,,,-3.519993057042849,0.8808135922807914,2.2884728005997825,,,1.5
CNc1c(C)c(-c2ccc(OCCN3CCCCC3)cc2)cc2cnccc12,,,,-3.640164517660112,1.8312296938670636,2.759969857554307,,,2.6
CC[C@H](CN(C)C)Oc1ccc(-c2cc3cnccc3c(C)c2N)cc1,,,,-3.5287082889410613,1.6803355134145632,2.384532615494249,,,2.4
CC[C@@H](CN(C)C)Oc1ccc(-c2cc3cnccc3c(C)c2N)cc1,,,,-3.58838029403677,1.4969296480732148,2.537819095073274,,,2.4
COCCCN[C@@H](C)COc1cnn(-c2cc3cnccc3c(C)c2N)c1,,,,-3.628932137728264,0.7708520116421442,2.352953911710088,,,0.9
COCCCN[C@H](C)COc1cnn(-c2cc3cnccc3c(C)c2N)c1,,,,-3.5606673061697376,0.7708520116421442,2.5673793076509788,,,0.9
N#Cc1cc(-c2ccc(OCCN3CCCCC3)cc2)c2ncncc2c1,,,,-3.586700235918748,1.0606978403536116,2.7370335313338776,,,1.7
N#Cc1cc(-c2ccc(OCCN3CCCCC3)cc2)c2ccncc2n1,,,,-3.5257837359237447,1.1846914308175989,2.387033701282363,,,2.2
N#Cc1cc(-c2ccc(OCCN3CCCCC3)cc2)nc2cnccc12,,,,-4.114073660198569,0.7781512503836436,2.757168192214273,,,2.4
Cc1c(N)c(-c2ccc(OC(C)(C)CN3CCCCC3)cc2)cc2cnccc12,,,,-3.705533773838407,1.797959643737196,2.64738297011462,,,3.2
Cc1cc(-c2ccncc2)cc(-c2ccc(OCCN3CCCCC3)cc2N)n1,,,,-3.596879478824182,1.9982593384236984,2.3564083270389813,,,2.3
Cc1c(N)c(-c2ccc3c(c2)oc(=O)n3CCN2CCCCC2)cc2cnccc12,,,,-3.595166283380062,2.044147620878723,2.8702282790117946,,,2.9
Cc1cc(-c2ncccn2)cc(-c2ccc(OCCN3CCCCC3)cc2)c1N,,,,-3.6020599913279625,0.6812412373755872,2.1883659260631485,,,2.5
Cc1cccc(-c2ccc(OC(C)(C)CN3CCCCC3)cc2)c1N,,,,-3.9546770212133424,1.6222140229662954,2.945222316635341,,,3.1
Cc1cccc(-c2ccc(OCC(C)(C)N3CCOCC3)cc2)c1N,,,,-4.295849483160201,1.765668554759014,3.42301637471482,,,2.9
Cc1cccc(-c2ccc(OC(C)(C)CN3CCOCC3)cc2)c1N,,,,-4.298432014944073,1.7817553746524688,3.40573897750425,,,3.5
Nc1c(-c2ccc(OCCN3CCCCC3)cc2)ccc2ncccc12,,,,-3.552841968657781,0.5563025007672873,2.4410664066392638,,,2.3
Nc1ccc(-c2ccc(OCCN3CCCCC3)cc2)c2nccnc12,,,,-3.580044251510242,0.0,2.541953474458236,,,2.0
Nc1c(-c2ccc(OCCN3CCCCC3)cc2)ccc2cccnc12,3.1271781596874915,4.898847762943221,,-3.55129368009492,0.414973347970818,2.394801777162711,-5.147520006363144,0.0644579892269184,2.9
Cc1cc(-c2ccc(OCCN3CCCCC3)cc2)c(C)cc1N,,,,-3.5590909179347823,0.5185139398778874,2.7415455167762093,,,2.6
COCCN(C)[C@@H](C)COc1ccc(-c2cc3cnccc3c(C)c2N)cc1,,,,-3.625251653989896,1.934498451243568,2.4835872969688944,,,2.4
COCCN(C)[C@H](C)COc1ccc(-c2cc3cnccc3c(C)c2N)cc1,,,,-3.567030709125594,1.9479236198317265,2.326335860928751,,,2.4
COCCN(C)CCOc1ccc(-c2cc3cnccc3c(C)c2N)cc1,,,,-3.58838029403677,1.7234556720351857,2.4983105537896004,,,2.4
Cc1c(N)c(-c2ccc(OCCN3CCCCC3)cc2)cc2cccnc12,,,,-3.614393726401688,0.724275869600789,2.0,,,2.7
Cc1c(N)c(-c2ccc(OCC3CN(C)C3)cc2)cc2cnccc12,1.1691978901493258,3.261945697520339,,-3.625251653989896,0.8692317197309762,2.14674801363064,-5.1598939055432425,0.2304489213782739,1.2
COC1CN(CCOc2ccc(-c3cc4cnccc4c(C)c3N)cc2)C1,,,,-3.586700235918748,1.3579348470004535,2.509202522331103,,,2.5
Nc1c(-c2ccc(OCCN3CCCCC3)cc2)ccc2cnncc12,,,,-3.527243550682788,1.1072099696478683,2.719579857713723,,,1.9
Cc1c(N)c(-c2ccc(OCCN3CC(N(C)C)C3)cc2)cc2cnccc12,,,,-3.6757175447023074,1.631443769013172,2.3163897510731952,,,2.1
COCCNC(=O)c1ccc(-c2cccc(C)c2N)cc1,,,,-3.657577319177794,0.2787536009528289,2.3027637084729817,,,2.2
Cc1cccc(-c2ccc(C(=O)NC3CN(C)C3)cc2)c1N,,,,-3.540607512240769,0.2304489213782739,1.6384892569546374,,,1.2
Cn1c(C(=O)NC2CCN(c3ccncc3)CC2)cc2cc(-c3cn[nH]c3)ccc21,1.900958761193047,3.429043837054921,,-5.474955192963154,1.4608978427565478,2.808481056565951,-5.812479279163537,1.3494717992143856,1.8
Cn1ncc(-c2ccc3c(c2)cc(C(=O)NC2CCN(c4ccncc4)CC2)n3C)n1,,,,-4.756961951313706,1.0644579892269184,1.1958996524092338,,,2.0
Cn1c(C(=O)NC2CCN(c3ccncc3)CC2)cc2cc(-c3ccccc3)ccc21,,,,-6.497572880015567,0.8864907251724818,0.9030899869919436,,,3.6
Cn1c(C(=O)NC2CCN(c3ccncc3)CC2)cc2cc(-c3ccccn3)ccc21,2.787562264029945,4.329720681971944,,-4.995678626217358,1.0718820073061257,0.8976270912904415,-5.249491605148654,0.4424797690644486,2.2
Cn1c(C(=O)NC2CCN(c3ccncc3)CC2)cc2cc(-c3cccnc3)ccc21,2.863258522487603,4.119037174812478,,-4.910094888560602,1.2479732663618066,1.4502491083193612,-5.3260580013659125,0.6748611407378116,2.3
Cn1c(C(=O)NC2CCN(c3ccncc3)CC2)cc2cc(-c3cncnc3)ccc21,1.9367984687040585,2.8342726661891757,,-4.159266765388193,0.9493900066449128,0.8864907251724818,-5.164943898279883,0.7193312869837266,1.7
Cc1nnc(-c2ccc3nc(C(=O)NC4CCN(c5ccncc5)CC4)n(C)c3c2)s1,,,,-3.5361070110140926,0.4471580313422192,1.2278867046136734,,,1.5
Cc1nnc(-c2ccc3c(c2)nc(C(=O)NC2CCN(c4cncc(Cl)c4)CC2)n3C)s1,,,,-6.142667503568732,1.9084850188786495,2.406369835469268,,,3.6
Cc1nnc(-c2ccc3nc(C(=O)NC4CCN(c5ccncc5Cl)CC4)oc3c2)s1,,,,-5.507239610973163,2.468790262099611,1.980911937776844,,,2.8
Cc1nnc(-c2ccc3nc(C(=O)N4CCC(Nc5cncc(Cl)c5)CC4)n(C)c3c2)s1,,,,-4.841637507904751,1.5943925503754266,2.3376588910261424,,,3.2
Cc1nnc(-c2ccc3c(c2)nc(C(=O)N2CCC(N(C)c4cncc(Cl)c4)CC2)n3C)s1,,,,-4.351639989019068,2.6027109449575576,3.167671716230021,,,3.4
Cc1nnc(-c2cnc3cc(C(=O)NC4CCN(c5ccncc5Cl)CC4)nn3c2)s1,,,,-5.598599459218456,1.4885507165004443,1.958085848521085,,,2.4
Cc1nnc(-c2cnc3cc(C(=O)NC4CCN(c5ccncc5)CC4)nn3c2)s1,6.906754778648553,2.179571868279853,,-3.540607512240769,0.4313637641589873,0.0,-5.779891911959945,1.1945143418824673,0.2
Cc1nnc(-c2ccc3c(cc(C(=O)NC4CCN(c5ccncc5)CC4)n3C)n2)s1,,,,-3.527243550682788,0.3222192947339193,1.0293837776852095,,,1.2
COc1ccc2c(c1)[nH]c1c(C(N)=O)nccc12,,,,-4.675717544702307,1.250420002308894,1.8394780473741985,,,2.9
COCCn1ccc2c([nH]c3c(C#CC4CNC4)c(F)ccc32)c1=O,2.541494124417465,4.093937975511887,,-3.583359492661719,0.7075701760979364,1.7299742856995557,-5.182434630440219,0.5622928644564748,1.1
c1cnc2c(c1)[nH]c1cccc(OCCN3CCCCC3)c12,1.1417456594856852,1.2697502977024024,,-3.58838029403677,0.8260748027008264,1.8356905714924256,-4.801617869991706,0.146128035678238,1.3
COc1cc2[nH]c3cc(OCCN4CCCCC4)ccc3c2cn1,2.541494124417465,2.9235831658856037,,-3.603800652904264,0.9030899869919436,1.5276299008713388,-4.854182285508172,0.0086001717619175,2.3
Cn1ccc2c([nH]c3c(C#CC4CCNCC4)c(F)ccc32)c1=O,4.057395776090949,4.858805152060567,,-3.607303046740334,1.0086001717619175,1.6910814921229684,-5.474955192963154,0.8305886686851442,1.0
CC1(C)CC(Nc2ccc3c(n2)COc2cc(-n4cccn4)ccc2-3)CC(C)(C)N1,,,,-3.627087997029893,0.568201724066995,1.416640507338281,,,2.1
c1cnn(-c2ccc3c(c2)OCc2nc(N[C@@H]4C[C@H]5CC[C@@H](C4)N5)ccc2-3)c1,3.842009204807092,6.906754778648553,,-3.619788758288394,0.2787536009528289,1.4683473304121573,-6.036212172654444,1.0081741840064264,1.5
c1ccc2c(c1)[nH]c1cc(OCCN3CCCCC3)ccc12,,,,-3.619788758288394,0.8864907251724818,1.7972675408307164,,,2.7
COC1CN(Cc2ccc3c(c2)OC[C@@H](C(=O)N(C)Cc2cn(C)c4ccccc24)O3)C1,,,,-3.612610173661271,1.1583624920952498,1.890979596989689,,,2.1
COC1CN(Cc2ccc3c(c2)OC[C@H](C(=O)N(C)Cc2cn(C)c4ccccc24)O3)C1,3.1523190081791324,,,-3.607303046740334,1.100370545117563,1.8926510338773004,-4.695940533782401,-0.0177287669604316,2.2
COC1CN(Cc2ccc3c(c2)O[C@@H](C(=O)N(C)Cc2cn(C)c4ccccc24)CO3)C1,,,,-3.598599459218456,1.2405492482825995,1.9169800473203824,,,2.1
COC1CN(Cc2ccc3c(c2)O[C@H](C(=O)N(C)Cc2cn(C)c4ccccc24)CO3)C1,3.032022274959193,3.0343033706912994,,-3.616184634019569,1.2430380486862944,1.910090545594068,-4.635261444944601,-0.0177287669604316,2.1
C[C@H]1CCCN(CCOc2ccc3c(c2)[nH]c2c(=O)n(C)ccc23)C1,2.9235831658856037,2.014393119961829,,-3.605548319173784,0.9294189257142929,1.9003671286564705,-4.719649306953994,-0.0409586076789063,2.1
C[C@@H]1CCCN(CCOc2ccc3c(c2)[nH]c2c(=O)n(C)ccc23)C1,3.7944672166765008,2.247098920346459,,-3.623423042943488,1.0253058652647702,1.91803033678488,-4.741602195904491,0.0334237554869497,2.1
C[C@H]1CCCCN1CCc1cccc2c1[nH]c1c(=O)n(C)ccc12,2.5866893440979437,2.3407977636365294,,-3.576754126063192,1.260071387985075,1.9052560487484516,-4.690369832574102,-0.0861861476162833,1.8
C[C@@H]1CCCCN1CCc1cccc2c1[nH]c1c(=O)n(C)ccc12,3.0094673019441425,2.119666342990345,,-3.821023052706831,1.212187604403958,1.931457870689005,-4.651695136951839,-0.00436480540245,1.8
CC(C)N1CCC(Oc2ccc3c(c2)[nH]c2c(=O)n(C)ccc23)C1,,,,-3.603800652904264,0.6627578316815741,1.869231719730976,,,1.3
Cc1c(N)c(-c2ccc(OCCN3C4CCC3COC4)cc2)cc2cnccc12,2.2540580520993854,3.561951469718861,,-3.5900668766687054,1.9493900066449128,2.445759836488631,-5.628932137728264,0.0453229787866574,2.9
Cc1c(N)c(-c2ccc(OCCN3C4COCC3C4)cc2)cc2cnccc12,1.9459101490553128,3.011702154491348,,-3.603800652904264,1.4969296480732148,2.237040791379191,-5.447331783887807,0.3304137733491908,2.1
CCN(C)CCOc1ccc(-c2cc3cnccc3c(C)c2N)cc1C(F)(F)F,,,,-3.5816987086802548,1.8668778143374989,2.4446692309385245,,,3.1
C[C@@H](COc1ccc(-c2cc3cnccc3c(Cl)c2N)cc1)N1CCOCC1,,,,-4.368556230986828,1.9854264740830017,2.754730469023753,,,3.7
C[C@H](COc1ccc(-c2cc3cnccc3c(Cl)c2N)cc1)N1CCOCC1,3.748992436113632,4.92644820786839,,-4.493494967595128,1.899820502427096,2.628695382714023,-5.238824186844269,-0.0915149811213502,3.6
NC(=O)c1ccn(-c2ccc(OCCN3CCCCC3)cc2)n1,,,,-3.543633966870957,0.041392685158225,1.089905111439398,,,0.7
c1cc(-c2ccc(OCCN3CCCCC3)cc2)n2cnnc2c1,,,,-3.562249437179612,0.255272505103306,1.8591382972945307,,,0.7
c1cc(-c2ccc(OCCN3CCCCC3)cc2)n2nccc2c1,,,,-3.567030709125594,0.6627578316815741,3.3197720914263638,,,2.3
c1cc(-c2ccc(OCCN3CCCCC3)cc2)c2ccnn2c1,,,,-3.583359492661719,0.8864907251724818,3.3799216155042044,,,2.6
Cc1ccnc(-c2ccc(OCCN3CCCCC3)c(C)c2N)c1,,,,-3.557520230935552,1.173186268412274,2.426673888021373,,,2.0
O=C1Cc2cccc(-c3ccc(OCCN4CCCCC4)cc3)c2N1,,,,-3.563837352959244,0.4471580313422192,2.720737977018425,,,1.9
CN1C(=O)Cc2cccc(-c3ccc(OCCN4CCCCC4)cc3)c21,,,,-3.549750891680639,0.0,2.907034952483417,,,2.3
c1cc(-c2ccc(OCCN3CCCCC3)cc2)c2ncsc2c1,,,,-3.6595558851598815,0.8920946026904804,2.475816413031318,,,2.7
CN(CCN1CCCCC1)c1cnc(-c2ccc3ccncc3c2)nn1,,,,-3.580044251510242,1.110589710299249,3.4062164678532603,,,2.0
Cc1ccc2nc(-c3ccc(OCCN4CCCCC4)cc3)nn2c1,,,,-3.562249437179612,0.5563025007672873,1.7259116322950483,,,2.2
c1cc(-c2cnccc2Nc2ccc(OCCN3CCCCC3)cc2)ncn1,,,,-3.5900668766687054,1.0492180226701815,2.9740970037941312,,,1.8
C#Cc1cc(-c2ccc(C(=O)NCCOC)cc2)cc2cnccc12,4.820281565605036,3.9823847028511015,,-4.665546248849069,1.639486489268586,2.939069749923424,-4.940436582098732,0.093421685162235,3.5
Cc1c(N)c(-c2ccc3c(c2)nnn3CCN2CCCCC2)cc2cnccc12,,,,-3.567030709125594,1.9479236198317265,2.824060717418653,,,2.8
Cc1c(N)c(-c2ccc3nn(CCN4CCCCC4)nc3c2)cc2cnccc12,,,,-3.623423042943488,2.109240968588203,2.7844746437625165,,,3.3
Cc1c(N)c(-c2ccc3nnn(CCN4CCCCC4)c3c2)cc2cnccc12,,,,-4.166852888087215,2.8282731120520697,3.2166144855012773,,,3.0
Cc1c(N)c(-c2ccc(S(=O)(=O)CCN(C)C)cc2)cc2cnccc12,,,,-3.539102157243452,1.9041743682841636,3.249736304568833,,,2.0
Cc1cc(-c2ccccn2)cc(-c2ccc(OCCN3CCCCC3)cc2)c1N,,,,-3.669586226650809,1.271841606536499,2.172310968521954,,,2.8
Nc1c(-c2ccc(OCCN3CCCCC3)cc2)cc(Br)c2nccnc12,,,,-3.98296666070122,0.1139433523068367,2.055378331375,,,2.9
Nc1c(Cl)ncnc1-c1ccc(OCCN2CCCCC2)cc1,,,,-3.530177984021837,0.3010299956639812,2.1095785469043866,,,1.2
Cc1cccc(-n2ccc(OCC3CN(C)C3)n2)c1N,,,,-3.54821356447571,0.0,1.863322860120456,,,-0.2
Cc1c(N)c(-c2ccc(OCCN3CC4(CCO4)C3)cc2)cc2cnccc12,1.97362554890186,2.9194584961979984,,-3.571865205971211,1.436162647040756,2.236033147117636,-5.126098402135539,0.0253058652647702,2.4
Cn1cc(-c2ccc3c(c2)cc(C(=O)NC2CCN(c4ccncc4)CC2)n3C)cn1,,,,-5.906578314837765,0.7403626894942439,1.2430380486862944,,,2.1
Cn1c(C(=O)NC2CCN(c3ccncc3)CC2)cc2cc(-n3ccnc3)ccc21,1.5231373036116729,2.8890003773341726,,-4.234331445240986,0.7708520116421442,1.3263358609287514,-5.94692155651658,1.5074510609019698,1.8
Cn1cnc(-c2ccc3c(c2)cc(C(=O)NC2CCN(c4ccncc4)CC2)n3C)c1,1.2540491423061124,2.863258522487603,,-4.790484985457369,0.3979400086720376,0.9084850188786496,-6.080921907623926,1.5429498488141788,1.6
Cn1c(C(=O)NC2CCN(c3ccncc3)CC2)cc2cc(-c3cnoc3)ccc21,,,,-5.22767829327708,1.376576957056512,1.462397997898956,,,1.9
Cn1c(C(=O)NC2CCN(c3ccncc3)CC2)cc2cc(-c3ncccn3)ccc21,,,,-4.690369832574102,0.724275869600789,0.0,,,1.9
Cn1c(C(=O)NC2CCN(c3ccncc3)CC2)cc2cc(-c3cnccn3)ccc21,,,,-4.732828271596986,1.1903316981702914,1.187520720836463,,,1.9
Cc1csc(-c2ccc3c(c2)cc(C(=O)NC2CCN(c4ccncc4)CC2)n3C)n1,3.055048850710409,5.568946973906866,4.715034059803405,-4.448550002027125,1.235528446907549,1.2695129442179165,-5.640164517660112,0.4440447959180762,2.8
Cc1nc(-c2ccc3c(c2)cc(C(=O)NC2CCN(c4ccncc4)CC2)n3C)cs1,2.987364023883476,5.060885716839835,,-4.87942606879415,1.2787536009528289,1.3673559210260189,-5.30715308072277,0.4842998393467858,2.5
Cc1nnc(-c2ccc3c(c2)cc(C(=O)N(C)C2CCN(c4ccncc4)CC2)n3C)s1,,,,-4.436518914605589,,,,,1.6
CN1CCC(n2cc(-c3ccc4ncsc4c3)cn2)CC1,,,,-3.54515513999149,,,,,1.7
Cn1c(=O)c2c(ncn2CCCCCCCn2cnc3c2c(=O)n(C)c(=O)n3C)n(C)c1=O,,,,-4.292429823902063,,,,,1.6
Cn1c(=O)c2c(ncn2CCCCCCCCCn2cnc3c2c(=O)n(C)c(=O)n3C)n(C)c1=O,,,,-5.26440110030182,,,,,2.5
Cc1nnc(-c2ccc3c(c2)cc(C(=O)NC2CCN(Cc4ccncc4)CC2)n3C)s1,,,,-5.730487055782084,1.60959440922522,2.9133899436317554,,,2.9
Cc1nnc(-c2ccc3c(c2)cc(C(=O)NC2CCN(Cc4ccncn4)CC2)n3C)s1,,,,-4.91721462968355,1.2787536009528289,2.3550682063488506,,,2.3
Cc1nnc(-c2ccc3c(c2)cc(C(=O)NC2CCN(Cc4cncnc4)CC2)n3C)s1,,,,-4.721246399047171,1.4828735836087537,2.481442628502305,,,2.1
Cc1nnc(-c2ccc3c(c2)cc(C(=O)NC2CCN(c4ccncn4)CC2)n3C)s1,,,,-6.210419287835575,1.3324384599156054,2.068927611682072,,,2.8
CN1C(=O)/C(=C\c2cnc[nH]2)c2c1ccc1ncsc21,,,,-5.077793722560983,1.924795995797912,3.354626976852949,,,2.3
CN1C(=O)/C(=C\c2cncn2C)c2c1ccc1ncsc21,,,,-5.067526235322847,1.8785217955012063,2.473048805088537,,,2.1
Cc1nnc(-c2ccc3c(c2)nc(C(=O)NC2CCN(c4ccncc4)CC2)n3C)s1,,,,-3.5243288116755704,0.8195439355418687,0.0,,,1.4
O=C(c1n[nH]c2cccnc12)N1CC[C@@H](Oc2cncc(Cl)c2)[C@H]2C[C@H]21,,,,-3.5686362358410126,,,,,1.8
O=C(c1n[nH]c2cccnc12)N1CC[C@H](Oc2cncc(Cl)c2)[C@@H]2C[C@@H]21,,,,-3.5100415205751654,,,,,1.8
Cc1nnc(-c2ccc3c(c2)nc(C(=O)N2CCC(Nc4cncc(Cl)c4)CC2)n3C)s1,,,,-4.345823458122039,,,,,3.2
Cc1nnc(-c2ccc3nc(C(=O)N4CCC(N(C)c5cncc(Cl)c5)CC4)n(C)c3c2)s1,,,,-4.373659632624958,,,,,3.4
Cc1nnc(-c2ccn3ncc(C(=O)NC4CCN(c5ccncc5)CC4)c3n2)s1,,,,-3.537602002101044,,,,,1.0
Cc1nnc(-c2cnc3c(c2)cc(C(=O)NC2CCN(c4ccncc4)CC2)n3C)s1,0.6058782375676038,3.8716094242278376,2.836181963708776,-4.508638306165727,0.6020599913279624,0.6812412373755872,-5.804100347590766,1.3585059114902351,1.3
NC(=O)c1nccc2c1[nH]c1cc(OCCN3CCCCC3)ccc12,2.8247744754103525,3.5004299446951554,,-3.5900668766687054,0.5185139398778874,1.287801729930226,-4.830913642512977,0.0086001717619175,1.9
c1cc2[nH]c3cc(OCCN4CCCCC4)ccc3c2cn1,2.04065551664468,2.219647041392052,,-3.593459819566045,0.9242792860618816,1.3729120029701063,,,1.3
Cn1c2cnccc2c2ccc(OCCN3CCCCC3)cc21,2.4154781433562365,2.7200597814307117,,-3.627087997029893,1.1335389083702174,2.069668096911596,,,1.9
Cn1ccc2c([nH]c3cc(OCCN4CCCCC4)cc(F)c32)c1=O,2.903110783673593,3.558231985622321,,-3.595166283380062,0.7160033436347992,2.03342375548695,-4.922632094715843,0.0253058652647702,2.1
Cc1ccc2c(c1)[nH]c1cc(OCCN3CCCCC3)ccc12,4.329720681971944,6.906754778648553,,-3.8096683018297086,0.8325089127062363,1.8312296938670636,,,3.1
Cc1cccc(Nc2cccc(OCCN3CCCCC3)c2)c1,3.8918202981106256,5.2159416927103965,,-3.605548319173784,1.230448921378274,2.0622058088197126,,,2.7
c1cnn(-c2ccc3c(c2)OCc2nc(N[C@H]4C[C@H]5CC[C@@H](C4)N5)ccc2-3)c1,3.623314765621057,6.906754778648553,,-3.623423042943488,0.3222192947339193,1.3820170425748683,,,1.6
Cn1ccc2c([nH]c3c(CCC4CNC4)c(F)ccc32)c1=O,2.6021527726798066,3.785212861266312,,-3.614393726401688,0.7781512503836436,1.6009728956867482,,,0.2
Cn1ccc2c([nH]c3c(C#CC4(C)CNC4)c(F)ccc32)c1=O,1.2083112059245342,5.444830984694502,,-3.679853713888946,0.6127838567197355,1.586587304671755,,,1.4
Cn1ccc2c([nH]c3c(C(=O)CC4(C)CNC4)c(F)ccc32)c1=O,3.663561646129645,2.479610198991133,,-3.6020599913279625,0.8692317197309762,1.4065401804339552,,,-0.2
Cn1ccc2c([nH]c3cc(C(=O)NCCN4CCCCC4)ccc32)c1=O,1.0986122886681098,1.5820878129069278,,-3.6108339156354674,0.380211241711606,1.739572344450092,,,1.0
CNC(=O)/C=C/c1ccc(-c2ncc(N(C)[C@@H]3C[C@H]4CC[C@@H](C3)N4)nn2)c(O)c1,1.2367626271489272,2.773013801948627,,-3.614393726401688,0.2304489213782739,0.8061799739838872,,,1.2
CS(=O)(=O)c1c(-c2ccc(OCCN3CCCCC3)cc2)cc2cnccc2c1Cl,0.2371045977082529,,,-3.542118103266008,0.0,2.236537261488694,-6.036212172654444,0.4232458739368078,1.4
Cc1c(N)c(-c2ccc(OCCN3CC4CC(C3)O4)cc2)cc2cnccc12,2.4022668644598677,3.1271781596874915,,-4.142667503568732,,2.407730728026336,-5.075720713938118,0.0899051114393979,2.6
Cc1c(N)c(-c2ccc(OCCN3CCCC3=O)cc2)cc2cnccc12,2.903110783673593,2.877045921963046,,-4.906578314837765,1.385606273598312,2.591287265058499,-4.774949303861951,0.2174839442139062,2.8
O=c1ncn(-c2ccc(OCCN3CCCCC3)cc2)c2c[nH]nc12,,,,-3.555955204081924,0.041392685158225,2.3218054838575397,,,0.8
c1cc(-c2ccc(OCCN3CCCCC3)cc2)c2nncn2c1,,,,-3.542118103266008,0.2041199826559248,1.711807229041191,,,1.2
c1cc(-c2ccc(OCCN3CCCCC3)cc2)c2cnnn2c1,,,,-3.5654310959658013,0.6434526764861874,2.9501700598082,,,1.9
c1cc(-c2ccc(OCCN3CCCCC3)cc2)n2nncc2c1,,,,-3.511449283499556,0.5563025007672873,3.035389709198677,,,1.8
c1cc(-c2ccc(OCCN3CCCCC3)cc2)c2[nH]ncc2c1,,,,-3.576754126063192,0.5440680443502757,3.391957848245589,,,2.8
Cn1cc2cccc(-c3ccc(OCCN4CCCCC4)cc3)c2n1,,,,-3.612610173661271,0.785329835010767,2.765817515309918,,,2.4
O=c1ccc2cccc(-c3ccc(OCCN4CCCCC4)cc3)c2[nH]1,,,,-3.537602002101044,0.505149978319906,2.424064525417488,,,2.1
c1cc2cncc(-c3ccc(OCCN4CCCCC4)cc3)c2[nH]1,,,,-3.530177984021837,0.9242792860618816,1.7737864449811935,,,1.9
COCCCN[C@@H](C)COc1cnn(-c2cc(C#N)c3ccncc3c2)c1,,,,-3.562249437179612,0.8750612633917001,2.369030221809153,,,1.6
COCCCN[C@@H](C)COc1cnn(-c2cc(C#N)cc3cnccc23)c1,,,,-3.5654310959658013,1.14921911265538,2.229681842317676,,,0.6
COCCCN[C@H](C)COc1cnn(-c2cc(C#N)cc3cnccc23)c1,,,,-3.567030709125594,1.0374264979406236,2.2258259914618934,,,0.7
COCCCN[C@H](C)COc1cnn(-c2cc(C#N)c3ccncc3c2)c1,,,,-3.54515513999149,0.4313637641589873,2.535167485114944,,,1.6
Cc1c(N)c(-c2ccc(OCC(C)(C)N3CCCCC3)cc2)cc2cnccc12,,,,-3.598599459218456,2.1386184338994925,2.4446692309385245,,,2.3
Cc1c(N)c(-c2ccc(C(O)CCN(C)C)cc2)cc2cnccc12,,,,-3.5850266520291822,0.5563025007672873,2.133858125203335,,,0.8
Cc1cccc(-c2ccc(OCC(C)(C)N3CCCCC3)cc2)c1N,,,,-3.625251653989896,1.0128372247051722,2.342620042553348,,,2.1
Cc1cccc(-c2ccc(OC[C@H](C)N3CCCCC3)cc2)c1N,,,,-3.54821356447571,0.8920946026904804,2.590953235187986,,,2.5
Cc1cccc(-c2ccc(OC[C@@H](C)N3CCCCC3)cc2)c1N,,,,-3.5606673061697376,0.0,2.6996643202023733,,,2.4
Nc1c(-c2ccc(OCCN3CCCCC3)cc2)ccc2ncncc12,,,,-3.580044251510242,1.2013971243204515,2.707058940627596,,,2.1
Nc1ccc(-c2ccc(OCCN3CCCCC3)cc2)c2ncncc12,,,,-3.55129368009492,0.6532125137753437,2.8880671134074367,,,1.7
Cc1ccc(C)c(-c2ccc(OCCN3CCCCC3)cc2)c1N,,,,-3.567030709125594,0.6532125137753437,3.329926440795452,,,2.7
Cc1c(N)c(-n2ccc(OCC3CN(C)C3)n2)cc2cccnc12,,,,-3.578396073130169,0.1139433523068367,1.9003671286564705,,,0.3
CN1CC(COc2ccn(-c3ccc4ncccc4c3N)n2)C1,,,,-3.5257837359237447,0.414973347970818,1.3729120029701063,,,-0.1
Cc1c(N)c(-n2ccc(OCC3CN(C)C3)n2)cc2cnccc12,,,,-3.527243550682788,0.7708520116421442,2.185825359612962,,,0.6
Cc1nnc(-c2ccc3c(c2)cc(C(=O)NC2CCN(c4ccncc4)CC2)n3C)o1,,,,-4.91721462968355,0.0,0.0,,,1.5
Cc1cnn(-c2ccc3c(c2)cc(C(=O)NC2CCN(c4ccncc4)CC2)n3C)c1,,,,-6.180456064458132,1.3654879848908996,1.3891660843645324,,,2.5
c1cc(N2CCC(n3cc(-c4ccc5ncsc5c4)cn3)CC2)ccn1,,,,-4.254925208417943,,,,,2.1
Cc1nnc(-c2ccc3c(c2)cc(C(=O)NC2CCN(Cc4ccncc4Cl)CC2)n3C)s1,,,,-6.920818753952375,,,,,3.0
O=c1c2ccccc2ccn1C1CCN(c2ccncc2)CC1,,,,-3.5331323796458904,,,,,1.6
O=c1c2ccccc2ncn1C1CCN(c2ccncc2)CC1,,,,-3.543633966870957,,,,,0.7
O=c1c2ccccc2ncn1C1CCN(Cc2ccncc2)CC1,,,,-3.5590909179347823,,,,,2.0
COc1cnccc1N1CCC(NC(=O)c2cc3cc(-c4nnc(C)s4)ccc3n2C)CC1,3.1271781596874915,3.9281615064874296,3.507485302198652,-5.168130225719499,1.6830470382388496,2.3811150807098507,-5.102922996790579,0.0334237554869497,3.2
Cc1nnc(-c2ccc3c(c2)cc(C(=O)NC2CCN(c4ccncc4C#N)CC2)n3C)s1,,,,-6.856985199745905,,,,,3.4
Cc1nnc(-c2ccc3c(c2)cc(C(=O)NC2CCN(c4ccncc4C)CC2)n3C)s1,3.178053830347945,4.269190581626872,3.705408756065146,-7.1444808443322,1.2201080880400552,1.910090545594068,-5.485452247339714,0.0606978403536116,3.5
NCc1cccc(CNC(=O)Nc2ccc3nccnc3c2)c1,,,,-3.598599459218456,,,,,-0.4
Cn1ncc2cc(NC(=O)NCc3cccc(CN)c3)ccc21,,,,-3.5257837359237447,,,,,-0.4
Cn1cnc2ccc(NC(=O)NCc3cccc(CN)c3)cc21,,,,-3.5214335044061564,,,,,-0.8
Cn1cnc2cc(NC(=O)NCc3cccc(CN)c3)ccc21,,,,-3.58838029403677,,,,,-1.2
NCc1cccc(CNC(=O)Nc2ccc3nccn3c2)c1,,,,-4.156144577376839,,,,,-0.3
NCc1cccc(NC(=O)Cc2ccc3ncccc3c2)c1,,,,-3.519993057042849,,,,,0.0
CN(C(=O)NCc1cccc(CN)c1)c1ccc2ncccc2c1,,,,-3.511449283499556,,,,,-0.6
CC(C)(C(=O)Nc1ccc2ncccc2c1)c1cccc(CN)c1,,,,-3.5606673061697376,,,,,0.5
Cc1nnc(-c2ccc3c(c2)cc(C(=O)NC2CCN(C)CC2)n3C)s1,,,,-3.539102157243452,,,,,1.2
Cc1nnc(-c2ccc3c(c2)nc(C(=O)N2CCC(Nc4ccncc4)CC2)n3C)s1,,,,-3.5228787452803374,,,,,0.3
Cc1nnc(-c2ccc3c(c2)cc(NC(=O)C2CCN(c4ccncc4)CC2)n3C)s1,,,,-4.721246399047171,1.0253058652647702,0.9684829485539352,,,1.6
Cc1nnc(-c2ccn3nc(C(=O)NC4CCN(c5ccncc5)CC4)cc3n2)s1,,,,-3.9913998282380825,0.0,0.146128035678238,,,0.8
Cc1nnc(-c2ccc3cc(C(=O)NC4CCN(c5ccncc5)CC4)cn3c2)s1,0.8188868585544241,4.712764160674567,3.521738257642707,-5.081445469449727,0.7781512503836436,1.155336037465062,-5.749579997691106,1.2857822737793947,1.5
Cc1nnc(-c2cc3cc(C(=O)NC4CCN(c5ccncc5)CC4)n(C)c3cn2)s1,,,,-4.55129368009492,0.7993405494535817,1.252853030979893,,,1.3
CNC(=O)/C=C/c1ccc(-c2cnc(N(C)[C@@H]3C[C@H]4CC[C@@H](C3)N4)nn2)c(O)c1,1.318908187369808,2.476809439555381,,-3.598599459218456,0.4471580313422192,1.390935107103379,-5.931814138253839,1.0958664534785427,2.7
CN1CCN(CCOc2ccc3c(c2)[nH]c2c(=O)n(C)ccc23)CC1=O,2.4560121837882845,0.1720229555737064,,-3.583359492661719,0.6127838567197355,1.1903316981702914,-5.114073660198569,0.6560982020128319,1.5
COC(=O)N1CCN(CCOc2ccc3c(c2)[nH]c2c(=O)n(C)ccc23)CC1,3.287572356154438,2.694477731064954,,-3.607303046740334,0.9242792860618816,1.5634810853944108,-4.717151397165355,0.0334237554869497,0.9
COCCNCCOc1ccc2c(c1)[nH]c1c(=O)n(C)ccc12,2.497978731355354,1.2419312650930223,,-3.5816987086802548,0.8129133566428556,1.8715729355458788,-4.855114581712858,0.1760912590556812,0.7
Cn1ccc2c([nH]c3cc(OCCN4CCCCC4(C)C)ccc32)c1=O,2.4698363968670027,2.236733101687342,,-3.612610173661271,0.146128035678238,1.9960736544852755,-4.638083381331357,-0.1307682802690238,1.4
CN(C)C1CCN(CCOc2ccc3c(c2)[nH]c2c(=O)n(C)ccc23)CC1,1.2715034200231847,2.0396733285454665,,-3.567030709125594,0.3424226808222063,0.8692317197309762,-5.406713932979542,0.4941545940184428,0.1
Cn1ccc2c3ccc(OCCN4CCCCC4)cc3n(C3CC3)c2c1=O,,,,-3.600326278518962,0.9542425094393248,2.0666985504229958,,,
Cn1ccc2c([nH]c3nc(OCCN4CCCCC4)cnc32)c1=O,-0.0840494443424517,0.7372764318400887,,-3.593459819566045,0.414973347970818,1.6646419755561257,-4.7361273231347765,-0.0087739243075051,0.0
Cc1nccc2c1[nH]c1cc(OCCN3CCCCC3)ncc12,,,,-3.580044251510242,0.8450980400142568,1.8597385661971468,,,-0.4
O=c1[nH]ccc2c1[nH]c1nc(OCCN3CCCCC3)ncc12,,,,-3.593459819566045,0.3617278360175928,0.5440680443502757,,,0.3
Cn1ccc2c([nH]c3c(C#CC4(C)CCNCC4)c(F)ccc32)c1=O,,,,-3.6108339156354674,1.0128372247051722,1.4785664955938431,,,1.2
Cn1ccc2c([nH]c3c(C(=O)CC4(C)CCNCC4)c(F)ccc32)c1=O,,,,-3.603800652904264,0.8061799739838872,1.1760912590556811,,,0.3
Cn1ccc2c([nH]c3c(C#CC4(N)CC4)c(F)ccc32)c1=O,,,,-5.274088367704952,1.255272505103306,1.975431808509263,,,3.4
CCNC1(C#Cc2c(F)ccc3c2[nH]c2c(=O)n(C)ccc23)CC1,,,,-5.324221658325915,1.250420002308894,2.0576661039098294,,,3.5
Cn1ccc2c([nH]c3c(C#CC4(N)CCC4)c(F)ccc32)c1=O,,,,-3.6216020990518634,1.0863598306747482,1.9604707775342989,,,2.6
CNC1(C#Cc2c(F)ccc3c2[nH]c2c(=O)n(C)ccc23)CCC1,4.820281565605036,5.840140328842314,,-3.632644078973981,1.252853030979893,2.0318122713303706,-5.035740369803151,0.1238516409670858,
Cn1ccc2c([nH]c3cc(OCCN4CCOCC4)c(F)cc32)c1=O,3.032022274959193,2.5608642088003126,,-3.640164517660112,1.2278867046136734,1.8007170782823851,-4.642446280256919,0.08278537031645,
Cn1ccc2c([nH]c3cc(NCCCCN4CCCCC4)ccc32)c1=O,1.4696224926932235,1.8219504415072008,,-3.593459819566045,0.2787536009528289,1.530199698203082,-4.931072388317928,0.3483048630481606,0.6
Cc1ccc2c(c1)[nH]c1c(OCCN3CCCCC3)cccc12,,,,-3.638272163982408,1.1931245983544616,2.0755469613925306,,,3.2
Cc1c(N)c(-c2ccc(OCCN3C[C@@H]4CC[C@H]3CO4)cc2)cc2cnccc12,,,,-3.609064892896621,1.9420080530223127,2.4899584794248346,,,2.8
Cc1c(N)c(-c2ccc(OCCN3C[C@H]4CC[C@@H]3CO4)cc2)cc2cnccc12,,,,-3.5466816599529625,1.8727388274726688,2.5056925074122,,,2.7
Cc1c(N)c(-c2ccc(OCCN3CCCCC3=O)cc2)cc2cnccc12,,,,-4.368556230986828,1.954242509439325,2.9423057528958942,,,3.2
Cc1c(OCCN2CCOCC2)ccc(-c2cc(Cl)c3ccncc3n2)c1N,,,,-5.080921907623926,2.087426457036285,2.640282629696681,,,3.6
Cc1c(OCCN2CCOCC2)ccc(-c2cc(Cl)nc3cnccc23)c1N,,,,-4.2839966563652006,1.4099331233312946,2.1322596895310446,,,2.6
Cc1c(OCCN2CCOCC2)ccc(-c2cc(C)c3ccncc3n2)c1N,,,,-4.548213564475709,1.7528164311882717,2.66228551572213,,,3.0
O=c1[nH]c2c(-c3ccc(OCCN4CCCCC4)cc3)cccc2o1,,,,-3.6635402661514704,0.1139433523068367,3.477858928493696,,,2.4
O=C1CCc2cccc(-c3ccc(OCCN4CCCCC4)cc3)c2N1,,,,-3.5816987086802548,0.0,2.6061663146076204,,,2.1
Cc1cccc(-c2ccc(OCCN3CCCCC3)c(F)c2)c1N,2.021151265806204,4.138270016280908,,-3.705533773838407,1.089905111439398,2.405687786672777,-4.617262734238669,-0.1674910872937636,2.6
Fc1cc(-c2ccn3nccc3c2)ccc1OCCN1CCCCC1,,,,-3.730487055782084,1.2405492482825995,2.9361114316748544,,,2.9
N#Cc1cnn2cc(-c3ccc(OCCN4CCCCC4)c(F)c3)cnc12,,,,-5.045275209020937,1.1205739312058498,1.6998377258672457,,,1.7
Cc1c(N)c(-c2ccc(OCCN3CCCCC3)c(F)c2F)cc2cnccc12,,,,-3.627087997029893,1.6424645202421213,2.510276844417355,,,2.9
Cc1c(N)c(-c2ccc(OCCN3CCCC3)c(F)c2)cc2cnccc12,1.9924301646902065,3.247967252448523,,-3.627087997029893,1.505149978319906,2.448087666692341,-5.642065152999546,0.3096301674258988,2.1
N#Cc1cnn2ccc(-c3ccc(OCCN4CCCCC4)cc3)nc12,,,,-4.489454989793388,0.8864907251724818,1.8836614351536176,,,2.0
Brc1cnn2ccc(-c3ccc(OCCN4CCCCC4)cc3)nc12,,,,-4.882728704344236,0.8808135922807914,2.3296012483565187,,,2.8
Brc1cnn2c(-c3ccc(OCCN4CCCCC4)cc3)ccnc12,,,,-3.630784142589857,0.2787536009528289,1.6875289612146342,,,2.5
c1cc(-c2ccc(OCCN3CCCCC3)cc2)n2nccc2n1,,,,-3.593459819566045,0.8129133566428556,3.312832959249337,,,1.8
c1cc(-c2ccc(OCCN3CCCCC3)cc2)c2[nH]ccc2n1,,,,-3.5361070110140926,1.5092025223311027,2.888179493918325,,,2.2
c1cc2cc[nH]c2c(-c2ccc(OCCN3CCCCC3)cc2)n1,,,,-3.549750891680639,0.8129133566428556,2.601408060534684,,,1.9
Cc1c(N)c(-c2ccc(C(N)=O)cc2)cc2cnccc12,,,,-4.521433504406157,0.8976270912904415,2.539201599294128,,,2.1
CNc1c(C)cccc1-c1ccc(C(N)=O)cc1,,,,-3.552841968657781,1.1238516409670858,2.5079907248196918,,,2.4
NC(=O)c1ccc(-c2cccc3cc[nH]c23)cc1,,,,-4.647817481888637,2.037426497940624,2.4470028984661623,,,2.7
Cc1c(-n2ccc(OCC3CNC3)n2)ccc2ncccc12,,,,-3.5331323796458904,0.9444826721501688,1.9912260756924949,,,-0.7
c1ccc(-c2ccncn2)c(Nc2ccc(OCCN3CCCCC3)cc2)c1,,,,-3.730487055782084,1.2430380486862944,3.2494918657252647,,,3.0
CN(C)C(=O)c1cc(-c2ccc(OCCN3CCCCC3)cc2)cc2cnccc12,,,,-3.5816987086802548,0.7403626894942439,1.639486489268586,,,1.8
Cc1c(N)c(-c2cccc3c2nnn3CCN2CCCCC2)cc2cnccc12,,,,-3.628932137728264,1.6730209071288962,2.821316970591097,,,2.6
CNC1CN(CCOc2ccc(-c3cc4cnccc4c(C)c3N)cc2)C1,,,,-3.869666231504994,1.505149978319906,2.121559844187501,,,1.3
Cc1nnc(-c2ccc3c(c2)cc(C(=O)NC2CCN(c4ccnnc4)CC2)n3C)s1,,,,-6.218963061378868,0.3979400086720376,1.320146286111054,,,2.4
c1ccc2c(OC3CCN(c4ccncc4)CC3)nccc2c1,,,,-3.500312917381596,,,,,2.6
COc1cccc(Nc2ccnc3ccc(C(=N)N)cc23)c1,,,,-3.609064892896621,,,,,-0.2
CNC(=N)c1ccc2nc(C)cc(Nc3cccc(OC)c3)c2c1,,,,-3.6345120151091,,,,,-0.5
CNC(=O)c1ccc2nc(C)nc(Nc3cccc(OC)c3)c2c1,,,,-4.450996737974212,,,,,2.9
NCc1cccc(CNC(=O)Nc2ccc3ncncc3c2)c1,,,,-3.537602002101044,,,,,-0.6
Cn1cc2cc(NC(=O)NCc3cccc(CN)c3)ccc2n1,,,,-3.543633966870957,,,,,-0.9
NCc1cccc(CNC(=O)Nc2ccn3ccnc3c2)c1,,,,-3.686132779630847,,,,,-0.8
NCc1cccc(CNC(=O)Nc2ccn3nccc3c2)c1,,,,-3.55129368009492,,,,,-0.2
O=C(Nc1ccc2ncccc2c1)NC1CCN(c2ccncc2)CC1,,,,-3.563837352959244,,,,,1.5
NCc1cccc(COC(=O)Nc2ccc3ncccc3c2)c1,,,,-3.555955204081924,,,,,1.1
NCc1cccc(CC(=O)Nc2ccc3ncccc3c2)c1,,,,-3.5287082889410613,,,,,0.3
NCc1cccc(NC(=O)Nc2ccc3ncccc3c2)c1,,,,-3.5243288116755704,,,,,0.5
NCc1cccc(CNC(=O)c2ccc3ncccc3c2)c1,,,,-3.567030709125594,,,,,-0.3
CN(Cc1cccc(CN)c1)C(=O)Nc1ccc2ncccc2c1,,,,-3.630784142589857,,,,,0.0
CN(Cc1cccc(CN)c1)C(=O)N(C)c1ccc2ncccc2c1,,,,-3.5606673061697376,,,,,0.0
CC(NC(=O)Nc1ccc2ncccc2c1)c1cccc(CN)c1,,,,-3.549750891680639,,,,,0.6
CC(C(=O)Nc1ccc2ncccc2c1)c1cccc(CN)c1,,,,-3.518557371497695,,,,,0.6
CC(C(=O)Nc1cccc(CN)c1)c1ccc2ncccc2c1,,,,-3.5686362358410126,,,,,0.5
NCc1cccc(CCC(=O)Nc2ccc3nnsc3c2)c1,,,,-3.555955204081924,,,,,0.6
NCc1cccc(CC(=O)Nc2ccc3nnsc3c2)c1,,,,-3.530177984021837,,,,,0.3
CN(C(=O)NCc1cccc(CN)c1)c1ccc2nnsc2c1,,,,-3.527243550682788,,,,,-0.6
NCc1cccc(C2(NC(=O)Nc3ccc4ncccc4c3)CC2)c1,,,,-3.5257837359237447,,,,,0.4
Cn1c(C(=O)NC2CCN(Cc3cncc(Cl)c3)CC2)cc2cc(C3CCOCC3)ccc21,,,,-5.688246138944246,2.9022749204745018,2.869818207979328,,,3.9
Cn1c(C(=O)N2CCC(Nc3cncc(Cl)c3)CC2)cc2cc(C3CCOCC3)ccc21,,,,-5.910094888560602,2.15259407792747,2.623042434246382,,,4.0
Cc1nnc(-c2ccn3nc(C(=O)NC4CCN(c5ccncn5)CC4)cc3c2)s1,,,,-5.104577453960592,0.9867717342662448,1.9800033715837464,,,2.0
Cc1nnc(-c2ccc3nc(C(=O)NC4CCN(c5ccncc5)CC4)oc3c2)s1,,,,-3.5466816599529625,0.7558748556724915,0.0,,,0.7
O=c1c2[nH]c3c(CCN4CCCCC4)cccc3c2ccn1CC(F)(F)F,3.442277407405623,4.081613259615344,,-3.6020599913279625,1.1430148002540952,1.8813846567705728,-4.706195640080663,-0.00436480540245,2.3
O=c1c2[nH]c3c(CCN4CCCCC4)cccc3c2ccn1C1CC1,,,,-3.598599459218456,1.2278867046136734,1.9410142437055695,,,1.6
Cn1ccc2c([nH]c3cc(OCCN4CCC4)ccc32)c1=O,1.2139663700090892,2.000980635754496,,-3.583359492661719,0.9344984512435676,1.9772662124272928,-4.689094370623859,-0.0222763947111522,0.7
CC(C)n1c2cc(OCCN3CCCCC3)ccc2c2ccn(C)c(=O)c21,,,,-3.612610173661271,1.2068258760318498,2.059941888061955,,,2.2
Cn1ccc2c([nH]c3cc(OCCN4CC5CCC(C4)N5)ccc32)c1=O,1.7190001149456264,3.281824685374507,,-3.603800652904264,0.9637878273455552,1.599883072073688,-5.436518914605589,0.7752462597402364,0.2
Cn1ccc2c([nH]c3cc(OCCN4C5CCC4CNC5)ccc32)c1=O,1.6214862509502748,2.771208313207202,,-3.607303046740334,0.9822712330395684,0.3424226808222063,-5.568636235841013,0.7909884750888159,0.2
Cn1ccc2c([nH]c3cc(OCCN4CCNC5(CC5)C4)ccc32)c1=O,1.5645131005259127,2.2598874428237705,,-3.596879478824182,1.100370545117563,1.4183012913197457,-4.925183559354825,0.3096301674258988,0.9
Cn1ccc2c([nH]c3c(F)c(OCCN4CCCCC4)ccc32)c1=O,1.97362554890186,2.0163204552232377,,-3.603800652904264,0.7993405494535817,1.8407332346118068,-4.660946264290861,-0.0655015487564322,1.4
Cn1ccc2c([nH]c3ccnc(CCN4CCCCC4)c32)c1=O,,,,-3.598599459218456,0.146128035678238,1.3996737214810382,,,0.6
COCCCn1ccc2c([nH]c3cc(OCCN4CCCCC4)ccc32)c1=O,,,,-3.6108339156354674,0.9777236052888476,1.6503075231319364,,,1.7
O=c1c2[nH]c3c(C#CC4CNC4)c(F)ccc3c2ccn1CC(F)(F)F,,,,-3.649751981665837,1.1430148002540952,1.5390760987927767,,,1.9
Cn1ccc2c([nH]c3c(C#CC4(N)COC4)c(F)ccc32)c1=O,,,,-3.6439741428068775,1.2648178230095364,1.8432327780980091,,,2.2
Cn1ccc2c([nH]c3c(CCC4(C)CCNCC4)c(F)ccc32)c1=O,4.701489956993767,6.212606095751518,,-3.617982957425132,1.08278537031645,1.5198279937757189,-5.769551078621726,1.0374264979406236,1.2
Cn1ccc2c([nH]c3cc(OCCN4CCNCC4)c(F)cc32)c1=O,1.2773596777562222,2.893013767359004,,-3.609064892896621,1.1986570869544226,0.9637878273455552,-7.522878745280337,1.11293997608408,0.0
CC(=O)N1CCN(CCOc2cc3[nH]c4c(=O)n(C)ccc4c3cc2F)CC1,2.8247744754103525,2.3571389618802274,,-3.612610173661271,0.9637878273455552,1.69810054562339,-5.154281982033341,0.7573960287930241,1.3
Cn1ccc2c([nH]c3cc(OCCN4CCOCC4)cnc32)c1=O,0.0040000053333461,0.7213307956499337,,-3.6108339156354674,1.08278537031645,1.3324384599156054,-4.987584625237568,0.5158738437116791,1.1
Cc1c(N)c(-c2ccc(OCCN3C[C@H]4C[C@@H]3CO4)cc2)cc2cnccc12,,,,-3.679853713888946,1.3891660843645324,2.480868923687168,,,2.4
Cc1c(N)c(-c2ccc(OCCN3C[C@@H]4C[C@H]3CO4)cc2)cc2cnccc12,,,,-3.638272163982408,1.515873843711679,2.38147609027503,,,2.4
Brc1nn(-c2ccc(OCCN3CCCCC3)cc2)c2cccnc12,,,,-3.619788758288394,,,,,2.4
N#Cc1nn(-c2ccc(OCCN3CCCCC3)cc2)c2cccnc12,0.8712224464724486,2.579034097343276,,-3.616184634019569,0.146128035678238,1.4329692908744058,-4.509339346643864,-0.1191864077192086,2.0
CNc1ccc(-n2nc(C(N)=O)c3ncccc32)cc1,,,,-4.079876673709276,1.9822712330395684,3.468539322942948,,,1.7
CNc1ccc(-n2nc(C#N)c3ncccc32)cc1,,,,-5.235077015350112,2.7811088357294667,3.594933699846281,,,2.5
Nc1c(-c2ccc(OCCN3CCCCC3)cn2)cc(Br)c2ccncc12,,,,-4.1938200260161125,,,,,3.2
Nc1c(Br)cc(-c2ccc(OCCN3CCCCC3)cn2)c2ccncc12,,,,-3.543633966870957,,,,,2.5
Cc1c(OCCN2CCOCC2)ccc(-c2ccc3ccncc3n2)c1N,1.927748469381011,2.8990610146448943,,-4.844663962534939,1.1398790864012365,2.40705081480425,-4.730720610228102,-0.00436480540245,2.7
Cc1c(OCCN2CCOCC2)ccc(-c2ccnc3cnccc23)c1N,,,,-3.5816987086802548,1.1702617153949575,1.7824726241662865,,,1.9
Cc1c(N)c(-c2ccc(O[C@@H](C)CN(C)C)c(F)c2)cc2cnccc12,,,,-3.6989700043360183,1.615950051656401,2.637489729512511,,,2.3
Cc1c(N)c(-c2ccc(O[C@H](C)CN(C)C)c(F)c2)cc2cnccc12,,,,-3.735182176990464,1.3692158574101427,2.6830470382388496,,,2.3
Cc1c(N)c(-c2ccc(OC[C@H](C)N(C)C)c(F)c2)cc2cnccc12,,,,-3.7166987712964494,1.48572142648158,2.482873583608754,,,2.1
Cc1c(N)c(-c2ccc(OC[C@@H](C)N(C)C)c(F)c2)cc2cnccc12,1.1914483478015556,2.646581819593873,,-3.6819366650372394,1.57287160220048,2.4742162640762557,-5.2335871528876,0.3483048630481606,2.1
N#Cc1cnn2c(-c3ccc(OCCN4CCCCC4)cc3)ccnc12,,,,-3.55129368009492,0.0,1.4265112613645752,,,1.7
c1cc(-c2ccc(OCCN3CCCCC3)cc2)c2nc[nH]c2c1,,,,-3.6345120151091,0.7993405494535817,2.1455071714096627,,,2.3
c1cc2ncc(-c3ccc(OCCN4CCCCC4)cc3)cn2n1,,,,-3.5850266520291822,0.4771212547196624,2.095169351431755,,,1.9
C[C@@H](COc1ccc(-c2cnc3c(C#N)cnn3c2)cc1)N1CCC1,,,,-3.596879478824182,0.568201724066995,1.4116197059632305,,,1.3
C[C@H](COc1ccc(-c2cnc3c(C#N)cnn3c2)cc1)N1CCC1,,,,-3.5543957967264026,0.0,1.0681858617461617,,,1.3
CCN(C)CCOc1ccc(-c2cnc3c(C#N)cnn3c2)cc1,0.0760366130601275,1.438356390195035,,-3.567030709125594,0.6720978579357175,1.9969492484953808,-4.496209316942819,0.0043213737826425,1.2
N#Cc1cnn2cc(-c3ccc(OCCN4CCOCC4)c(F)c3)cnc12,,,,-4.85078088734462,0.7634279935629372,1.6599162000698502,,,1.8
N#Cc1cc(-c2ccc(OCCN3CCCCC3)cc2)c2cnncc2c1,,,,-3.6216020990518634,1.0043213737826426,2.569373909615046,,,1.6
N#Cc1cc(-c2ccc(OCCN3CCCCC3)cc2)cc2cnncc12,,,,-3.562249437179612,0.7323937598229685,2.894426837964188,,,1.7
Cc1c(N)c(-c2cccc3nnn(CCN4CCCCC4)c23)cc2cnccc12,,,,-3.603800652904264,,,,,2.7
Cc1c(N)c(-c2cccc3nn(CCN4CCCCC4)nc23)cc2cnccc12,,,,-3.623423042943488,,,,,3.0
CC(=O)N(CCN(C)C)c1ccc(-c2cc3cnccc3c(C)c2N)cc1,,,,-3.636388020107856,0.9542425094393248,2.096910013008056,,,1.6
Cc1cccc(-c2ccc(OCC(C)(C)N(C)C)cc2)c1N,,,,-3.5734887386354246,0.5563025007672873,3.359740647863716,,,1.6
Nc1cc2ncccc2cc1-c1ccc(OCCN2CCCCC2)cc1,,,,-3.5900668766687054,0.6989700043360189,2.812646016233119,,,2.4
Cc1nnc(-c2ccc3ccn(C4CCN(c5ccncc5)CC4)c(=O)c3c2)s1,,,,-4.448550002027125,,,,,1.5
COc1cccc(Nc2ccnc3c(C)cc(C(=N)N)cc23)c1,,,,-3.58838029403677,,,,,0.5
COc1cccc(Sc2cc(C)nc3ccc(C(=N)N)cc23)c1,,,,-3.593459819566045,,,,,0.6
COc1cccc(N(C)c2cc(C)nc3ccc(C(=N)N)cc23)c1,,,,-3.54515513999149,,,,,-0.1
COc1cccc(Nc2cc(C)nc3ccc(C#N)cc23)c1,,,,-5.548213564475709,,,,,3.6
CNC(=N)c1ccc2nc(C)cc(Oc3cccc(OC)c3)c2c1,,,,-3.632644078973981,,,,,0.1
CNC(=O)c1ccc2nc(C)cc(Oc3cccc(OC)c3)c2c1,,,,-3.9208187539523753,,,,,3.3
CNC(=O)c1ccc2nc(C)cc(Sc3cccc(OC)c3)c2c1,4.595119850134589,4.595119850134589,4.198217485476311,-4.94692155651658,1.9258275746247424,3.3913409650889035,-4.980468315468745,-0.1191864077192086,3.7
NCc1cccc(CN2CCN(c3ccc4ncccc4c3)C2=O)c1,,,,-3.576754126063192,,,,,0.7
C[C@@H](NC(=O)Nc1ccc2ncccc2c1)c1cccc(CN)c1,,,,-3.542118103266008,,,,,0.6
C[C@H](NC(=O)Nc1ccc2ncccc2c1)c1cccc(CN)c1,,,,-3.540607512240769,,,,,0.7
C[C@@H](C(=O)Nc1ccc2ncccc2c1)c1cccc(CN)c1,,,,-3.600326278518962,,,,,0.6
C[C@H](C(=O)Nc1ccc2ncccc2c1)c1cccc(CN)c1,,,,-3.570247719997592,,,,,0.7
C[C@@H](C(=O)Nc1cccc(CN)c1)c1ccc2ncccc2c1,,,,-3.605548319173784,,,,,0.5
C[C@H](C(=O)Nc1cccc(CN)c1)c1ccc2ncccc2c1,,,,-3.5606673061697376,,,,,0.5
CC(C)(C(=O)Nc1cccc(CN)c1)c1ccc2ncccc2c1,,,,-3.555955204081924,,,,,0.4
CN(Cc1cccc(CN)c1)C(=O)Nc1ccc2nnsc2c1,,,,-3.583359492661719,,,,,0.1
CN(Cc1cccc(CN)c1)C(=O)N(C)c1ccc2nnsc2c1,,,,-3.508638306165728,,,,,0.0
Cn1c(C(=O)NC2CCN(c3ccncc3)CC2)cc2cc(C3CCOCC3)ccc21,,,,-5.421360790031928,1.307496037913213,1.4014005407815442,,,2.1
Cc1cc(N2CCC(NC(=O)c3cc4cc(-c5nnc(C)s5)ccn4n3)CC2)ccn1,0.1281751934239978,2.676074401599716,1.9550845253313536,-3.913640169325252,0.0,1.285557309007774,-5.333482019445119,0.9041743682841636,0.8
Cc1nnc(-c2ccn3nc(C(=O)NC4CCN(c5ccnnc5)CC4)cc3c2)s1,,,,-5.449771646944906,0.5563025007672873,1.271841606536499,,,1.3
Cc1nnc(-c2ccc3nc(C(=O)NC4CCN(c5ccncc5)CC4)cn3c2)s1,-0.2574120081490247,2.611530713381681,1.6508063414827436,-3.555955204081924,0.6020599913279624,0.5185139398778874,-5.777283528852417,1.251638220448212,0.6
Cc1nnc(-c2ccn3nc(C(=O)NC4CCN(c5cccnc5)CC4)cc3c2)s1,,,,-5.074172425375258,1.7860412102425542,1.7528164311882717,,,2.3
Cn1cc(-c2ccn3nc(C(=O)NC4CCN(c5ccncc5)CC4)cc3c2)cn1,,,,-4.369572124974976,0.7323937598229685,0.3617278360175928,,,1.0
Cc1nnc(-c2ccn3nc(C(=O)N4CCC(N(C)c5ccncc5)CC4)cc3c2)s1,,,,-3.571865205971211,0.0,0.0,,,0.4
C[C@H](COc1ccc2c(c1)[nH]c1c(=O)n(C)ccc12)N1CCCCC1,2.1428633681173324,2.3685828293329045,,-3.5900668766687054,0.8260748027008264,2.015778756389041,-4.763714722551971,0.08278537031645,1.1
C[C@@H](COc1ccc2c(c1)[nH]c1c(=O)n(C)ccc12)N1CCCCC1,2.0805670342015703,2.3495694617125773,,-3.593459819566045,0.7481880270062004,1.9916690073799488,-4.768530409569319,0.08278537031645,1.1
O=c1c2[nH]c3cc(OCCN4CCCCC4)ccc3c2ccn1C1CC1,,,,-3.5917600346881504,0.7634279935629372,1.675778341674085,,,1.7
Cn1ccc(-c2ccc3c(c2)cc(CN2CCCCC2)n3C)cc1=O,2.277542956961881,2.5326610810839,,-3.603800652904264,0.8061799739838872,1.6263403673750425,-4.723538195826756,0.0253058652647702,2.0
C[C@@H](CN1CCCCC1)Oc1ccc2c(c1)[nH]c1c(=O)n(C)ccc12,,,,-3.684029654543082,0.9493900066449128,2.006466042249232,,,1.3
C[C@H](CN1CCCCC1)Oc1ccc2c(c1)[nH]c1c(=O)n(C)ccc12,2.021151265806204,2.061455244370926,,-3.614393726401688,0.5440680443502757,2.020361282647708,-4.765989182412821,0.1072099696478683,1.3
CN(C)C(=O)CCn1ccc2c([nH]c3cc(OCCN4CCCCC4)ccc32)c1=O,,,,-3.603800652904264,0.9294189257142929,1.4199557484897578,,,0.8
CCN(C)C1(C#Cc2c(F)ccc3c2[nH]c2c(=O)n(C)ccc23)CC1,,,,-4.555955204081924,1.276461804173244,2.073351702386901,,,3.3
CCN(C)C1(C#Cc2c(F)ccc3c4ccn(C)c(=O)c4n(C)c23)CC1,,,,-5.425968732272281,1.2741578492636798,2.074450718954591,,,3.0
Cc1cn(C)c(=O)c2[nH]c3cc(NCCN4CCCCC4)ccc3c12,2.2424811689243405,3.0411751542633665,,-3.596879478824182,0.5797835966168101,2.06595298031387,-4.872247484167027,0.2121876044039577,1.2
CN1CCN(CCOc2cc3[nH]c4c(=O)n(C)ccc4c3cc2F)CC1,1.9098295724908303,2.440989114408797,,-3.598599459218456,0.8512583487190752,1.5854607295085006,-4.908684840302777,0.3443922736851107,0.9
CN1CCN(CCOc2ccc3c([nH]c4c(=O)n(C)ccc43)c2F)CC1,0.9444616088408512,1.382548570749388,,-3.593459819566045,0.380211241711606,1.4199557484897578,-4.705533773838408,-0.0655015487564322,0.8
Cn1cnc2c(oc3cc(OCCN4CCCCC4)ccc32)c1=O,,,,-3.5917600346881504,0.4471580313422192,0.8061799739838872,,,0.4
COC1CCN(CCOc2ccc3c(c2)oc2c(=O)n(C)cnc23)CC1,,,,-3.623423042943488,0.2304489213782739,0.9590413923210936,,,0.5
COC1CCN(CCOc2cnc3c(c2)[nH]c2c(=O)n(C)ccc23)CC1,0.5971325273203568,0.7814846418176316,,-3.653647025549361,0.8388490907372553,1.167317334748176,-5.204119982655925,0.7118072290411911,0.9
Cn1ccc2c([nH]c3cc(NC(=O)CCCN4CCCCC4)ccc32)c1=O,,1.9071622000567572,,-3.607303046740334,0.7160033436347992,1.59659709562646,-6.017728766960432,1.1398790864012365,0.2
Cn1ccc2c([nH]c3c(CCC4(C)CNC4)c(F)ccc32)c1=O,,,,-3.6020599913279625,0.7323937598229685,1.4281347940287887,,,-0.1
Cc1cn(C)c(=O)c2[nH]c3cc(N(C)CCN4CCCCC4)ccc3c12,3.032022274959193,3.573189007684481,,-3.692503962086787,0.7923916894982539,2.053462604925455,-4.764471553092451,-0.0604807473813814,1.9
NC(=O)c1nn(-c2ccc(OCCN3CCCCC3)cc2)c2cccnc12,,,,-3.6020599913279625,0.0,1.2479732663618066,,,1.4
O=c1[nH]cnc2cn(-c3ccc(OCCN4CCCCC4)cc3)nc12,,,,-3.4881166390211256,0.6434526764861874,2.8464608251293324,,,0.8
CNc1ccc(-n2cc3nc[nH]c(=O)c3n2)cc1,,,,-3.5917600346881504,1.469822015978163,3.458018065291854,,,1.4
CNc1ccc(-n2cnc3c[nH]nc3c2=O)cc1,,,,-3.519993057042849,0.0,1.515873843711679,,,0.8
Cn1c(=O)oc2cccc(-c3ccc(OCCN4CCCCC4)cc3)c21,,,,-3.7772835288524167,0.5314789170422551,3.3107357840544998,,,2.5
N#Cc1cnn2cc(-c3ccc(OCCN4CCCCC4)cc3)ccc12,2.5123056239761152,3.851782925050793,,-4.380906669373258,0.9395192526186184,1.7626785637274365,-4.769040444251431,0.0969100130080564,2.5
Cc1nc(-c2cc(Br)c(N)c3cnccc23)ccc1OCCN1CCCCC1,,,,-4.747146969020107,0.9542425094393248,2.456973013635818,,,3.2
CNC(=O)c1ccc(-c2cc3cnccc3c(C)c2NC)cc1,1.9367984687040585,2.6449652902980647,,-3.600326278518962,1.677606952720493,2.760196229455134,-4.6595558851598815,-0.0268721464003013,2.9
CNc1c(-c2ccc(C(N)=O)c(F)c2)cc2cnccc2c1C,1.8489178830680049,2.7217857963846623,,-3.605548319173784,1.434568904034199,2.91634865227546,-4.587875593826682,-0.1191864077192086,2.7
CNc1c(-c2ccc(-c3ncc[nH]3)cc2)cc2cnccc2c1C,,,,-4.2403321553103694,2.1749315935284423,3.049218022670181,,,3.7
N#Cc1cnn2cc(-c3ccc(OCCN4CCC[C@H](F)C4)cc3)cnc12,,,,-5.432973633840939,1.6551384348113822,2.278982116865443,,,2.4
N#Cc1cnn2cc(-c3ccc(OCCN4CCC[C@@H](F)C4)cc3)cnc12,,,,-5.1249387366083,1.7075701760979365,2.3422252293607904,,,2.4
CNc1c(C)cccc1-c1ccc(-c2ncc[nH]2)cc1,,,,-4.735182176990463,1.8055008581584,2.8990540679981707,,,3.5
CNc1c(C)cccc1-c1ccc(-c2cn[nH]c2)cc1,,,,-4.51427857351842,1.7007037171450194,2.369215857410143,,,3.8
Cc1cnn2cc(-c3ccc(OCCN4CCCCC4)cc3)cnc12,0.9247059287994396,3.3227179469704464,,-3.605548319173784,0.5797835966168101,1.967547976218862,-4.553929064298995,-0.00436480540245,2.4
Clc1cnn2cc(-c3ccc(OCCN4CCCCC4)cc3)cnc12,,,,-4.035269078946371,0.0,1.6963563887333322,,,2.5
N#Cc1cc2ncc(-c3ccc(OCCN4CCCCC4)cc3)cn2n1,1.982994352088436,3.029745894148559,,-3.9318141382538383,0.5910646070264992,1.7084209001347128,-4.431094585017121,-0.0809219076239261,2.1
N#Cc1cnn2cc(-c3ccc(OCCN4CCOCC4)cc3)cnc12,,,,-6.166215625343521,0.7708520116421442,1.4014005407815442,,,1.7
Cc1c(N)c(-c2ccc([C@@H](O)CCN(C)C)cc2)cc2cnccc12,,,,-3.578396073130169,0.3010299956639812,2.2931414834509307,,,1.3
Cc1c(N)c(-c2ccc([C@H](O)CCN(C)C)cc2)cc2cnccc12,,,,-3.580044251510242,0.3010299956639812,2.404149249209695,,,1.3
CNc1c(C)cc(-c2ccccn2)cc1-c1ccc(OCCN2CCCCC2)cc1,,,,-3.690369832574101,1.155336037465062,2.851380667965597,,,3.2
COCCCN[C@@H](C)COc1ccc(-c2cc3cnccc3c(C)c2N)cc1,,,,-3.617982957425132,1.7084209001347128,2.633468455579586,,,1.8
COCCCN[C@H](C)COc1ccc(-c2cc3cnccc3c(C)c2N)cc1,,,,-3.598599459218456,1.5740312677277188,2.3613500243522663,,,1.8
Cc1c(N)c(-c2ccc(OCCN3CC(N)C3)cc2)cc2cnccc12,,,,-3.653647025549361,0.0,2.2314695904306814,,,1.0
COc1cccc(Nc2cc(C(C)C)nc3ccc(C(=N)N)cc23)c1,,,,-3.7166987712964494,,,,,0.8
CNC(=O)c1ccc2nc(C)cc(N(C)c3cccc(OC)c3)c2c1,,,,-3.5686362358410126,,,,,2.7
NCc1cccc(COC(=O)Nc2ccc3nnsc3c2)c1,,,,-3.5606673061697376,,,,,1.1
C[C@@H](NC(=O)Nc1ccc2nnsc2c1)c1cccc(CN)c1,,,,-3.555955204081924,,,,,0.6
C[C@@H](OC(=O)Nc1ccc2nnsc2c1)c1cccc(CN)c1,,,,-3.605548319173784,,,,,1.4
C[C@H](OC(=O)Nc1ccc2nnsc2c1)c1cccc(CN)c1,,,,-3.543633966870957,,,,,1.4
O=C(NC1CCN(c2ccncc2)CC1)c1cc2cc(-c3nnc(C4CC4)s3)ccn2n1,1.2950456896547458,3.671798924996124,2.961410111987776,-4.113509274827518,1.2741578492636798,0.6627578316815741,-5.140861702705469,0.6748611407378116,1.7
Cc1nnc(-c2ccn3nc(C(=O)NC4CCN(c5ccncc5)CC4)cc3c2)o1,,,,-3.530177984021837,0.3222192947339193,0.0,,,0.4
O=C(NC1CCN(c2ccncc2)CC1)c1cc2cc(-c3ccccn3)ccn2n1,,,,-3.6020599913279625,1.1613680022349748,0.8061799739838872,,,1.5
Cc1cnc(-c2ccn3nc(C(=O)NC4CCN(c5ccncc5)CC4)cc3c2)s1,,,,-4.950781977329818,,,,,2.1
Cc1ncc(-c2ccn3nc(C(=O)NC4CCN(c5ccncc5)CC4)cc3c2)s1,,,,-3.946921556516581,,,,,1.9
Cc1nnc(-c2ccn3nc(C(=O)N(C)C4CCN(c5ccncc5)CC4)cc3c2)s1,,,,-3.563837352959244,0.0,0.0,,,0.6
Cc1nnc(-c2ccn3nc(C(=O)NC4CN(c5ccncc5)C4)cc3c2)s1,-0.0400053346136992,2.024058354458576,1.4370666864933137,-3.508638306165728,0.4623979978989561,0.0,-5.508638306165727,1.0141003215196205,0.5
Cn1ccc(Nc2ccn3nc(C(=O)NC4CCN(c5ccncc5)CC4)cc3c2)n1,,,,-3.580044251510242,0.3222192947339193,0.0,,,1.0
Cn1cc(-c2ccn3nc(C(=O)NC4CCN(c5ccncc5)CC4)cc3c2)ncc1=O,,,,-3.540607512240769,,,,,0.5
Cn1cc(-c2ccn3nc(C(=O)NC4CCN(c5ccncc5)CC4)cc3c2)ccc1=O,,,,-4.138465589140962,,,,,0.5
O=C(NC1CCN(c2ccncc2)CC1)c1cc2cc(Nc3ncco3)ccn2n1,,,,-3.5900668766687054,0.9731278535996988,0.0,,,1.3
O=C(NC1CCN(c2ccncc2)CC1)c1cc2cc(-c3cn[nH]c3)ccn2n1,,,,-4.247951552180561,,,,,1.0
O=C(NC1CCN(c2ccncc2)CC1)c1cc2cc(-c3cc[nH]n3)ccn2n1,,,,-4.892790030352131,,,,,1.1
Cn1ccc(-c2ccn3nc(C(=O)NC4CCN(c5ccncc5)CC4)cc3c2)n1,,,,-4.180456064458132,,,,,1.2
Cn1ncc(-c2ccn3nc(C(=O)NC4CCN(c5ccncc5)CC4)cc3c2)n1,,,,-3.632644078973981,0.9242792860618816,0.146128035678238,,,1.1
Cc1nnc(-c2ccc3c(c2)cc(C(=O)N2CCC(N(C)c4ccncc4)CC2)n3C)s1,,,,-3.54515513999149,0.0,1.1430148002540952,,,1.5
Cc1nnc(-c2ccn3nc(C(=O)N4CCC(Nc5ccncc5)CC4)cc3c2)s1,,,,-3.595166283380062,,,,,1.1
Cn1c(C(=O)NC2CCN(c3ccncc3)CC2)cc2cc(N3CCOCC3)ccc21,,,,-4.485452247339714,0.7781512503836436,1.0606978403536116,,,1.1
O=C(NC1CCN(c2ccncc2)CC1)c1cc2cc(N3CCOCC3)ccn2n1,,,,-3.6020599913279625,,,,,0.7
O=c1[nH]c2ccc3ncsc3c2n1Cc1cnc[nH]1,,,,-3.5686362358410126,,,,,0.7
Cn1ccc(-c2ccc3nc(CN4CCCCC4)ccc3c2)cc1=O,,,,-3.609064892896621,0.7403626894942439,1.5010592622177514,,,1.2
Cn1cc(CCOc2ccc3c(c2)[nH]c2c(=O)n(C)ccc23)cn1,,,,-3.899629454882437,2.3312247810207323,2.6693168805661123,,,2.7
C[C@@H]1CCC[C@H](C)N1CCOc1ccc2c(c1)[nH]c1c(=O)n(C)ccc12,,,,-3.6020599913279625,1.260071387985075,3.0513454993365388,,,1.4
C[C@@H]1CCC[C@H](C)N1C(=O)COc1ccc2c(c1)[nH]c1c(=O)n(C)ccc12,,,,-4.787812395596042,1.8898617212581883,3.0822107166012427,,,2.7
CNC(=O)/C=C/c1ccc(-c2ncc(N(C)[C@H]3C[C@H]4CC[C@@H](C3)N4)nn2)c(O)c1,,,,-3.5917600346881504,0.4313637641589873,0.7323937598229685,,,0.4
Cn1ccc2c(oc3cc(OCCN4CCOCC4)ccc32)c1=O,,,,-3.609064892896621,1.212187604403958,1.505149978319906,,,1.0
COC1CCN(CCOc2ccc3c(c2)oc2c(=O)n(C)ccc23)CC1,,,,-3.6020599913279625,0.9242792860618816,1.4487063199050798,,,0.8
Cn1cnc2c(oc3cc(OCCN4CCOCC4)ccc32)c1=O,,,,-3.5917600346881504,0.380211241711606,1.1271047983648077,,,0.6
O=C(CN1CCCCC1)Nc1ccc2c(c1)[nH]c1c(=O)n(C(F)F)ccc12,,,,-6.795880017344075,0.4771212547196624,1.941511432634403,,,2.5
COCCn1ccc2c([nH]c3cc(OCCN4CCCCC4)ccc32)c1=O,,,,-3.609064892896621,0.8325089127062363,1.8115750058705933,,,1.1
CNC(=O)CCn1ccc2c([nH]c3cc(OCCN4CCCCC4)ccc32)c1=O,,,,-3.614393726401688,0.0,1.1430148002540952,,,0.6
CC(C)N1CCN(CCOc2ccc3c([nH]c4c(=O)n(C)ccc43)c2F)CC1,,,,-3.586700235918748,0.5563025007672873,1.899273187317604,,,0.8
Cc1cn(C)c(=O)c2[nH]c3cc(OCCN4CCCCC4)cnc3c12,,,,-3.596879478824182,0.4623979978989561,2.890421018800914,,,1.0
Cn1ccc(-c2ccc(OCCN3CCCCC3)cc2)c(N)c1=O,,,,-3.598599459218456,0.041392685158225,2.2177470732627937,,,0.5
O=c1c2[nH]c3cc(OCCN4CCCCC4)ccc3c2ccn1C(F)F,,,,-3.614393726401688,1.0170333392987805,2.0637085593914173,,,2.1
Cn1ccc(-c2cccc(OCCN3CCCCC3)c2)c(N)c1=O,,,,-3.598599459218456,0.380211241711606,1.7881683711411678,,,0.5
Cn1cnc(-c2cccc(OCCN3CCCCC3)c2)c(N)c1=O,,,,-3.5900668766687054,0.568201724066995,1.4424797690644486,,,-0.2
Cc1c(N)c(-c2ccc(OC[C@@H](C)N3CC[C@H](F)C3)cc2)cc2cnccc12,,,,-3.612610173661271,2.072249897613515,2.4435758797502576,,,3.0
Cc1c(N)c(-c2ccc(OC[C@H](C)N3CC[C@H](F)C3)cc2)cc2cnccc12,3.748992436113632,3.558231985622321,,-3.623423042943488,2.395675785269936,2.675228253593064,-5.97061622231479,0.469822015978163,3.1
Cc1cccc(-c2ccc(OCCN3CC[C@@H](F)C3)cc2)c1N,,,,-3.562249437179612,1.1931245983544616,2.9936125579388904,,,2.8
NC(=O)c1cc2ncc(-c3ccc(OCCN4CCCCC4)cc3)cn2n1,,,,-3.555955204081924,0.6901960800285137,1.1271047983648077,,,1.1
Cc1cccc(-c2ccc(OCCN3CC[C@H](F)C3)cc2)c1N,,,,-3.571865205971211,1.0755469613925308,2.6406801532776654,,,2.8
COCCCN(C)[C@@H](C)COc1ccc(-c2cc3cnccc3c(C)c2N)cc1,,,,-3.5228787452803374,1.7888751157754168,2.3016809492935764,,,2.3
CNc1c(-c2ccc(C(=O)N(C)C)cc2)cc2cnccc2c1C,,,,-3.511449283499556,1.9425041061680808,2.8543667780408697,,,2.7
CNc1c(-c2ccc(-c3c[nH]cn3)cc2)cc2cnccc2c1C,3.7944672166765008,4.462676445472412,,-4.372634143407267,1.403120521175818,2.6851144690465394,-5.627087997029894,0.2787536009528289,3.5
COCCCN(C)[C@H](C)COc1ccc(-c2cc3cnccc3c(C)c2N)cc1,,,,-3.6108339156354674,1.7201593034059568,2.248218561190075,,,2.3
CCN(C)CCNC(=O)COc1ccc(-c2cc3cnccc3c(C)c2N)cc1,0.6278420821521787,2.5882264580086574,,-3.5900668766687054,1.5390760987927767,2.2895889525425965,-5.3655227298392685,0.7151673578484579,1.6
CNc1c(-c2ccc(-c3cn[nH]c3)cc2)cc2cnccc2c1C,,,,-6.72584215073632,1.792391689498254,2.7372721765355434,,,3.7
CNc1c(-c2ccc(C(N)=O)nc2)cc2cnccc2c1C,,,,-4.343901797987169,1.307496037913213,3.0542682395471874,,,2.2
Cc1cccc(-c2ccc3oc(CN4CCCCC4)cc3c2)c1N,3.3776909339868166,4.701489956993767,,-4.1700533040583645,1.100370545117563,2.6450290647211423,-5.059483515067432,0.0334237554869497,3.6
CC(=O)NCCCN(C)CCOc1ccc(-c2cc3cnccc3c(C)c2N)cc1,0.9002457416908086,2.2918523210374047,,-3.58838029403677,1.64738297011462,2.360025089189397,-5.464705879957229,0.7497363155690611,1.7
CNc1c(C)cccc1-c1ccc(-c2ccn[nH]2)cc1,,,,-4.207608310501746,1.4409090820652175,2.5532760461371,,,3.7
CNc1c(-c2ccc(-c3ccn[nH]3)cc2)cc2cnccc2c1C,4.4107760479598666,5.273401689865013,,-5.094743951251549,1.599883072073688,2.495405563146193,-5.23284413391782,-0.1023729087095585,3.8
N#Cc1cnn2cc(-c3ccc(OCCN4CC5CCC(C4)O5)cc3)cnc12,,,,-5.600326278518962,2.115277591395901,2.2830749747354715,,,2.4
N#Cc1cnn2cc(-c3ccc(C(N)=O)cc3)cnc12,,,,-5.823908740944319,0.414973347970818,0.7323937598229685,,,0.7
CNc1c(C)cccc1-c1ccc(-c2c[nH]cn2)cc1,,,,-3.598599459218456,0.8388490907372553,1.7693773260761383,,,3.2
c1cc(N2CCC(n3cnc(-c4ccc5ncsc5c4)c3)CC2)ccn1,,,,-3.630784142589857,,,,,1.7
COc1cccc(Nc2cc(C)nc3c(C)cc(C#N)cc23)c1,,,,-5.978810700930062,,,,,4.2
COc1cccc(Oc2ccnc3ccc(C(=N)N)cc23)c1,,,,-3.543633966870957,,,,,-0.3
NCc1cccc(C2(OC(=O)Nc3ccc4ncccc4c3)CC2)c1,,,,-3.54821356447571,,,,,1.2
C[C@H](NC(=O)Nc1ccc2nnsc2c1)c1cccc(CN)c1,,,,-3.596879478824182,,,,,0.7
O=C(NC1CCN(c2ccncc2Cl)CC1)c1cc2cc(-c3nnc(C4CC4)s3)ccn2n1,,,,-6.6439741428068775,1.7853298350107671,1.9025467793139916,,,3.8
O=C(NC1CCN(c2ccncc2)CC1)c1cc2cc(-n3ccnc3)ccn2n1,,,,-3.549750891680639,1.089905111439398,1.8959747323590648,,,1.2
O=C(NC1CCN(c2ccncc2)CC1)c1cc2cc(-c3cnc[nH]3)ccn2n1,,,,-4.464705879957229,0.0,1.413299764081252,,,1.5
O=C(NC1CCN(c2ccncc2)CC1)c1cc2cc(-n3cccn3)ccn2n1,,,,-4.105683937315561,1.0569048513364727,0.9344984512435676,,,1.2
Cc1nc(-c2ccn3nc(C(=O)NC4CCN(c5ccncc5)CC4)cc3c2)c[nH]1,,,,-3.7471469690201062,0.0,0.0,,,1.6
O=C(NC1CCN(c2ccncc2)CC1)c1cc2cc(Nc3nccs3)ccn2n1,,,,-4.377785977033705,0.9731278535996988,0.6812412373755872,,,1.9
Cc1csc(-c2ccn3nc(C(=O)NC4CCN(c5ccncc5)CC4)cc3c2)n1,,,,-4.742321425130816,1.484299839346786,1.209515014542631,,,2.0
CN1CCN(c2ccc3c(c2)cc(C(=O)NC2CCN(c4ccncc4)CC2)n3C)CC1,-0.7629782750632855,1.6426853328776094,1.1039527552994266,-3.580044251510242,0.0,1.5477747053878226,-5.686132779630847,1.037027879755775,0.7
O=C(NC1CCN(c2ccncc2)CC1)c1cc2cc(C3CCOCC3)ccn2n1,,,,-4.423658649794207,1.1931245983544616,0.8864907251724818,,,1.1
Cn1ccc2c([nH]c3cc(OCCc4ccccn4)ccc32)c1=O,,,,-5.117475462045119,,2.00774777800074,,,2.5
Cn1ccc2c([nH]c3cc(OCCc4ccncc4)ccc32)c1=O,,,,-5.00436480540245,1.271841606536499,1.8785217955012063,,,2.6
CC(C)N1CCN(CCOc2ccc3c(c2)[nH]c2c(=O)n(C)ccc23)CC1,1.8320015855064884,1.3713612812343186,,-3.600326278518962,0.3617278360175928,1.4927603890268375,-4.97469413473523,0.2741578492636798,1.0
C[C@H]1CCC[C@H](C)N1CCOc1ccc2c(c1)[nH]c1c(=O)n(C)ccc12,3.204412762840645,1.7081794391536678,,-3.609064892896621,0.3979400086720376,1.9375178920173464,-4.871600731282194,0.1553360374650618,1.2
C[C@@H]1CCC[C@@H](C)N1C(=O)COc1ccc2c(c1)[nH]c1c(=O)n(C)ccc12,,,,-4.863279432843593,1.2253092817258628,2.0425755124401905,,,2.2
Cn1ccc2c([nH]c3cc(OCC(=O)N4CC5(COC5)C4)ccc32)c1=O,,,,-3.6675615400843946,0.3617278360175928,1.2576785748691846,,,0.5
CN1CCN(C(=O)COc2ccc3c(c2)[nH]c2c(=O)n(C)ccc23)CC1,,,,-3.619788758288394,0.3979400086720376,1.2833012287035497,,,0.7
Cn1ccc2c(sc3cc(OCCN4CCCCC4)ccc32)c1=O,,,,-3.623423042943488,0.4471580313422192,1.4969296480732148,,,1.4
O=c1c2[nH]c3cc(OCCN4CCCCC4)ccc3c2ccn1CC1COC1,,,,-3.609064892896621,0.724275869600789,0.8129133566428556,,,1.1
Cn1ccc(-c2ccc(OCCN3CCCCC3)cn2)c(N)c1=O,,,,-3.570247719997592,0.505149978319906,1.4638929889859074,,,0.4
Cn1cnc(-c2ccc(OCCN3CCCCC3)cc2)c(N)c1=O,,,,-3.6020599913279625,0.0,1.4683473304121573,,,-0.1
Cn1ccc(-c2ncc(OCCN3CCCCC3)cn2)c(N)c1=O,,,,-3.5606673061697376,0.3617278360175928,1.5352941200427703,,,0.7
Cn1ccc(-c2cc(OCCN3CCCCC3)ccn2)c(N)c1=O,,,,-3.6020599913279625,0.3222192947339193,1.212187604403958,,,0.4
CN(C(=O)CCCN1CCCCC1)c1ccc2c(c1)[nH]c1c(=O)n(C)ccc12,1.7267793494964236,0.4058817921426943,,-3.6020599913279625,0.4471580313422192,1.5378190950732742,-6.309803919971486,1.5542468081661105,0.3
Cn1cc(F)c2c([nH]c3cc(OCCN4CCOCC4)cnc32)c1=O,-0.3392157225669637,-0.3207211833668036,,-3.600326278518962,0.3617278360175928,1.0043213737826426,-5.246416941107094,0.8312296938670634,0.7
Cn1ccc2c([nH]c3cc(N4CCNCC4)ccc32)c1=O,0.7722157040356386,1.6346086507806523,,-3.603800652904264,0.0,1.667452952889954,-5.214670164989233,0.6618126855372612,-0.3
CCc1cc(Nc2cccc(OC)c2)c2cc(C(=N)N)ccc2n1,,,,-3.892790030352132,,,,,0.2
CCc1cc(Nc2cccc(OC)c2)c2cc(C#N)ccc2n1,,,,-5.521433504406157,,,,,4.0
COc1cccc(S(=O)(=O)c2cc(C)nc3ccc(C(=N)N)cc23)c1,,,,-3.600326278518962,,,,,-0.2
COc1cccc(S(=O)(=O)c2cc(C)nc3ccc(C#N)cc23)c1,,,,-5.85078088734462,,,,,3.0
COc1cccc(Nc2nc(C)cc3ccc(C(=N)N)cc23)c1,,,,-3.686132779630847,,,,,1.2
CNC(=O)c1ccc2nc(C)cc(S(=O)(=O)c3cccc(OC)c3)c2c1,,,,-4.1073489661227,,,,,2.2
CNC(=O)c1ccc2cc(C)nc(Nc3cccc(OC)c3)c2c1,,,,-4.686132779630847,,,,,3.7
NCc1cccc(C2(OC(=O)Nc3ccc4nnsc4c3)CC2)c1,,,,-3.576754126063192,,,,,1.2
CC(C)(C)OC(=O)N1CCc2nc(Nc3ccn4nc(C(=O)NC5CCN(c6ccncc6)CC5)cc4c3)sc2C1,,,,-4.242603971206976,,,,,3.7
Cc1cc(-c2ccc(OCCN3CCCCC3)cn2)c2ccncc2c1N,,,,-3.580044251510242,0.0,2.6330642726914992,,,2.2
Cc1ccnc(-c2ccc(OCCN3CCCCC3)c3cc[nH]c23)c1,,,,-3.823908740944319,0.8692317197309762,2.948999454026953,,,2.9
Cc1cc(-c2ccc(OCCN3CCCCC3)c(C)n2)c2ccncc2c1N,,,,-3.684029654543082,0.0,2.5179872030250783,,,2.4
Cc1nc(-c2ccc(N)c3cnccc23)ccc1OCCN1CCCCC1,,,,-3.580044251510242,0.1139433523068367,2.770778396169148,,,2.1
C#Cc1cnn2cc(-c3ccc(OCCN4CCCCC4)cc3)cnc12,,,,-3.616184634019569,0.8633228601204559,1.952792443044092,,,2.2
N#Cc1cnc2cc(-c3ccc(OCCN4CCCCC4)cc3)ccn12,2.0505185022105845,2.8400103116001048,,-3.906578314837765,0.4771212547196624,1.3944516808262162,-4.525346746637937,-0.0362121726544447,2.3
N#Cc1cnn2cc(-c3ccc(OCCN4CCC(F)CC4)cc3)cnc12,,,,-5.015022873584507,1.1931245983544616,2.014520538757924,,,2.1
N#Cc1cnn2cc(-c3ccc(C(N)=O)c(F)c3)cnc12,,,,-3.616184634019569,0.0,0.0,,,0.6
COCC1CN(CCOc2ccc(-c3cc4cnccc4c(C)c3N)cc2)C1,,,,-3.709965388637482,0.7323937598229685,2.204662511748219,,,2.1
O=C1NCc2c(-c3ccc(OCCN4CCCCC4)cc3)ccnc21,,,,-3.586700235918748,,,,,0.7
Clc1nccn2c(-c3ccc(OCCN4CCCCC4)cc3)cnc12,,,,-3.562249437179612,,,,,1.9
N#Cc1c[nH]c2nccc(-c3ccc(OCCN4CCCCC4)cc3)c12,,,,-3.598599459218456,,,,,2.4
Cn1nc(-c2ccc(OCCN3CCCCC3)cc2)c2cccnc21,,,,-3.665546248849069,,,,,2.4
c1cc(-c2ccc(OCCN3CCCCC3)cc2)c2ncnn2c1,,,,-3.570247719997592,,,,,1.6
Cc1nnc2c(-c3ccc(OCCN4CCCCC4)cc3)cccn12,,,,-3.5590909179347823,,,,,1.3
c1cc(-c2ccc(OCCN3CCCCC3)cc2)n2ncnc2c1,,,,-3.578396073130169,,,,,1.7
c1cnn2c(-c3ccc(OCCN4CCCCC4)cc3)cnc2c1,,,,-3.578396073130169,,,,,2.1
c1cc(-c2ccc(OCCN3CCCCC3)cc2)c2cc[nH]c2n1,,,,-3.5900668766687054,,,,,2.9
c1ncc2c(-c3ccc(OCCN4CCCCC4)cc3)c[nH]c2n1,,,,-3.5654310959658013,,,,,2.1
c1cnc2ncc(-c3ccc(OCCN4CCCCC4)cc3)n2c1,,,,-3.5686362358410126,,,,,1.1
c1nc(-c2ccc(OCCN3CCCCC3)cc2)c2cc[nH]c2n1,,,,-3.570247719997592,,,,,2.1
Cc1nnc(-c2ccn3nc(C(=O)NC4CC5(C4)CN(c4ccncc4)C5)cc3c2)s1,,,,-3.598599459218456,0.6232492903979004,0.0,,,1.2
O=C(NC1CCN(c2ccncc2)CC1)c1cc2cc(Nc3nc4c(s3)CNCC4)ccn2n1,,,,-4.655607726314889,0.6020599913279624,1.1398790864012365,,,0.2
CN1CCc2nc(-c3ccn4nc(C(=O)NC5CCN(c6ccncc6)CC5)cc4c3)sc2C1,,,,-3.779891911959945,1.8727388274726688,2.484584529282843,,,1.6
Cn1cnc(-c2ccn3nc(C(=O)NC4CCN(c5ccncc5)CC4)cc3c2)c1,,,,-4.348721986001856,0.8692317197309762,0.8388490907372553,,,1.4
Cc1ncc(-c2cnc3c(c2)cc(C(=O)NC2CCN(c4ccncc4)CC2)n3C)s1,1.8833897920739795,4.269190581626872,3.4192252757342483,-5.042392712939905,1.2405492482825995,1.0755469613925308,-5.0030507515046185,0.5514499979728752,2.4
Cc1cnc(-c2cnc3c(c2)cc(C(=O)NC2CCN(c4ccncc4)CC2)n3C)s1,2.19722457733622,4.858805152060567,3.753452090390102,-5.221125527997261,1.5634810853944108,0.8260748027008264,-5.161780778092374,0.4166405073382809,2.5
CN1CCC(c2ccc(NC(=O)c3cc4cc(-c5cn(C)cn5)ccn4n3)cc2)CC1,,,,-4.943095148663527,0.6901960800285137,2.093421685162235,,,1.7
Cn1cnc(-c2ccn3nc(C(=O)Nc4ccc(N5CCOCC5)cc4)cc3c2)c1,,,,-6.402304814074488,0.0,0.0,,,2.4
CN(C)c1ccc(NC(=O)c2cc3cc(-c4cn(C)cn4)ccn3n2)cc1,,,,-5.534617148551582,1.2988530764097066,2.0633333589517497,,,2.9
Cn1cnc(-c2ccn3nc(C(=O)NC4CCN(c5ccncc5F)CC4)cc3c2)c1,,,,-5.386158178123931,1.5877109650189114,1.4393326938302626,,,2.7
Cc1cnccc1N1CCC(NC(=O)c2cc3cc(-c4cn(C)cn4)ccn3n2)CC1,,,,-4.518557371497695,0.6989700043360189,1.3979400086720375,,,2.4
C[C@@H]1CCC[C@@H](C)N1CCOc1ccc2c(c1)[nH]c1c(=O)n(C)ccc12,3.944133480398922,1.6966752161276142,,-3.593459819566045,0.568201724066995,1.9498777040368749,-4.728390698621168,-0.0655015487564322,1.2
CN(C)[C@H]1CCCN(CCOc2ccc3c(c2)[nH]c2c(=O)n(C)ccc23)C1,2.9235831658856037,1.3243227473194183,,-3.617982957425132,0.5563025007672873,1.4471580313422192,-5.131355561605174,0.4969296480732149,0.6
CN(C)[C@@H]1CCCN(CCOc2ccc3c(c2)[nH]c2c(=O)n(C)ccc23)C1,1.5575394743064488,1.4781963801144258,,-3.6108339156354674,0.4771212547196624,1.4456042032735976,-5.208309350979882,0.5010592622177514,0.6
Cn1ccc(-c2ccn3nc(C(=O)N4CCCCC4)cc3c2)cc1=O,,,,-3.632644078973981,,,,,1.4
Cn1ccc2c([nH]c3cc(OCCN4CC(O)C4)ccc32)c1=O,2.1322666810614472,0.5797070684323907,,-3.939302159646388,0.5910646070264992,1.5352941200427703,-5.432973633840939,0.8686444383948257,0.5
COC1CN(CCOc2ccc3c(c2)[nH]c2c(=O)n(C)ccc23)C1,2.6178251095094853,1.0449293133199489,,-3.6020599913279625,0.8692317197309762,1.7193312869837267,-4.681102285372513,-0.0222763947111522,1.4
COC1CCN(CCOc2ccc3c([nH]c4c(=O)n(C)ccc43)c2F)CC1,1.840433765255303,1.0631916438541529,,-3.958607314841775,0.7993405494535817,1.5587085705331658,-4.698970004336019,-0.0555173278498313,1.5
COC1CCN(CCN(C)c2ccc3c(c2)[nH]c2c(=O)n(C)cc(C)c23)CC1,3.2591354991539,2.5563656137701445,,-4.326979092871104,0.9395192526186184,1.884795363948981,-4.8687022034023775,0.041392685158225,2.4
Cn1ccc2c([nH]c3c(=O)n(CCN4CCCCC4)ccc32)c1=O,,,,-4.292429823902063,0.3222192947339193,1.252853030979893,,,0.6
Cn1ccc2c([nH]c3c(=O)n(CCCN4CCCCC4)ccc32)c1=O,-0.277772344022583,0.1269703043207969,,-4.294992040666664,0.3010299956639812,1.5403294747908738,-5.241088107602026,0.5854607295085007,-0.2
CN1CCN(c2ccc3c(c2)[nH]c2c(=O)n(C)ccc23)CC1,1.405150985208773,1.3225160072557176,,-3.593459819566045,0.8573324964312685,1.904715545278681,-4.681310730052254,-0.0177287669604316,1.3
Cn1ccc(-c2nccc(OCCN3CCCCC3)n2)c(N)c1=O,,,,-3.562249437179612,,,,,1.1
Cc1cn(C)c(=O)c2[nH]c3cc(OCCN4CCOCC4)cnc3c12,0.7127113862063096,0.8047985468699241,,-3.607303046740334,0.5797835966168101,1.7611758131557314,-4.93218548883816,0.5740312677277188,1.4
Cn1ccc2c([nH]c3ccc(OCCN4CCCCC4)cc32)c1=O,1.3249254147435987,0.9281509361634028,,-3.614393726401688,0.414973347970818,1.9503648543761232,-4.686343653381969,-0.0132282657337551,1.2
Cn1ccc(-c2cccc(OCCN3CCCCC3)n2)c(N)c1=O,,,,-3.576754126063192,,,,,0.7
Cn1cccc(Nc2ccc(OCCN3CCCCC3)cc2)c1=O,,,,-3.5816987086802548,,,,,1.3
COc1cccc(Nc2cc(C)nc3cc(C#N)ccc23)c1,,,,-5.3448615651886175,,,,,3.6
COc1cccc(Nc2cc(OC)nc3ccc(C(=N)N)cc23)c1,,,,-4.785156151952302,,,,,0.9
COc1cccc(Nc2cc(N(C)C)nc3ccc(C(=N)N)cc23)c1,,,,-3.694648630553376,,,,,0.2
CNC(=N)c1ccc2nc(N(C)C)cc(Nc3cccc(OC)c3)c2c1,,,,-3.6216020990518634,,,,,-0.3
COc1cccc(Oc2cc(C)nc3ccc(C(=N)N)cc23)c1,,,,-3.586700235918748,,,,,0.4
NCc1cccc(Cn2cc(-c3ccc4ncccc4c3)nn2)c1,,,,-3.576754126063192,,,,,0.8
CN1CCc2nc(Nc3ccn4nc(C(=O)NC5CCN(c6ccncc6)CC5)cc4c3)sc2C1,,,,-5.196542884351586,1.1335389083702174,1.6020599913279625,,,1.6
Cn1ccc(Oc2ccn3nc(C(=O)NC4CCN(c5ccncc5)CC4)cc3c2)n1,,,,-3.512861624522813,0.8061799739838872,0.0,,,0.9
Cc1nc(-c2ccc3nc(C(=O)NC4CCN(c5ccncc5)CC4)cn3c2)cs1,,,,-3.5228787452803374,1.1038037209559568,1.167317334748176,,,1.7
O=C(NC1CCN(c2ccncc2)CC1)c1cn2cc(-c3ccccn3)ccc2n1,,,,-3.543633966870957,0.7481880270062004,0.3424226808222063,,,1.6
CN1CCN(c2ccn3nc(C(=O)NC4CCN(c5ccncc5)CC4)cc3c2)CC1,,,,-3.690369832574101,1.1335389083702174,0.041392685158225,,,0.5
Cc1nnc(-c2ccn3nc(C(=O)Nc4ccc(N5CCN(C)CC5)cc4)cc3c2)s1,,,,-6.021363051615526,1.4969296480732148,2.433289685195026,,,2.0
COCCN1CCC(c2ccc(NC(=O)c3cc4cc(-c5cn(C)cn5)ccn4n3)cc2)CC1,,,,-5.217527375833714,0.0,1.1818435879447726,,,1.9
CN1CCN(c2ccc(NC(=O)c3cc4cc(-c5cn(C)cn5)ccn4n3)cc2)CC1,,,,-5.462180904926726,0.8808135922807914,2.5464192668351915,,,1.9
Cn1cnc(-c2cnc3c(c2)cc(C(=O)NC2CCN(c4ccncc4F)CC2)n3C)c1,,,,-5.655607726314889,0.8061799739838872,1.287801729930226,,,3.0
Cc1nc(-c2cc(C)c3ccncc3c2N)ccc1OCCN1CCCCC1,2.8060150147989065,3.558231985622321,,-3.549750891680639,1.3979400086720375,2.475816413031318,-5.2441251443275085,0.187520720836463,3.2
Cc1nc(-c2ccc3ccncc3c2N)ccc1OCCN1CCCCC1,,,,-3.605548319173784,0.6901960800285137,2.710540447933297,,,2.8
Nc1c(-c2ccc3ccncc3c2)ccc(OCCN2CCOCC2)c1F,,,,-4.110698297493689,1.334453751150931,2.5678494505731067,,,2.6
Cc1cc(-c2ccc(OCCN3CCCCC3)c(F)c2N)nc2cnccc12,,,,-5.122053048370812,1.021189299069938,2.805568817548556,,,2.6
C=Cc1cnn2cc(-c3ccc(OCCN4CCCCC4)cc3)cnc12,2.208385407473747,5.076986687117159,,-3.946921556516581,0.8573324964312685,1.9647309210536292,-4.883392256011752,0.146128035678238,2.9
C[C@@H](COc1ccc(-c2cnc3c(C#N)cnn3c2)cc1)N1CC2CCC(C1)O2,,,,-6.092588639225414,2.509336958017644,3.340404451432456,,,3.0
C[C@H](COc1ccc(-c2cnc3c(C#N)cnn3c2)cc1)N1CC2CCC(C1)O2,,,,-5.798602875679548,2.555698894718901,3.0768951938660507,,,3.0
N#Cc1cnn2cc(-c3ccc(OCCN4CC5CCC(C4)O5)c(F)c3)cnc12,,,,-5.692503962086787,2.02201573981772,2.5953859808091417,,,2.4
O=C(O)c1cc2ccncc2nc1-c1ccc(OCCN2CCCCC2)cc1,,,,-3.5072396109731625,0.0,0.0,,,-1.5
NC(=O)c1cc2ccncc2nc1-c1ccc(OCCN2CCCCC2)cc1,,,,-3.557520230935552,0.0,1.863322860120456,,,0.4
Cn1cc(-c2ccc(OCCN3CCCCC3)cc2)c2ccncc2c1=O,,,,-3.567030709125594,,,,,1.8
c1cc2c(-c3ccc(OCCN4CCCCC4)cc3)cncc2[nH]1,,,,-3.4975728800155674,,,,,2.3
COc1nccn2c(-c3ccc(OCCN4CCCCC4)cc3)cnc12,,,,-3.5917600346881504,,,,,2.0
c1cc(-c2ccc(OCCN3CCCCC3)cc2)c2nccn2c1,,,,-3.5361070110140926,,,,,1.9
Cc1nn2cccnc2c1-c1ccc(OCCN2CCCCC2)cc1,,,,-3.537602002101044,,,,,1.9
c1cc(-c2ccc(OCCN3CCCCC3)cc2)c2nnnn2c1,,,,-3.575118363368933,,,,,1.5
c1cnc2[nH]cc(-c3ccc(OCCN4CCCCC4)cc3)c2c1,,,,-3.9281179926938745,,,,,2.8
Cc1nc2cccc(-c3ccc(OCCN4CCCCC4)cc3)n2n1,,,,-3.539102157243452,,,,,2.0
Cc1nc2cccnn2c1-c1ccc(OCCN2CCCCC2)cc1,,,,-3.537602002101044,,,,,2.1
c1cnc2c(-c3ccc(OCCN4CCCCC4)cc3)cnn2c1,,,,-3.5686362358410126,,,,,1.9
Cc1cc2c(-c3ccc(OCCN4CCCCC4)cc3)ccnc2[nH]1,,,,-4.4723700991286615,,,,,3.2
c1cn2c(-c3ccc(OCCN4CCCCC4)cc3)cncc2n1,,,,-3.5734887386354246,,,,,1.7
O=C1NCc2c1cccc2-c1ccc(OCCN2CCCCC2)cc1,,,,-3.5917600346881504,,,,,1.9
c1cc2c(-c3ccc(OCCN4CCCCC4)cc3)nccc2cn1,,,,-3.5346171485515816,,,,,1.9
c1cc2c(-c3ccc(OCCN4CCCCC4)cc3)n[nH]c2cn1,,,,-3.543633966870957,,,,,2.3
Cc1cc(-c2ccc(OCCN3CCCCC3)cc2)c2ncnn2c1,,,,-3.5228787452803374,,,,,2.0
Clc1cc(-c2ccc(OCCN3CCCCC3)cc2)c2ncnn2c1,,,,-3.567030709125594,,,,,2.3
Fc1cc(-c2ccc(OCCN3CCCCC3)cc2)c2ncnn2c1,,,,-3.576754126063192,,,,,1.9
c1cc(-c2cncc3[nH]ncc23)ccc1OCCN1CCCCC1,,,,-3.5466816599529625,,,,,2.3
Cc1ccc(-c2ccc(OCCN3CCCCC3)cc2)c2nncn12,,,,-3.537602002101044,,,,,1.5
c1cc2nccnc2c(-c2ccc(OCCN3CCCCC3)cc2)n1,,,,-3.527243550682788,,,,,1.5
c1ccn2c(-c3ccc(OCCN4CCCCC4)cc3)nnc2c1,,,,-3.552841968657781,,,,,0.6
c1cc(-c2ccc(OCCN3CCCCC3)cc2)c2cncn2c1,,,,-3.54515513999149,,,,,2.5
c1cc2c(-c3ccc(OCCN4CCCCC4)cc3)ncnn2c1,,,,-3.596879478824182,,,,,2.4
c1cc(-c2ccc(OCCN3CCCCC3)cc2)c2cn[nH]c2n1,,,,-3.5257837359237447,,,,,2.3
Cn1ccc(-c2ccc(OCCN3CCCCC3)nn2)c(N)c1=O,,,,-4.177831920631983,,,,,-0.2
Cn1ccc(-c2ccn(CCCN3CCCCC3)n2)c(N)c1=O,,,,-3.583359492661719,,,,,-0.5
Cn1cc2c(cc1=O)[nH]c1cc(OCCN3CCCCC3)ccc12,,,,-3.562249437179612,0.3010299956639812,1.506505032404872,,,0.6
Cn1ccn2c(nc3cc(OCCN4CCCCC4)ccc32)c1=O,,,,-3.882728704344236,0.3222192947339193,0.4913616938342727,,,-0.4
Cn1ccn2c(nc3ccc(OCCN4CCCCC4)cc32)c1=O,,,,-3.889410289700751,0.0,0.5185139398778874,,,-0.2
CN(c1ccc2c(c1)[nH]c1c(=O)n(C)ccc12)C1CCNCC1,,,,-3.562249437179612,0.4313637641589873,1.5185139398778875,,,-1.6
CN1CCC(N(C)c2ccc3c(c2)[nH]c2c(=O)n(C)ccc23)CC1,,,,-3.665546248849069,0.5185139398778874,1.7589118923979734,,,1.6
Cn1cccc(Nc2cccc(OCCN3CCCCC3)c2)c1=O,,,,-3.537602002101044,,,,,1.8
COC1CCN(CCOc2ccc3[nH]c4c(=O)n(C)ccc4c3c2)CC1,,,,-3.5850266520291822,0.2787536009528289,1.667452952889954,-4.48704892002751,0.0644579892269184,1.3
CNC(=O)c1cc2ccc(OCCN3CCCCC3)cc2[nH]1,,,,-3.578396073130169,,,,,0.7
CN(C)C(=O)c1cc2ccc(OCCN3CCCCC3)cc2[nH]1,,,,-3.87942606879415,,,,,0.9
Cn1ccc2c([nH]c3cc(OCCN4CCC[C@H](C#N)C4)ccc32)c1=O,,,,-4.653647025549361,1.1846914308175989,1.957128197676813,,,1.9
Cn1ccc2c([nH]c3cc(OCCN4CCC[C@@H](C#N)C4)ccc32)c1=O,,,,-4.486782399932061,1.1335389083702174,1.8790958795000727,,,2.0
Cn1cnc(-c2ccc3c(c2)cc(CN2CCCCC2)n3C)cc1=O,,,,-4.267606240177032,,,,,1.6
Cn1ccc2c([nH]c3cc(OCCN4CCC(F)CC4)ccc32)c1=O,,,,-4.372634143407267,1.0293837776852095,1.8388490907372552,,,2.1
CN1CCC(CCOc2ccc3c(c2)[nH]c2c(=O)n(C)ccc23)CC1,,,,-3.886056647693163,0.3222192947339193,1.6522463410033232,,,1.0
CCN(C)CCOc1ccc2c(c1)[nH]c1c(=O)n(C)ccc12,,,,-3.607303046740334,0.7634279935629372,1.8068580295188172,,,0.9
CC(=O)Nc1ccc2c(c1)c(-c1ccc(OCCN3CCCCC3)cc1)nn2C,,,,-3.586700235918748,,,,,1.9
N#Cc1ccc(-c2ccc(OCCN3CCCCC3)cc2)c2c1C(=O)NC2,,,,-3.583359492661719,,,,,1.3
O=c1[nH]ccc2c(-c3ccc(OCCN4CCCCC4)cc3)cncc12,,,,-3.5228787452803374,,,,,1.5
O=C1Cc2c(-c3ccc(OCCN4CCCCC4)cc3)ccnc2N1,,,,-3.5686362358410126,,,,,1.3
Cc1nn2c(=O)[nH]ncc2c1-c1ccc(OCCN2CCCCC2)cc1,,,,-3.5654310959658013,,,,,1.1
O=c1[nH]cc(-c2ccc(OCCN3CCCCC3)cc2)c2ncccc12,,,,-3.575118363368933,,,,,1.1
c1cc2cncc(-c3ccc(OCCN4CCCCC4)cc3)c2o1,,,,-3.586700235918748,,,,,2.4
Cc1nc2cncc(-c3ccc(OCCN4CCCCC4)cc3)c2o1,,,,-3.5917600346881504,,,,,0.9
Cn1cc2c(-c3ccc(OCCN4CCCCC4)cc3)cncc2n1,,,,-3.540607512240769,,,,,1.6
c1cn2ccnc2c(-c2ccc(OCCN3CCCCC3)cc2)n1,,,,-3.5466816599529625,,,,,1.3
Cc1cn2ccnc2c(-c2ccc(OCCN3CCCCC3)cc2)n1,,,,-3.5287082889410613,,,,,1.6
c1cc2[nH]ccc2c(-c2ccc(OCCN3CCCCC3)cc2)n1,,,,-3.6716203965612624,,,,,1.5
Cc1cncc2ncc(-c3ccc(OCCN4CCCCC4)cc3)n12,,,,-3.575118363368933,,,,,1.5
COc1cncc2ncc(-c3ccc(OCCN4CCCCC4)cc3)n12,,,,-3.605548319173784,,,,,1.4
Oc1cnc2c(-c3ccc(OCCN4CCCCC4)cc3)cnn2c1,,,,-4.3223930472795065,,,,,1.6
Cc1cnc2c(-c3ccc(OCCN4CCCCC4)cc3)cnn2c1,,,,-3.603800652904264,,,,,1.2
Clc1cnc2c(-c3ccc(OCCN4CCCCC4)cc3)cnn2c1,,,,-4.309803919971486,,,,,2.6
c1cnc2c(-c3ccc(OCCN4CCCCC4)cc3)n[nH]c2c1,,,,-3.616184634019569,,,,,1.8
Cn1cnc2c(-c3ccc(OCCN4CCCCC4)cc3)cncc21,,,,-3.567030709125594,,,,,1.2
Fc1ccnc2[nH]cc(-c3ccc(OCCN4CCCCC4)cc3)c12,,,,-3.570247719997592,,,,,2.9
Cn1ncc2c(-c3ccc(OCCN4CCCCC4)cc3)cncc21,1.2482685789075287,2.0999672948875734,,-3.570247719997592,,2.679518743695789,-4.735654492949908,0.0969100130080564,1.1
Cc1nc(-c2ccc(OCCN3CCCCC3)cc2)c2cnccn12,,,,-3.571865205971211,,,,,1.4
COc1cnc2[nH]cc(-c3ccc(OCCN4CCCCC4)cc3)c2c1,2.186162517630361,3.8918202981106256,,-3.6757175447023074,,2.7867514221455614,-4.789949150124863,0.0293837776852096,2.9
Cn1cc(-c2ccc(OCCN3CCCCC3)cc2)c2cncnc21,0.7907856501238609,2.4022668644598677,,-3.515700160653214,,2.236537261488694,-4.575935474582512,-0.0506099933550872,1.9
O=C1NCc2cccc(-c3ccc(OCCN4CCCCC4)cc3)c21,,,,-3.54515513999149,,,,,1.4
Cc1ccn2c(-c3ccc(OCCN4CCCCC4)cc3)cnc2n1,,,,-3.5606673061697376,,,,,0.2
Cc1n[nH]c2nccc(-c3ccc(OCCN4CCCCC4)cc3)c12,,,,-3.596879478824182,,,,,2.4
Clc1cn2c(-c3ccc(OCCN4CCCCC4)cc3)cnc2cn1,,,,-3.6458915608525992,,,,,1.9
O=c1nc[nH]c2c(-c3ccc(OCCN4CCCCC4)cc3)csc12,,,,-3.519993057042849,,,,,1.5
Fc1cnc2[nH]nc(-c3ccc(OCCN4CCCCC4)cc3)c2c1,,,,-3.6020599913279625,,,,,2.4
Cc1nc2ccc(-c3ccc(OCCN4CCCCC4)c(C)c3N)cn2n1,,,,-3.5686362358410126,0.568201724066995,1.173186268412274,,,1.7
Cc1c(OCCN2CCCCC2)ccc(-c2cc(C)c3ncnn3c2)c1N,-0.2900157957980013,0.999193593753486,,-3.598599459218456,0.0,1.6074550232146685,-4.465466243994884,0.021189299069938,1.7
Cc1nc2c(C#N)cnn2c(N)c1-c1ccc(OCCN2CCCCC2)cc1,-0.0800427076735365,1.558235410208222,,-3.555955204081924,0.9590413923210936,2.2345172835126865,-4.535808629359001,0.173186268412274,1.7
CCc1cnn2cc(-c3ccc(OCCN4CCCCC4)cc3)cnc12,2.0505185022105845,4.480578308402369,,-3.657577319177794,1.4082399653118496,2.2174839442139063,-4.869988050328096,-0.1307682802690238,2.9
N#Cc1cnn2cc(-c3ccc(OCCN4CCC(F)(F)CC4)cc3)cnc12,,,,-5.838631997765025,1.9995654882259823,2.6263403673750423,,,2.9
COCC1CN(CCOc2ccc(-c3cnc4c(C#N)cnn4c3)cc2)C1,,,,-3.5917600346881504,0.6720978579357175,1.5024271199844328,,,1.2
CN(C(=O)OC(C)(C)C)C1CN(CCOc2ccc(-c3cnc4c(C#N)cnn4c3)cc2)C1,,,,-5.653647025549361,2.895919545310016,2.8228216453031045,,,3.0
N#Cc1cnn2cc(-c3ccc(OCCN4CC5CC5C4)cc3)cnc12,,,,-5.18575240426808,1.9628426812012425,2.02201573981772,,,2.0
CC(C)N1CC[C@@H](Oc2ccc(-c3cnc4c(C#N)cnn4c3)cc2)C1,,,,-3.616184634019569,1.6304278750250238,1.515873843711679,,,1.4
CC(C)N1CC[C@H](Oc2ccc(-c3cnc4c(C#N)cnn4c3)cc2)C1,,,,-3.5734887386354246,0.7160033436347992,1.7512791039833422,,,1.4
CC(C)N1CCC(Oc2ccc(-c3cnc4c(C#N)cnn4c3)cc2)CC1,,,,-3.540607512240769,0.0,1.4608978427565478,,,1.3
Nc1cc2ccncc2nc1-c1ccc(OCCN2CCCCC2)cc1,,,,-3.540607512240769,0.7923916894982539,2.339053735709139,,,1.7
CNC(=O)c1cc(-c2ccc(OCCN3CCCCC3)cc2)cc2cnccc12,,,,-3.505845405981557,0.6720978579357175,1.7323937598229686,,,2.0
COc1cccc(Nc2cc(C)nc3c(C)cc(C(=N)N)cc23)c1,,,,-3.6615435063953954,,,,,0.5
Cc1nnc(-c2ccn3nc(C(=O)NCCNc4ccncc4)cc3c2)s1,,,,-3.586700235918748,0.3979400086720376,0.0,,,-0.1
CN(CCNC(=O)c1cc2cc(-c3cn(C)cn3)ccn2n1)c1ccncc1,,,,-3.563837352959244,,,,,-0.2
Cc1nnc(-c2ccn3nc(C(=O)NCCN(C)c4ccncc4)cc3c2)s1,,,,-3.5228787452803374,0.0,0.0,,,0.0
Cc1nnc(-c2ccn3nc(C(=O)NCCCNc4ccncc4)cc3c2)s1,-0.5023013313394423,1.8446692829617184,1.1914483478015556,-3.5100415205751654,,,-6.040958607678906,1.2518814545525276,0.0
Cn1cnc(-c2ccn3nc(C(=O)NCCCNc4ccncc4)cc3c2)c1,,,,-3.55129368009492,,,,,-1.1
Cc1nnc(-c2ccn3nc(C(=O)Nc4ccc(N5CCOCC5)cc4)cc3c2)s1,,,,-7.443697499232713,,,,,2.6
CN(C)c1ccc(NC(=O)c2cc3cc(-c4cn(C)cn4)ccn3n2)cn1,,,,-5.305394801066432,,,,,1.5
Cn1cnc(-c2ccc3cc(C(=O)NC4CCN(c5ccncc5)CC4)n(C)c3c2)c1,,,,-4.177831920631983,0.5563025007672873,0.0,,,1.3
Cn1cnc(-c2ccc3c(C(=O)NC4CCN(c5ccncc5)CC4)cnn3c2)c1,,,,-4.684029654543083,0.4913616938342727,0.0,,,-0.4
Cn1cnc(-c2ccn3ncc(C(=O)NC4CCN(c5ccncc5)CC4)c3c2)c1,,,,-3.562249437179612,0.0,0.7403626894942439,,,-0.4
Cn1cnc(-c2cnc3c(c2)cc(C(=O)NC2CCN(c4ccncc4)CC2)n3C)c1,,,,-4.103473782510445,0.0,0.0,,,0.9
Cn1c(C(=O)NC2CCN(c3ccncc3)CC2)cc2cc(-c3ccccn3)cnc21,1.6882964873464208,3.2396661579083914,,-5.025028005701931,0.9030899869919436,0.9344984512435676,-5.220403508742176,0.8715729355458788,0.7
Cc1nnc(-c2ccn3nc(C(=O)NC4CCN(c5ccncc5C)CC4)cc3c2)s1,,,,-4.806875401645539,1.0170333392987805,1.5010592622177514,,,2.3
COc1cnccc1N1CCC(NC(=O)c2cc3cc(-c4nnc(C)s4)ccn3n2)CC1,1.45652103905577,2.493714405308154,1.874689848558788,-5.06198090252379,1.7168377232995244,2.1936810295412816,-4.943095148663527,0.290034611362518,2.1
Cn1c(=O)n(Cc2cnc[nH]2)c2c3scnc3ccc21,,,,-3.515700160653214,,,,,0.0
Cn1ccc2c([nH]c3cc(OCCN4CC(F)C4)ccc32)c1=O,,,,-3.5606673061697376,1.1398790864012365,1.7972675408307164,,,2.3
Cn1ccc2c([nH]c3cc(OCCN4CC(F)(F)C4)ccc32)c1=O,,,,-4.454692883534176,1.1931245983544616,1.792391689498254,,,2.0
CN1CC[C@H](Oc2ccc3c(c2)[nH]c2c(=O)n(C)ccc23)C1,,,,-3.576754126063192,0.9344984512435676,1.9289076902439528,,,1.2
CN1CC[C@@H](Oc2ccc3c(c2)[nH]c2c(=O)n(C)ccc23)C1,,,,-3.54515513999149,0.9030899869919436,1.9680157139936416,,,1.1
CN1CCC(Oc2ccc3c(c2)[nH]c2c(=O)n(C)ccc23)CC1,,,,-3.5606673061697376,0.4771212547196624,1.8375884382355112,,,1.1
CN1CCC[C@@H](Oc2ccc3c(c2)[nH]c2c(=O)n(C)ccc23)C1,,,,-3.552841968657781,0.8195439355418687,1.6989700043360187,,,1.3
CN1CCC[C@H]1COc1ccc2c(c1)[nH]c1c(=O)n(C)ccc12,,,,-3.570247719997592,0.7708520116421442,1.808885867359812,,,0.8
CN1CCC[C@@H]1COc1ccc2c(c1)[nH]c1c(=O)n(C)ccc12,,,,-3.5900668766687054,0.4471580313422192,1.9283958522567135,,,1.1
Cn1cc(-c2ccn(C)c(=O)c2N)nc1OCCN1CCCCC1,,,,-3.6675615400843946,,,,,-0.4
Cn1ccc(-c2cncn2CCCN2CCCCC2)c(N)c1=O,,,,-3.6020599913279625,,,,,-1.0
CN(c1ccc2c(c1)[nH]c1c(=O)n(C)ccc12)[C@@H]1C[C@H]2CC[C@@H](C1)N2,,,,-3.6020599913279625,0.0,1.5352941200427703,,,-0.6
Cc1cn(C)c(=O)c2[nH]c3cc(OCCN4CC5(COC5)C4)ccc3c12,1.823620571297039,2.438277908955936,1.6582280766035322,-4.067526235322847,0.041392685158225,1.7226339225338123,-4.869344650977969,0.4116197059632301,1.9
Cc1cn(C)c(=O)c2[nH]c3cccc(OCCN4CC5(COC5)C4)c3c12,,,,-4.302770657240282,,,,,0.8
Cn1cc(F)c2c([nH]c3cc(OCCCC(=O)N4CCCCC4)ccc32)c1=O,,,,-5.684029654543083,,,,,2.9
Cn1cc(F)c2c([nH]c3cc(OCCN4CC5(COC5)C4)ccc32)c1=O,2.5866893440979437,1.8991915703890692,,-3.593459819566045,0.3424226808222063,1.0128372247051722,-4.749824051916075,0.146128035678238,1.5
Cn1cc(Cl)c2c([nH]c3cc(OCCN4CC5(COC5)C4)ccc32)c1=O,3.204412762840645,3.234167283278837,3.119747490475341,-4.15676722190199,0.6434526764861874,1.5932860670204574,-4.69637202361611,0.1238516409670858,2.2
Cn1c(=O)ccc2c3ccc(OCCN4CCCCC4)cc3[nH]c21,,,,-3.578396073130169,0.505149978319906,1.925312091499649,,,2.1
Cc1c(N)c(-c2ccc(OC[C@H](C)N3CC[C@@H](F)C3)cc2)cc2cnccc12,,,,-3.6635402661514704,2.186956335465412,2.5861370252307934,,,3.1
Cc1c(N)c(-c2ccc(OC[C@@H](C)N3CC[C@@H](F)C3)cc2)cc2cnccc12,3.231428290939323,3.2732602272659728,,-3.6819366650372394,2.0770043267933502,2.474507639116976,-5.892790030352131,0.2833012287035495,3.2
Cc1c(N)c(-c2ccc(OCCN3CC[C@H](F)C3)cc2)cc2cncnc12,,,,-3.627087997029893,1.499687082618404,2.9068197154665456,,,2.7
Cc1c(N)c(-c2ccc(OCCN3CC[C@@H](F)C3)cc2)cc2cncnc12,,,,-3.5900668766687054,1.436162647040756,2.7735670489260587,,,2.7
Nc1c(-c2ccc(OCCN3CCCCC3)cc2)cn2ncnc2c1Cl,,,,-3.552841968657781,0.0,0.785329835010767,,,1.7
Cc1cc(-c2ccc(OCCN3CCCCC3)c(F)c2N)cc2cnccc12,2.4022668644598677,3.097753887946305,,-4.906578314837765,1.0530784434834195,2.7974752875373343,-5.151810883008602,0.2095150145426309,2.8
Cc1cc(-c2ccc(OCCN3CCCCC3)c(F)c2N)c2ccncc2c1,,,,-3.542118103266008,1.3996737214810382,2.462397997898956,,,2.7
NC(=O)c1ncn2cc(-c3ccc(OCCN4CCCCC4)cc3)cnc12,,,,-3.5331323796458904,0.0,0.0,,,0.5
C[C@@H](COc1ccc(-c2cnc3c(C#N)cnn3c2)cc1F)N1CC2CCC(C1)O2,,,,-6.021819483062586,2.690373306916059,3.361614527024846,,,3.1
C[C@H](COc1ccc(-c2cnc3c(C#N)cnn3c2)cc1F)N1CC2CCC(C1)O2,,,,-6.074172425375258,2.7545776560447304,3.4039094305333597,,,3.1
COC1CN(CCOc2ccc(-c3cnc4c(C#N)cnn4c3)cc2)C1,,,,-4.197226274708024,0.041392685158225,1.3222192947339193,,,1.5
N#Cc1cnn2cc(-c3ccc(OCCN4CC5(COC5)C4)cc3)cnc12,0.6499535713186707,1.5015128231046837,,-4.285670240254767,0.0,0.505149978319906,-4.530472520812986,0.093421685162235,0.8
CNC1CN(CCOc2ccc(-c3cnc4c(C#N)cnn4c3)cc2)C1,,,,-3.5900668766687054,0.0,1.833147111912785,,,0.3
CN(C)C1CN(CCOc2ccc(-c3cnc4c(C#N)cnn4c3)cc2)C1,,,,-3.5734887386354246,0.568201724066995,2.350829273582968,,,1.1
N#Cc1cnn2cc(-c3ccc(OCCN4CC5(CC5)C4)cc3)cnc12,,,,-4.229147988357856,0.2787536009528289,1.6711728427150832,,,1.3
N#Cc1cnn2cc(-c3ccc(OCCN4CCC5(CC5)C4)cc3)cnc12,,,,-4.471083299722346,0.7323937598229685,1.5477747053878226,,,1.8
CN1CCC(Oc2ccc(-c3cnc4c(C#N)cnn4c3)cc2)CC1,,,,-4.112382699664264,1.6334684555795864,2.520483532740792,,,1.2
N#Cc1cnn2cc(-c3ccc(OC4CCNCC4)cc3)cnc12,,,,-4.182434630440219,1.7867514221455612,1.8864907251724816,,,-0.5
N#Cc1cnc2ccc(-c3ccc(OCCN4CCCCC4)cc3)cn12,,,,-3.614393726401688,0.5910646070264992,1.9503648543761232,,,2.1
N#Cc1c(-n2ccc(OCC3CNC3)n2)ccc2ncccc12,,,,-3.576754126063192,0.0,2.06595298031387,,,-0.5
O=C1COc2c(cccc2-c2ccc(OCCN3CCCCC3)cc2)N1,,,,-3.5686362358410126,,,,,2.2
COc1ccc2c(c1-c1ccc(OCCN3CCCCC3)cc1)C(=O)NC2,,,,-3.5590909179347823,,,,,0.9
O=c1[nH]cc(-c2ccc(OCCN3CCCCC3)cc2)c2ccncc12,,,,-3.583359492661719,,,,,1.7
Cn1cc(-c2ccc(OCCN3CCCCC3)cc2)c2cnn(C)c2c1=O,,,,-3.583359492661719,,,,,2.0
COc1ccc2ncc(-c3ccc(OCCN4CCCCC4)cc3)n2n1,,,,-3.636388020107856,,,,,2.9
CN1C(=O)Cc2c(-c3ccc(OCCN4CCCCC4)cc3)ccnc21,,,,-3.519993057042849,,,,,1.7
O=C1Cc2cccc(-c3ccc(OCCN4CCCCC4)cc3)c2CN1,,,,-3.6020599913279625,,,,,1.9
Cn1nc(-c2ccc(OCCN3CCCCC3)cc2)c2c(=O)[nH]cnc21,,,,-3.527243550682788,,,,,1.1
Cc1nccc2[nH]cc(-c3ccc(OCCN4CCCCC4)cc3)c12,,,,-3.583359492661719,,,,,1.2
O=c1[nH]cnn2c(-c3ccc(OCCN4CCCCC4)cc3)ccc12,,,,-3.5816987086802548,,,,,1.9
O=c1[nH]cnn2c(-c3ccc(OCCN4CCCCC4)cc3)cnc12,,,,-3.9706162223147903,,,,,0.7
O=c1[nH]cnn2ccc(-c3ccc(OCCN4CCCCC4)cc3)c12,,,,-3.555955204081924,,,,,1.7
Cn1cnc2cncc(-c3ccc(OCCN4CCCCC4)cc3)c21,,,,-3.575118363368933,,,,,1.4
N#Cc1cc(-c2ccc(OCCN3CCCCC3)cc2)c2nccn2c1,,,,-3.555955204081924,,,,,1.8
Fc1cncc2c(-c3ccc(OCCN4CCCCC4)cc3)c[nH]c12,,,,-3.583359492661719,,,,,2.8
Cn1cnc2c(O)ncc(-c3ccc(OCCN4CCCCC4)cc3)c21,,,,-3.5100415205751654,,,,,0.3
Cc1ncc(-c2ccc(OCCN3CCCCC3)cc2)c2[nH]ccc12,,,,-3.607303046740334,,,,,1.7
Cn1ncc2c(-c3ccc(OCCN4CCCCC4)cc3)ccnc21,,,,-3.583359492661719,,,,,2.4
Cc1cc(-c2ccc(OCCN3CCCCC3)cc2)c2cn[nH]c2n1,,,,-3.6108339156354674,,,,,2.0
c1cnc2[nH]nc(-c3ccc(OCCN4CCCCC4)cc3)c2c1,,,,-3.5606673061697376,,,,,2.1
N#Cc1cnc2[nH]cc(-c3ccc(OCCN4CCCCC4)cc3)c2c1,,,,-4.073657553374345,,,,,2.6
c1cc2cn[nH]c2c(-c2ccc(OCCN3CCCCC3)cc2)n1,,,,-3.557520230935552,,,,,1.9
c1cc2ccnc(-c3ccc(OCCN4CCCCC4)cc3)c2cn1,,,,-3.586700235918748,,,,,1.8
O=c1nc[nH]c2scc(-c3ccc(OCCN4CCCCC4)cc3)c12,,,,-3.571865205971211,,,,,1.6
Cc1ccc(-c2ccc(OCCN3CCCCC3)cc2)c2ncnn12,,,,-3.578396073130169,,,,,2.0
c1cnc2c(-c3ccc(OCCN4CCCCC4)cc3)c[nH]c2n1,,,,-3.628932137728264,,,,,2.0
c1cnc2c(-c3ccc(OCCN4CCCCC4)cc3)cncc2n1,,,,-3.5590909179347823,,,,,1.3
c1cc(-c2cncn3cnnc23)ccc1OCCN1CCCCC1,,,,-3.576754126063192,,,,,0.9
c1cn2nccc2c(-c2ccc(OCCN3CCCCC3)cc2)n1,,,,-3.5850266520291822,,,,,1.9
COc1cccc(Nc2cc(C)nc3cc(/C(N)=N\O)ccc23)c1,,,,-4.396855627379818,,,,,2.2
NCc1cccc(Cc2nc(-c3ccc4ncccc4c3)n[nH]2)c1,,,,-3.5466816599529625,,,,,0.5
O=C(NC1CCN(c2ccncc2)CC1)c1cc2cc(-c3cn[nH]n3)ccn2n1,,,,-4.72584215073632,0.785329835010767,2.186956335465412,,,0.8
CN1CCc2nc(Nc3ccn4nc(C(=O)Nc5ccncc5)cc4c3)sc2C1,,,,-4.505845405981558,,,,,2.8
Cn1ccc(=O)n1-c1ccn2nc(C(=O)NC3CCN(c4ccncc4)CC3)cc2c1,,,,-3.562249437179612,0.0,0.3617278360175928,,,-1.0
O=C1Cc2cc(-c3cnn(CCC4CNC4)c3)ccc2CN1,,,,-3.5361070110140926,,,,,-2.0
CC(C)(O)c1ccn2nc(C(=O)NC3CCN(c4ccncc4)CC3)cc2c1,,,,-3.549750891680639,,,,,0.5
CC(=O)c1ccn2nc(C(=O)NC3CCN(c4ccncc4)CC3)cc2c1,,,,-4.228412519118745,,,,,0.4
CN(CCNc1ccncc1)C(=O)c1cc2cc(-c3cn(C)cn3)ccn2n1,,,,-3.580044251510242,,,,,-1.0
Cn1cnc(-c2ccc3nc(C(=O)NC4CCN(c5ccncc5)CC4)cn3c2)c1,,,,-3.578396073130169,0.0,0.7481880270062004,,,1.1
Cn1cnc(-c2ccc3cc(C(=O)NC4CCN(c5ccncc5)CC4)n(C)c3n2)c1,,,,-3.557520230935552,0.0791812460476248,0.0,,,1.0
Cn1cnc(-c2ccc3nc(C(=O)NC4CCN(c5ccncc5C(F)F)CC4)cn3c2)c1,,,,-4.928117992693875,2.106870544478654,2.5459253293558426,,,3.1
Cn1cnc(-c2ccc3nc(C(=O)NC4CCN(c5ccncc5F)CC4)cn3c2)c1,,,,-4.806875401645539,1.557507201905658,1.9623693356700207,,,2.6
COc1cnccc1N1CCC(NC(=O)c2cc3cc(-c4cn(C)cn4)ccn3n2)CC1,,,,-3.578396073130169,1.0791812460476249,1.9813655090785445,,,2.2
Cn1cnc(-c2ccc3c(c2)cc(C(=O)N2CCCN(c4ccncc4)CC2)n3C)c1,,,,-3.557520230935552,0.4771212547196624,1.6074550232146685,,,0.6
Cn1cnc(-c2ccc3cc(C(=O)NC4CCN(c5ccncc5)CC4)cn3c2)c1,,,,-3.58838029403677,0.6532125137753437,1.0043213737826426,,,1.1
Cc1cnccc1N1CCC(NC(=O)c2cc3ccc(-c4cn(C)cn4)cn3c2)CC1,2.231011574913603,3.287572356154438,6.906754778648553,-4.581698708680254,1.100370545117563,1.1986570869544226,-5.681936665037238,1.1245042248342825,2.8
Cn1ccc2c([nH]c3cc(OCCN4CCC[C@@H](O)C4)ccc32)c1=O,2.6995485558468904,1.5149930628960002,,-3.6635402661514704,0.6127838567197355,1.1903316981702914,-4.857297754262384,0.4533183400470376,0.8
Cn1ccc2c([nH]c3cc(OCCN4CCC[C@H](O)C4)ccc32)c1=O,2.769405695679659,1.2396322754342843,0.69464755593518,-3.6458915608525992,0.5185139398778874,0.8061799739838872,-5.1487416512809245,0.7075701760979364,0.8
CN1CCC[C@@H](COc2ccc3c(c2)[nH]c2c(=O)n(C)ccc23)C1,,,,-3.6635402661514704,0.4623979978989561,1.7084209001347128,,,0.7
CN1CCC[C@H](COc2ccc3c(c2)[nH]c2c(=O)n(C)ccc23)C1,1.840433765255303,2.5108650647901243,1.982994352088436,-3.6595558851598815,0.0,1.8208579894397,-4.673050005834002,0.0492180226701816,0.7
C[C@H](COc1ccc2c(c1)[nH]c1c(=O)n(C)ccc12)N(C)C,0.5971325273203568,0.4510968996652134,,-3.696803942579512,0.3010299956639812,1.5987905067631152,-4.632085261206248,0.0863598306747482,0.6
C[C@H](CN(C)C)Oc1ccc2c(c1)[nH]c1c(=O)n(C)ccc12,,,,-3.679853713888946,0.724275869600789,1.8943160626844384,,,0.7
C[C@@H](CN(C)C)Oc1ccc2c(c1)[nH]c1c(=O)n(C)ccc12,,,,-3.632644078973981,0.505149978319906,1.864511081058392,,,0.7
C[C@@H](COc1ccc2c(c1)[nH]c1c(=O)n(C)ccc12)N(C)C,,,,-3.5734887386354246,0.4913616938342727,1.7641761323903309,,,0.6
Cn1ccc2c([nH]c3cc(OCCN4CC[C@H](F)C4)ccc32)c1=O,,,,-3.593459819566045,1.0969100130080565,1.8115750058705933,,,1.2
Cn1ccc2c([nH]c3cc(OCCN4CC[C@@H](F)C4)ccc32)c1=O,,,,-3.627087997029893,1.1139433523068367,1.842609239610562,,,1.0
Cn1ccc2c([nH]c3cc(OCCN4CC5CCC(C4)O5)ccc32)c1=O,,,,-4.089375595110798,1.1931245983544616,1.8709888137605752,,,1.2
Cn1ccc2c([nH]c3cc(OCCN4CC(C)(O)C4)ccc32)c1=O,1.509587052587244,1.3900485890307352,,-3.638272163982408,0.4913616938342727,1.0681858617461617,-5.431798275933005,0.9355072658247128,0.7
Cn1ccc2c([nH]c3c(F)c(OCCN4CC5CC5C4)ccc32)c1=O,,,,-3.628932137728264,0.9912260756924948,1.861534410859038,,,1.0
Cn1c(=O)ccc2[nH]c3cc(OCCN4CCCCC4)ccc3c21,,,,-3.58838029403677,0.0,1.469822015978163,,,0.7
Cn1ccc2cc(-c3ccccc3OCCN3CCCCC3)[nH]c2c1=O,5.5174528964647065,2.6273313664559605,,-3.703334809738469,,,-4.573651426212493,-0.0655015487564322,1.2
COC1CCN(CCOc2ccc3c(c2)[nH]c2c(=O)n(C)cc(C)c23)CC1,3.1523190081791324,2.3944094304886843,,-3.636388020107856,0.7708520116421442,1.8796692056320532,-4.666351243485299,-0.0132282657337551,1.0
COC1CCN(CCOc2cccc3[nH]c4c(=O)n(C)cc(C)c4c23)CC1,2.100996545241665,3.442277407405623,,-4.522878745280337,1.5538830266438743,3.2815560250343667,-4.620331965966346,0.0606978403536116,1.4
Cn1cc(C(F)(F)F)c2c([nH]c3cc(OCCN4CC5(COC5)C4)ccc32)c1=O,3.231428290939323,3.8867307105767424,,-3.723538195826756,0.6532125137753437,1.6580113966571124,-4.866780543267506,0.437750562820388,1.7
Cn1cc(C(F)(F)F)c2c([nH]c3cccc(OCCN4CC5(COC5)C4)c32)c1=O,,,,-3.6635402661514704,,,,,1.5
Cc1cn(C)c(=O)c2[nH]c3cc(N(C)C4CCN(C)CC4)ccc3c12,1.7424658226279148,2.5820901546451926,,-3.6108339156354674,0.146128035678238,1.9014583213961125,-4.788879458741951,0.2671717284030138,0.7
Cc1cn(C)c(=O)c2[nH]c3cc(N(C)C4CCNCC4)ccc3c12,,,,-3.665546248849069,0.4623979978989561,1.9360107957152093,,,0.3
Cc1cn(C)c(=O)c2[nH]c3cc(OCCN(C)C)ccc3c12,,,,-3.571865205971211,0.568201724066995,2.0132586652835167,,,1.1
Cc1cn(C)c(=O)c2[nH]c3cccc(OCCN(C)C)c3c12,,,,-3.6556077263148894,1.0334237554869496,1.8762178405916423,,,0.9
Nc1c(-c2ccc(OCCN3CCCCC3)cc2)cc2nncn2c1Cl,,,,-3.503070351926785,0.0,1.7824726241662865,,,1.6
N#Cc1cnn2cc(-c3ccc(OCCN4CC[C@@H](F)C4)cc3)cnc12,,,,-4.476253533188435,1.1072099696478683,2.126131407261984,,,1.8
N#Cc1cnn2cc(-c3ccc(OCCN4CC[C@H](F)C4)cc3)cnc12,,,,-5.0835460514500745,1.1430148002540952,2.010299956639812,,,1.8
NC(=O)c1ccn2cccc(-c3ccc(OCCN4CCCCC4)cc3)c12,,,,-3.5316526695878427,0.0,2.0542299098633974,,,1.2
N#Cc1ncn2cc(-c3ccc(OCCN4CCCCC4)cc3)cnc12,,,,-3.540607512240769,0.5185139398778874,1.424881636631067,,,1.5
Cc1ncnc(-c2ccc(OCCN3CC4CCC(C3)O4)cc2)c1N,,,,-3.54821356447571,0.9867717342662448,1.7715874808812553,,,1.7
N#Cc1cnn2cc(-c3ccc(OCCN4CC5(CCO5)C4)cc3)cnc12,,,,-4.151195298948196,0.0,1.0681858617461617,,,1.2
N#Cc1cnn2cc(-c3ccc(OCCN4CC[C@H](O)C4)cc3)cnc12,,,,-3.628932137728264,0.0,1.380211241711606,,,0.4
N#Cc1cnn2cc(-c3ccc(OCCN4CC[C@@H](O)C4)cc3)cnc12,,,,-3.542118103266008,0.414973347970818,1.136720567156407,,,0.9
CN(C)C1(COc2ccc(-c3cnc4c(C#N)cnn4c3)cc2)COC1,,,,-4.860120913598763,0.6232492903979004,2.0770043267933502,,,1.6
O=c1[nH]c2cccc(-c3ccc(OCCN4CCCCC4)cc3)c2[nH]1,1.9550845253313536,2.9917494572630066,,-3.712198270069774,0.0,2.3140779917792127,-4.99225222199926,0.4608978427565479,1.7
Cn1c(=O)[nH]c2cccc(-c3ccc(OCCN4CCCCC4)cc3)c21,1.9367984687040585,2.7339416150349525,,-3.54821356447571,0.3222192947339193,2.917663024327375,-4.587035728003337,-0.0506099933550872,2.3
Brc1cnn2cc(-c3ccc(OCCN4CCCCC4)cc3)cnc12,,,,-3.55129368009492,0.9030899869919436,1.9206450014067875,,,2.4
FC(F)c1cnn2cc(-c3ccc(OCCN4CCCCC4)cc3)cnc12,,,,-4.777283528852417,2.1264561134318045,2.738066714777469,,,2.4
N#Cc1cnn2cc(-c3ccc(OCCN4CCCCC4)c(F)c3)ccc12,,,,-5.122053048370812,1.2329961103921538,2.03382569395331,,,2.5
N#Cc1cnn2cc(-c3ccc(OCCN4CC5CCC(C4)O5)c(F)c3)ccc12,,,,-5.598599459218456,2.17435059747938,2.5643109099606027,,,3.3
CN1CC(COc2ccc(-c3cc4cccnc4cc3N)cc2)C1,,,,-3.6108339156354674,,,,,1.1
CN1CC(COc2ccc(-c3cc4cccnc4c(Br)c3N)cc2)C1,,,,-3.5606673061697376,1.5390760987927767,2.500099191915723,,,1.6
CC(=O)Nc1ccc2c(-c3ccc(OCCN4CCCCC4)cc3)nn(C)c2c1,,,,-3.586700235918748,,,,,2.4
Cn1cc(-c2ccc(OCCN3CCCCC3)cc2)c2cc[nH]c2c1=O,1.337023312113108,,1.927748469381011,-3.571865205971211,0.0,2.4892551683692603,-4.641874714723351,0.1367205671564068,2.1
N#Cc1cnn2cc(O)cc(-c3ccc(OCCN4CCCCC4)cc3)c12,,,,-3.5287082889410613,,,,,2.1
O=c1cc[nH]c2c(-c3ccc(OCCN4CCCCC4)cc3)cnn12,,,,-3.5816987086802548,,,,,1.0
O=C1Cc2cncc(-c3ccc(OCCN4CCCCC4)cc3)c2N1,,,,-3.555955204081924,,,,,0.9
O=c1[nH]cc(-c2ccc(OCCN3CCCCC3)cc2)c2nccnc12,,,,-3.595166283380062,,,,,0.4
O=c1ccc2c[nH]cc(-c3ccc(OCCN4CCCCC4)cc3)c-2n1,,,,-3.5686362358410126,,,,,1.1
COc1nccc2c(-c3ccc(OCCN4CCCCC4)cc3)n[nH]c12,,,,-3.619788758288394,,,,,1.7
COc1cnc(-c2ccc(OCCN3CCCCC3)cc2)c2[nH]ccc12,,,,-3.6439741428068775,,,,,2.2
COc1ncnc2[nH]nc(-c3ccc(OCCN4CCCCC4)cc3)c12,,,,-5.027334407733889,,,,,2.0
O=C1Cc2c(cncc2-c2ccc(OCCN3CCCCC3)cc2)N1,,,,-3.552841968657781,,,,,1.2
Cc1cc(-c2ccc(OCCN3CCCCC3)cc2)c2cnn(C)c2n1,,,,-3.600326278518962,,,,,2.7
Fc1cnc2[nH]cc(-c3ccc(OCCN4CCCCC4)cc3)c2c1,,,,-3.892790030352132,,,,,3.1
COc1cnc2[nH]ccc2c1-c1ccc(OCCN2CCCCC2)cc1,,,,-3.58838029403677,,,,,2.6
Fc1cnc2[nH]ccc2c1-c1ccc(OCCN2CCCCC2)cc1,2.965693764434763,4.093937975511887,,-3.9706162223147903,,3.434983840181938,-4.775208043507319,-0.0604807473813814,3.2
O=c1ccn2ncc(-c3ccc(OCCN4CCCCC4)cc3)c2[nH]1,,,,-3.627087997029893,,,,,1.1
Cc1ccc2c(-c3ccc(OCCN4CCCCC4)cc3)c[nH]c2n1,,,,-4.690369832574102,,,,,3.0
Cc1cn2c(-c3ccc(OCCN4CCCCC4)cc3)cnc2cn1,,,,-3.5346171485515816,,,,,1.7
c1cc(-c2ccc(OCCN3CCCCC3)cc2)c2[nH]ncc2n1,,,,-3.557520230935552,,,,,1.9
c1cc(-c2csc3cncn23)ccc1OCCN1CCCCC1,1.0355993208393754,2.544453336822902,,-3.5590909179347823,,2.482158695411276,-4.581698708680254,-0.0555173278498313,2.2
Cc1nc(-c2ccc3nc(C(=O)NC4CCN(c5ccncc5)CC4)cn3n2)cs1,,,,-3.609064892896621,0.8512583487190752,0.7403626894942439,,,1.5
O=c1[nH]cc2ccccc2c1CN1CCC(Oc2cncc(Cl)c2)CC1,,,,-3.563837352959244,,,,,2.3
O=c1cc2ccccc2c(CN2CCC(Oc3cncc(Cl)c3)CC2)[nH]1,,,,-4.950781977329818,,,,,3.2
Cc1nnc(-c2ccn3nc(C(=O)NCCCNC4CCN(C)CC4)cc3c2)s1,-1.4828322881625378,0.2525335689378503,0.0080000426670763,-3.500312917381596,0.0,0.0,-6.698970004336019,1.4051755462179891,-1.2
Cn1cnc(-c2ccn3nc(C(=O)Nc4ccc(C5CCN(CC(F)(F)F)CC5)cc4)cc3c2)c1,,,,-7.552841968657781,0.6720978579357175,1.823474229170301,,,4.4
O=C(NC1CCN(c2ccncc2)CC1)c1cc2cc(-c3cn(C4CC4)cn3)ccn2n1,0.7308875085427926,2.380136278732725,2.1113349054557897,-3.600326278518962,1.0334237554869496,1.167317334748176,-5.489454989793388,1.098643725817057,1.4
COc1cnccc1N1CCC(NC(=O)c2cc3ccc(-c4cn(C)cn4)cn3c2)CC1,,,,-4.730487055782084,1.3222192947339193,1.9258275746247424,,,2.5
Cc1nnc(-c2ccc3nc(C(=O)NC4CCN(c5ccncc5C)CC4)cn3c2)s1,1.0986122886681098,3.149778672657446,2.209507000612325,-5.2076083105017466,1.4409090820652175,1.9647309210536292,-4.843148098929989,0.3654879848908996,2.2
COc1cnccc1N1CCC(NC(=O)c2cn3cc(-c4nnc(C)s4)ccc3n2)CC1,1.2310368743174414,2.2822942255777297,2.0505185022105845,-4.305394801066432,1.4742162640762553,2.080987046910887,-4.913284336055118,0.4800069429571506,1.9
Cn1cnc(-c2ccn3nc(C(=O)N[C@H]4CC[C@@H](c5ccncc5)CC4)cc3c2)c1,,,,-4.610833915635467,2.2610248339923973,2.5379449592914867,,,3.0
Cn1ccc2c([nH]c3cc(OCCN4CCC5(CC4)COC5)ccc32)c1=O,1.695911510437927,1.2844128216508088,0.6722196604539895,-3.6675615400843946,0.505149978319906,0.9912260756924948,-4.627824713884936,0.0969100130080564,1.4
Cn1ccc2c([nH]c3cc(OCCN4CCCC5(COC5)C4)ccc32)c1=O,,,,-3.6216020990518634,1.1335389083702174,1.9978230807457256,,,1.8
Cn1ccc2c([nH]c3cc(OCCN4CCC[C@@H](F)C4)ccc32)c1=O,,,,-3.607303046740334,1.0606978403536116,1.756636108245848,,,2.1
Cn1ccc2c([nH]c3cc(OCCN4CCC[C@H](F)C4)ccc32)c1=O,,,,-4.742321425130816,1.0934216851622351,1.8457180179666584,,,2.1
Cn1ccc2c([nH]c3cc(OCCN4CCC5(COC5)C4)ccc32)c1=O,2.021151265806204,1.2997921491107107,-0.4810678488511156,-3.623423042943488,0.6720978579357175,0.8325089127062363,-4.685922008220787,0.1172712956557642,1.2
Cn1ccc2c([nH]c3cc(OCCN4CC[C@](C)(O)C4)ccc32)c1=O,0.485305897557895,1.6207606062738722,1.405150985208773,-3.571865205971211,0.1139433523068367,1.089905111439398,-5.361510743045363,0.7379873263334308,0.5
Cn1ccc2c([nH]c3cc(OCCN4CC[C@@](C)(O)C4)ccc32)c1=O,,,,-3.5917600346881504,0.3222192947339193,1.3324384599156054,,,0.6
COCCN(C)CCOc1ccc2c(c1)[nH]c1c(=O)n(C)ccc12,,,,-3.571865205971211,0.0,0.0,,,0.6
CN(CCOc1ccc2c(c1)[nH]c1c(=O)n(C)ccc12)C1COC1,,,,-3.5900668766687054,0.9912260756924948,1.7986506454452689,,,1.5
CN1CC(COc2ccc3c(c2)[nH]c2c(=O)n(C)ccc23)C1,0.5710264960446539,0.980462616893962,,-3.576754126063192,0.255272505103306,1.5705429398818975,-5.184422251675732,0.4828735836087537,0.0
CN1CC[C@H](COc2ccc3c(c2)[nH]c2c(=O)n(C)ccc23)C1,,,,-3.612610173661271,0.9590413923210936,1.534026106056135,,,0.5
CN1CC[C@@H](COc2ccc3c(c2)[nH]c2c(=O)n(C)ccc23)C1,,,,,1.021189299069938,1.802089257881733,,,0.5
C[C@@H](COc1ccc2c(c1)[nH]c1c(=O)n(C)ccc12)N1CCCC1,,,,-3.603800652904264,0.2041199826559248,1.830588668685144,,,0.7
C[C@H](COc1ccc2c(c1)[nH]c1c(=O)n(C)ccc12)N1CCCC1,,,,-3.614393726401688,0.3424226808222063,1.7664128471123994,,,0.7
C[C@H](COc1ccc2c(c1)[nH]c1c(=O)n(C)ccc12)N1CCOCC1,,,,-3.617982957425132,1.1205739312058498,1.847572659142112,,,1.9
C[C@@H](COc1ccc2c(c1)[nH]c1c(=O)n(C)ccc12)N1CCOCC1,,,,-3.723538195826756,1.1702617153949575,1.8802417758954804,,,2.0
Cn1ccc2cc(-c3cccc(OCCN4CCCCC4)c3)[nH]c2c1=O,,,,-3.6020599913279625,0.8692317197309762,1.7993405494535817,,,2.3
Cn1ccc2cc(-c3ccc(OCCN4CCCCC4)cc3)[nH]c2c1=O,,,,-3.616184634019569,0.8864907251724818,1.4548448600085102,-4.573651426212493,-0.1249387366082999,2.1
CN(c1ccc2c(c1)[nH]c1c(=O)n(C)ccc12)C1CC2CCC(C1)N2,-0.0320027310861737,2.540017318126053,,-3.5346171485515816,,,,,0.4
Cn1ccc2c([nH]c3ccc(OCCN4CC5(COC5)C4)cc32)c1=O,,,,-3.6020599913279625,,,,,0.8
Cc1cn(C)c(=O)c2[nH]c3cc(OCCN4CCC(N(C)C)CC4)ccc3c12,1.614245614002204,2.897041625405272,2.0805670342015703,-3.707743928643524,0.414973347970818,1.1760912590556811,-5.503070351926785,0.6646419755561255,0.6
CN1CC(n2cc(-c3cc4ccn(C)c(=O)c4[nH]3)cn2)C1,,,,-3.609064892896621,,,,,1.2
Cn1ccc2c([nH]c3cc(NC4CC(C)(C)NC(C)(C)C4)ccc32)c1=O,0.7263327295455997,1.5320085568162445,,-3.617982957425132,0.3010299956639812,1.4828735836087537,-6.0,1.345765693114488,-0.4
CN1C(C)(C)CC(Nc2ccc3c(c2)[nH]c2c(=O)n(C)ccc23)CC1(C)C,0.6102595207541777,1.3701228431326715,,-3.612610173661271,0.0,1.0334237554869496,-5.000869458712629,0.5132176000679389,0.4
Cn1ccc2c([nH]c3c(F)c(NCCCCN4CCCCC4)ccc32)c1=O,0.7445957423959869,2.1730156485782284,2.633712581456377,-3.625251653989896,0.5314789170422551,0.6989700043360189,,,0.7
Cc1cn(C)c(=O)c2[nH]c3cc(OCCN4CCNC5(CC5)C4)ccc3c12,,,,-3.640164517660112,0.6232492903979004,1.790988475088816,,,1.2
COC1CN(CCOc2ccc3c(c2)[nH]c2c(=O)n(C)cc(C)c23)C1,,,,-3.617982957425132,0.0,1.92272545799326,,,1.7
Cc1c(OC[C@H](C)N2CCOCC2)ccc(-c2cc(C)c3ccncc3n2)c1N,,,,-4.735182176990463,2.250420002308894,3.108429708423466,,,3.2
Cc1c(OC[C@@H](C)N2CCOCC2)ccc(-c2cc(C)c3ccncc3n2)c1N,,,,-4.856985199745905,2.137670537236755,2.9540011676815703,,,3.2
Nc1c(-c2ccccn2)ccc2oc(CN3CCCCC3)cc12,,,,-3.627087997029893,,,,,2.6
Cc1ccnc(-c2ccc3oc(CN4CCCCC4)cc3c2N)c1,,,,-3.5466816599529625,,,,,2.9
Nc1cc(OCCCN2CCCCC2)ccc1-c1cc(-c2ccncc2)ccn1,,,,-3.6108339156354674,1.8887409606828929,2.53832233323144,,,1.8
CC(C)N1CC(Oc2ccc(-c3cnc4c(C#N)cnn4c3)cc2)C1,,,,-4.399027104313252,0.568201724066995,1.1702617153949575,,,1.9
Cc1nn2cc(-c3ccc(OCCN4CCCCC4)cc3)cnc2c1C#N,,,,-3.612610173661271,0.9294189257142929,1.8463371121298051,,,2.0
Cc1nn2cc(-c3ccc(OCCN4CCCCC4)cc3)cnc2c1Br,2.769405695679659,5.421741029569231,,,,2.082066934285113,-5.113509274827519,-0.0362121726544447,
N#Cc1ncn2cc(-c3ccc(OCCN4CCCCC4)cc3)ccc12,,,,-3.607303046740334,0.0,2.2105860249051563,,,2.3
Ic1cnc2sc(-c3ccc(OCCN4CCCCC4)cc3)nn12,3.705408756065146,5.444830984694502,,,,2.6058435390580894,-5.209714835966758,-0.1135092748275181,
Clc1nnc2ccc(-c3ccc(OCCN4CCCCC4)cc3)cn12,1.2598483443529955,1.63534107941186,,-3.636388020107856,0.0,1.7693773260761383,-4.526659035814065,0.1931245983544616,1.7
Clc1cc2ncc(-c3ccc(OCCN4CC5CCC(C4)O5)cc3)cn2n1,,,,-5.46344155742847,2.0729847446279304,2.5633624094866074,,,3.5
Clc1cc2ncc(-c3ccc(OCCN4CCCCC4)cc3)cn2n1,2.5123056239761152,4.517350401517084,,-4.015922966097169,0.8692317197309762,1.8976270912904412,-4.858550226599533,-0.0506099933550872,2.7
CC(C)c1cnn2cc(-c3ccc(OCCN4CCCCC4)cc3)cnc12,,,,-4.488116639021126,1.546542663478131,2.329804522164069,,,3.4
c1cc(-c2cnc3c(C4CCOCC4)cnn3c2)ccc1OCCN1CCCCC1,,,,-3.5816987086802548,2.1020905255118367,2.145817714491828,,,2.6
C1=C(c2cnn3cc(-c4ccc(OCCN5CCCCC5)cc4)cnc23)CCOC1,2.3634832752006427,4.795387319784828,,-4.939302159646388,,2.639087871083737,-5.006123085058789,0.0644579892269184,2.9
FC1(F)CN(c2cnn3cc(-c4ccc(OCCN5CCCCC5)cc4)cnc23)C1,1.7112627732596188,3.954919442548434,,-4.031517051446065,1.481442628502305,2.088136088700552,-4.709520186669327,-0.0268721464003013,2.5
Cc1nc(-c2ccn3nc(C(=O)NC4CCN(c5ccncc5)CC4)cc3n2)cs1,0.3763812135551304,1.8531796648035896,1.680721152653547,-4.823908740944319,0.8129133566428556,0.0,-4.739451627363021,0.2148438480476978,1.1
Cn1cnc(-c2ccc3cc(C(=O)NC4CCN(c5ccncc5)CC4)nn3c2)c1,,,,-4.262807357295263,0.0,0.6812412373755872,,,0.8
Cn1c(C(=O)NC2CCN(c3ccncc3)CC2)cc2cc(-n3ccnc3)cnc21,,,,-4.462180904926726,0.8061799739838872,1.3502480183341627,,,1.4
CNc1cnccc1N1CCC(NC(=O)c2cn3cc(-c4nnc(C)s4)ccc3n2)CC1,1.45652103905577,3.1832746838064465,2.247098920346459,-4.632644078973981,0.0,0.0,-5.241088107602026,0.846955325019824,2.2
Cc1nnc(-c2ccc3nc(C(=O)NC4CCN(c5ccncc5N(C)C)CC4)cn3c2)s1,1.2310368743174414,3.064396241929844,2.3970228627103225,-4.647817481888637,1.4563660331290431,2.5532760461371,-4.837734385701978,0.4517864355242902,2.6
Cc1nnc(-c2ccc3nc(C(=O)NC4CCN(c5ccncc5C(F)F)CC4)cn3c2)s1,,,,-5.51427857351842,2.1631613749770184,2.598133645813238,,,2.9
Cc1nnc(-c2ccc3nc(C(=O)NC4CCN(c5ccncc5F)CC4)cn3c2)s1,,,,-5.935542010773082,1.4828735836087537,1.8444771757456813,,,2.5
CNc1cnccc1N1CCC(NC(=O)c2cc3cc(-c4nnc(C)s4)ccn3n2)CC1,1.7424658226279148,3.3437629248957785,2.50083020578784,-5.623423042943488,1.6334684555795864,1.9703468762300933,-4.837734385701978,0.2855573090077737,2.4
Cc1nnc(-c2ccn3nc(C(=O)NC4CCN(c5ccncc5C(F)F)CC4)cc3c2)s1,,,,-6.455931955649724,1.998695158311656,2.381656482585787,,,3.2
Cn1cnc(-c2ccn3nc(C(=O)N[C@H]4CC[C@H](c5ccncc5)CC4)cc3c2)c1,,,,-6.0996328713435295,0.6334684555795865,0.9867717342662448,,,3.0
Cc1nnc(-c2ccc3c(c2)cc(C(=O)N[C@H]2CCN(c4ccncc4)C2)n3C)s1,1.361479192000166,3.954919442548434,2.885001345367801,-3.5590909179347823,0.5563025007672873,1.0374264979406236,-5.701146923590294,1.3178544893314692,1.4
Cc1nnc(-c2ccc3c(c2)cc(C(=O)N[C@@H]2CCN(c4ccncc4)C2)n3C)s1,,,,-3.5654310959658013,0.724275869600789,1.0374264979406236,,,1.4
Cc1nnc(-c2ccc3c(c2)cc(C(=O)NC2CCN(C(=O)c4ccncc4)CC2)n3C)s1,,,,-5.913640169325252,0.8388490907372553,2.0461047872460387,,,2.4
Cc1nnc(-c2ccc3cc(C(=O)NC4CCN(c5ccncc5)CC4)nn3c2)s1,0.0040000053333461,2.6894292652706797,1.8320015855064884,-3.686132779630847,0.4771212547196624,1.0253058652647702,-5.424812155072339,0.9745116927373284,0.8
Cc1nnc(-c2cnc3c(c2)cc(C(=O)NC2CCN(c4ccncc4F)CC2)n3C)s1,,,,-5.785156151952302,1.334453751150931,1.5921767573958667,,,3.2
Cc1nnc(-c2ccc3nc(C(=O)NC4CCN(c5ccncc5Cl)CC4)cn3c2)s1,,,,-6.795880017344075,1.809559714635268,2.0038911662369103,,,2.9
COc1cnccc1N1CCC(NC(=O)c2cc3cc(-c4cn(C)cn4)cnc3n2C)CC1,,,,-4.533132379645891,1.1139433523068367,1.599883072073688,,,2.4
Cc1nnc(-c2ccn3nc(C(=O)NC4CCN(c5ccncc5F)CC4)cc3c2)s1,,,,-6.046240308266771,1.996511672154179,1.7715874808812553,,,2.8
O=C1Cc2nccc(-c3ccc(OCCN4CCCCC4)cc3)c2N1,,,,-3.512861624522813,,,,,1.3
O=c1[nH]cnc2c(-c3ccc(OCCN4CCCCC4)cc3)cncc12,,,,-3.542118103266008,,,,,1.3
c1cc(-c2cncc3cn[nH]c23)ccc1OCCN1CCCCC1,0.2736958304770407,1.9449961766393524,,-3.580044251510242,,2.5327543789924976,-4.670805584911549,0.0043213737826425,1.9
COCC1Cn2ncc(-c3ccc(OCCN4CCCCC4)cc3)c2O1,,,,-3.6020599913279625,,,,,1.7
Cc1n[nH]c2cncc(-c3ccc(OCCN4CCCCC4)cc3)c12,,,,-3.552841968657781,,,,,2.5
Cc1ncc(-c2ccc(OCCN3CCCCC3)cc2)c2cc[nH]c12,,,,-3.563837352959244,,,,,2.2
N#Cc1ccnc2[nH]cc(-c3ccc(OCCN4CCCCC4)cc3)c12,,,,-3.5590909179347823,,,,,2.6
COc1ccnc2[nH]cc(-c3ccc(OCCN4CCCCC4)cc3)c12,,,,-3.9172146296835497,,,,,2.6
Cc1ncc2nccn2c1-c1ccc(OCCN2CCCCC2)cc1,,,,-3.607303046740334,,,,,1.9
Cc1cc(-c2ccc(OCCN3CCCCC3)cc2)c2cc[nH]c2n1,,,,-4.173925197299174,,,,,3.1
c1cn2c(-c3ccc(OCCN4CCCCC4)cc3)cnc2cn1,,,,-3.586700235918748,,,,,1.6
